Detecting adapter sequence for read1...
No adapter detected for read1

Detecting adapter sequence for read2...
No adapter detected for read2

Read1 before filtering:
total reads: 37906530
total bases: 5227253414
Q20 bases: 5163127452(98.7732%)
Q30 bases: 5024848057(96.1279%)

Read2 before filtering:
total reads: 37906530
total bases: 5227921522
Q20 bases: 5136660667(98.2544%)
Q30 bases: 4960667391(94.8879%)

Read1 after filtering:
total reads: 36470700
total bases: 4999558234
Q20 bases: 4961856692(99.2459%)
Q30 bases: 4862881477(97.2662%)

Read2 after filtering:
total reads: 36470700
total bases: 4993444640
Q20 bases: 4948611982(99.1022%)
Q30 bases: 4833736399(96.8016%)

Filtering result:
reads passed filter: 72941400
reads failed due to low quality: 23672
reads failed due to too many N: 0
reads failed due to too short: 2847988
reads with adapter trimmed: 35012
bases trimmed due to adapters: 2141011

Duplication rate: 5.5321%

Insert size peak (evaluated by paired-end reads): 150

JSON report: /lustre1/user/bjx131_pkuhpc/wes_run_full_20260920/0_fastq/OC/OC.fastp.json
HTML report: /lustre1/user/bjx131_pkuhpc/wes_run_full_20260920/0_fastq/OC/OC.fastp.html

fastp -i /lustre1/user/bjx131_pkuhpc/wes_run_full_20260920/0_fastq/OC_R1.fq.gz -I /lustre1/user/bjx131_pkuhpc/wes_run_full_20260920/0_fastq/OC_R2.fq.gz -o /lustre1/user/bjx131_pkuhpc/wes_run_full_20260920/0_fastq/OC_R1.clean.fq.gz -O /lustre1/user/bjx131_pkuhpc/wes_run_full_20260920/0_fastq/OC_R2.clean.fq.gz --detect_adapter_for_pe --cut_right --cut_right_window_size 4 --cut_right_mean_quality 20 --qualified_quality_phred 20 --unqualified_percent_limit 40 --n_base_limit 5 --length_required 50 --thread 8 --html /lustre1/user/bjx131_pkuhpc/wes_run_full_20260920/0_fastq/OC/OC.fastp.html --json /lustre1/user/bjx131_pkuhpc/wes_run_full_20260920/0_fastq/OC/OC.fastp.json 
fastp v0.23.2, time used: 123 seconds
[M::bwa_idx_load_from_disk] read 0 ALT contigs
[M::process] read 589758 sequences (80000146 bp)...
[M::process] read 586096 sequences (80000050 bp)...
[M::mem_pestat] # candidate unique pairs for (FF, FR, RF, RR): (1, 227520, 0, 4)
[M::mem_pestat] skip orientation FF as there are not enough pairs
[M::mem_pestat] analyzing insert size distribution for orientation FR...
[M::mem_pestat] (25, 50, 75) percentile: (119, 153, 198)
[M::mem_pestat] low and high boundaries for computing mean and std.dev: (1, 356)
[M::mem_pestat] mean and std.dev: (161.61, 59.00)
[M::mem_pestat] low and high boundaries for proper pairs: (1, 435)
[M::mem_pestat] skip orientation RF as there are not enough pairs
[M::mem_pestat] skip orientation RR as there are not enough pairs
[M::mem_process_seqs] Processed 589758 reads in 113.517 CPU sec, 14.377 real sec
[M::process] read 583950 sequences (80000111 bp)...
[M::mem_pestat] # candidate unique pairs for (FF, FR, RF, RR): (0, 223487, 4, 0)
[M::mem_pestat] skip orientation FF as there are not enough pairs
[M::mem_pestat] analyzing insert size distribution for orientation FR...
[M::mem_pestat] (25, 50, 75) percentile: (120, 155, 201)
[M::mem_pestat] low and high boundaries for computing mean and std.dev: (1, 363)
[M::mem_pestat] mean and std.dev: (164.21, 60.10)
[M::mem_pestat] low and high boundaries for proper pairs: (1, 444)
[M::mem_pestat] skip orientation RF as there are not enough pairs
[M::mem_pestat] skip orientation RR as there are not enough pairs
[M::mem_process_seqs] Processed 586096 reads in 111.310 CPU sec, 13.963 real sec
[M::process] read 581516 sequences (80000149 bp)...
[M::mem_pestat] # candidate unique pairs for (FF, FR, RF, RR): (2, 221767, 0, 1)
[M::mem_pestat] skip orientation FF as there are not enough pairs
[M::mem_pestat] analyzing insert size distribution for orientation FR...
[M::mem_pestat] (25, 50, 75) percentile: (122, 157, 204)
[M::mem_pestat] low and high boundaries for computing mean and std.dev: (1, 368)
[M::mem_pestat] mean and std.dev: (166.26, 60.76)
[M::mem_pestat] low and high boundaries for proper pairs: (1, 450)
[M::mem_pestat] skip orientation RF as there are not enough pairs
[M::mem_pestat] skip orientation RR as there are not enough pairs
[M::mem_process_seqs] Processed 583950 reads in 115.223 CPU sec, 14.578 real sec
[M::process] read 577624 sequences (80000029 bp)...
[M::mem_pestat] # candidate unique pairs for (FF, FR, RF, RR): (1, 219370, 1, 3)
[M::mem_pestat] skip orientation FF as there are not enough pairs
[M::mem_pestat] analyzing insert size distribution for orientation FR...
[M::mem_pestat] (25, 50, 75) percentile: (123, 159, 207)
[M::mem_pestat] low and high boundaries for computing mean and std.dev: (1, 375)
[M::mem_pestat] mean and std.dev: (168.56, 62.06)
[M::mem_pestat] low and high boundaries for proper pairs: (1, 459)
[M::mem_pestat] skip orientation RF as there are not enough pairs
[M::mem_pestat] skip orientation RR as there are not enough pairs
[M::mem_process_seqs] Processed 581516 reads in 120.422 CPU sec, 15.121 real sec
[M::process] read 577162 sequences (80000157 bp)...
[M::mem_pestat] # candidate unique pairs for (FF, FR, RF, RR): (4, 214633, 0, 0)
[M::mem_pestat] skip orientation FF as there are not enough pairs
[M::mem_pestat] analyzing insert size distribution for orientation FR...
[M::mem_pestat] (25, 50, 75) percentile: (125, 161, 210)
[M::mem_pestat] low and high boundaries for computing mean and std.dev: (1, 380)
[M::mem_pestat] mean and std.dev: (171.08, 63.29)
[M::mem_pestat] low and high boundaries for proper pairs: (1, 465)
[M::mem_pestat] skip orientation RF as there are not enough pairs
[M::mem_pestat] skip orientation RR as there are not enough pairs
[M::mem_process_seqs] Processed 577624 reads in 119.860 CPU sec, 15.068 real sec
[M::process] read 576722 sequences (80000295 bp)...
[M::mem_pestat] # candidate unique pairs for (FF, FR, RF, RR): (1, 213699, 0, 3)
[M::mem_pestat] skip orientation FF as there are not enough pairs
[M::mem_pestat] analyzing insert size distribution for orientation FR...
[M::mem_pestat] (25, 50, 75) percentile: (125, 162, 211)
[M::mem_pestat] low and high boundaries for computing mean and std.dev: (1, 383)
[M::mem_pestat] mean and std.dev: (171.68, 63.74)
[M::mem_pestat] low and high boundaries for proper pairs: (1, 469)
[M::mem_pestat] skip orientation RF as there are not enough pairs
[M::mem_pestat] skip orientation RR as there are not enough pairs
[M::mem_process_seqs] Processed 577162 reads in 123.106 CPU sec, 15.379 real sec
[M::process] read 586730 sequences (80000058 bp)...
[M::mem_pestat] # candidate unique pairs for (FF, FR, RF, RR): (2, 212801, 4, 1)
[M::mem_pestat] skip orientation FF as there are not enough pairs
[M::mem_pestat] analyzing insert size distribution for orientation FR...
[M::mem_pestat] (25, 50, 75) percentile: (126, 162, 213)
[M::mem_pestat] low and high boundaries for computing mean and std.dev: (1, 387)
[M::mem_pestat] mean and std.dev: (172.79, 64.84)
[M::mem_pestat] low and high boundaries for proper pairs: (1, 474)
[M::mem_pestat] skip orientation RF as there are not enough pairs
[M::mem_pestat] skip orientation RR as there are not enough pairs
[M::mem_process_seqs] Processed 576722 reads in 114.662 CPU sec, 14.467 real sec
[M::process] read 586218 sequences (80000086 bp)...
[M::mem_pestat] # candidate unique pairs for (FF, FR, RF, RR): (0, 222918, 2, 0)
[M::mem_pestat] skip orientation FF as there are not enough pairs
[M::mem_pestat] analyzing insert size distribution for orientation FR...
[M::mem_pestat] (25, 50, 75) percentile: (120, 155, 203)
[M::mem_pestat] low and high boundaries for computing mean and std.dev: (1, 369)
[M::mem_pestat] mean and std.dev: (164.87, 61.26)
[M::mem_pestat] low and high boundaries for proper pairs: (1, 452)
[M::mem_pestat] skip orientation RF as there are not enough pairs
[M::mem_pestat] skip orientation RR as there are not enough pairs
[M::mem_process_seqs] Processed 586730 reads in 118.078 CPU sec, 14.805 real sec
[M::process] read 583946 sequences (80000004 bp)...
[M::mem_pestat] # candidate unique pairs for (FF, FR, RF, RR): (1, 224313, 0, 0)
[M::mem_pestat] skip orientation FF as there are not enough pairs
[M::mem_pestat] analyzing insert size distribution for orientation FR...
[M::mem_pestat] (25, 50, 75) percentile: (120, 155, 201)
[M::mem_pestat] low and high boundaries for computing mean and std.dev: (1, 363)
[M::mem_pestat] mean and std.dev: (164.00, 59.94)
[M::mem_pestat] low and high boundaries for proper pairs: (1, 444)
[M::mem_pestat] skip orientation RF as there are not enough pairs
[M::mem_pestat] skip orientation RR as there are not enough pairs
[M::mem_process_seqs] Processed 586218 reads in 115.288 CPU sec, 14.457 real sec
[M::process] read 586978 sequences (80000064 bp)...
[M::mem_pestat] # candidate unique pairs for (FF, FR, RF, RR): (1, 222776, 1, 2)
[M::mem_pestat] skip orientation FF as there are not enough pairs
[M::mem_pestat] analyzing insert size distribution for orientation FR...
[M::mem_pestat] (25, 50, 75) percentile: (122, 156, 203)
[M::mem_pestat] low and high boundaries for computing mean and std.dev: (1, 365)
[M::mem_pestat] mean and std.dev: (165.51, 60.44)
[M::mem_pestat] low and high boundaries for proper pairs: (1, 446)
[M::mem_pestat] skip orientation RF as there are not enough pairs
[M::mem_pestat] skip orientation RR as there are not enough pairs
[M::mem_process_seqs] Processed 583946 reads in 115.412 CPU sec, 14.364 real sec
[M::process] read 578074 sequences (80000060 bp)...
[M::mem_pestat] # candidate unique pairs for (FF, FR, RF, RR): (0, 223815, 0, 1)
[M::mem_pestat] skip orientation FF as there are not enough pairs
[M::mem_pestat] analyzing insert size distribution for orientation FR...
[M::mem_pestat] (25, 50, 75) percentile: (122, 157, 203)
[M::mem_pestat] low and high boundaries for computing mean and std.dev: (1, 365)
[M::mem_pestat] mean and std.dev: (165.76, 60.33)
[M::mem_pestat] low and high boundaries for proper pairs: (1, 446)
[M::mem_pestat] skip orientation RF as there are not enough pairs
[M::mem_pestat] skip orientation RR as there are not enough pairs
[M::mem_process_seqs] Processed 586978 reads in 112.165 CPU sec, 14.061 real sec
[M::process] read 577630 sequences (80000209 bp)...
[M::mem_pestat] # candidate unique pairs for (FF, FR, RF, RR): (3, 214055, 2, 0)
[M::mem_pestat] skip orientation FF as there are not enough pairs
[M::mem_pestat] analyzing insert size distribution for orientation FR...
[M::mem_pestat] (25, 50, 75) percentile: (125, 161, 211)
[M::mem_pestat] low and high boundaries for computing mean and std.dev: (1, 383)
[M::mem_pestat] mean and std.dev: (171.46, 63.98)
[M::mem_pestat] low and high boundaries for proper pairs: (1, 469)
[M::mem_pestat] skip orientation RF as there are not enough pairs
[M::mem_pestat] skip orientation RR as there are not enough pairs
[M::mem_process_seqs] Processed 578074 reads in 119.396 CPU sec, 15.023 real sec
[M::process] read 579552 sequences (80000148 bp)...
[M::mem_pestat] # candidate unique pairs for (FF, FR, RF, RR): (5, 212931, 0, 1)
[M::mem_pestat] skip orientation FF as there are not enough pairs
[M::mem_pestat] analyzing insert size distribution for orientation FR...
[M::mem_pestat] (25, 50, 75) percentile: (125, 162, 212)
[M::mem_pestat] low and high boundaries for computing mean and std.dev: (1, 386)
[M::mem_pestat] mean and std.dev: (172.04, 64.71)
[M::mem_pestat] low and high boundaries for proper pairs: (1, 473)
[M::mem_pestat] skip orientation RF as there are not enough pairs
[M::mem_pestat] skip orientation RR as there are not enough pairs
[M::mem_process_seqs] Processed 577630 reads in 121.581 CPU sec, 15.257 real sec
[M::process] read 589082 sequences (80000199 bp)...
[M::mem_pestat] # candidate unique pairs for (FF, FR, RF, RR): (1, 215018, 2, 3)
[M::mem_pestat] skip orientation FF as there are not enough pairs
[M::mem_pestat] analyzing insert size distribution for orientation FR...
[M::mem_pestat] (25, 50, 75) percentile: (124, 160, 209)
[M::mem_pestat] low and high boundaries for computing mean and std.dev: (1, 379)
[M::mem_pestat] mean and std.dev: (170.01, 63.60)
[M::mem_pestat] low and high boundaries for proper pairs: (1, 464)
[M::mem_pestat] skip orientation RF as there are not enough pairs
[M::mem_pestat] skip orientation RR as there are not enough pairs
[M::mem_process_seqs] Processed 579552 reads in 118.050 CPU sec, 14.853 real sec
[M::process] read 584968 sequences (80000056 bp)...
[M::mem_pestat] # candidate unique pairs for (FF, FR, RF, RR): (0, 224903, 1, 1)
[M::mem_pestat] skip orientation FF as there are not enough pairs
[M::mem_pestat] analyzing insert size distribution for orientation FR...
[M::mem_pestat] (25, 50, 75) percentile: (119, 153, 200)
[M::mem_pestat] low and high boundaries for computing mean and std.dev: (1, 362)
[M::mem_pestat] mean and std.dev: (162.77, 60.31)
[M::mem_pestat] low and high boundaries for proper pairs: (1, 443)
[M::mem_pestat] skip orientation RF as there are not enough pairs
[M::mem_pestat] skip orientation RR as there are not enough pairs
[M::mem_process_seqs] Processed 589082 reads in 117.606 CPU sec, 14.844 real sec
[M::process] read 584004 sequences (80000190 bp)...
[M::mem_pestat] # candidate unique pairs for (FF, FR, RF, RR): (2, 222558, 0, 4)
[M::mem_pestat] skip orientation FF as there are not enough pairs
[M::mem_pestat] analyzing insert size distribution for orientation FR...
[M::mem_pestat] (25, 50, 75) percentile: (121, 156, 202)
[M::mem_pestat] low and high boundaries for computing mean and std.dev: (1, 364)
[M::mem_pestat] mean and std.dev: (165.03, 60.47)
[M::mem_pestat] low and high boundaries for proper pairs: (1, 445)
[M::mem_pestat] skip orientation RF as there are not enough pairs
[M::mem_pestat] skip orientation RR as there are not enough pairs
[M::mem_process_seqs] Processed 584968 reads in 115.835 CPU sec, 14.521 real sec
[M::process] read 583418 sequences (80000064 bp)...
[M::mem_pestat] # candidate unique pairs for (FF, FR, RF, RR): (2, 222948, 2, 1)
[M::mem_pestat] skip orientation FF as there are not enough pairs
[M::mem_pestat] analyzing insert size distribution for orientation FR...
[M::mem_pestat] (25, 50, 75) percentile: (122, 156, 203)
[M::mem_pestat] low and high boundaries for computing mean and std.dev: (1, 365)
[M::mem_pestat] mean and std.dev: (165.46, 60.42)
[M::mem_pestat] low and high boundaries for proper pairs: (1, 446)
[M::mem_pestat] skip orientation RF as there are not enough pairs
[M::mem_pestat] skip orientation RR as there are not enough pairs
[M::mem_process_seqs] Processed 584004 reads in 118.627 CPU sec, 14.954 real sec
[M::process] read 579100 sequences (80000154 bp)...
[M::mem_pestat] # candidate unique pairs for (FF, FR, RF, RR): (1, 223398, 1, 0)
[M::mem_pestat] skip orientation FF as there are not enough pairs
[M::mem_pestat] analyzing insert size distribution for orientation FR...
[M::mem_pestat] (25, 50, 75) percentile: (122, 157, 202)
[M::mem_pestat] low and high boundaries for computing mean and std.dev: (1, 362)
[M::mem_pestat] mean and std.dev: (165.45, 59.63)
[M::mem_pestat] low and high boundaries for proper pairs: (1, 442)
[M::mem_pestat] skip orientation RF as there are not enough pairs
[M::mem_pestat] skip orientation RR as there are not enough pairs
[M::mem_process_seqs] Processed 583418 reads in 116.090 CPU sec, 14.604 real sec
[M::process] read 577270 sequences (80000186 bp)...
[M::mem_pestat] # candidate unique pairs for (FF, FR, RF, RR): (0, 217317, 3, 0)
[M::mem_pestat] skip orientation FF as there are not enough pairs
[M::mem_pestat] analyzing insert size distribution for orientation FR...
[M::mem_pestat] (25, 50, 75) percentile: (124, 160, 209)
[M::mem_pestat] low and high boundaries for computing mean and std.dev: (1, 379)
[M::mem_pestat] mean and std.dev: (169.95, 62.77)
[M::mem_pestat] low and high boundaries for proper pairs: (1, 464)
[M::mem_pestat] skip orientation RF as there are not enough pairs
[M::mem_pestat] skip orientation RR as there are not enough pairs
[M::mem_process_seqs] Processed 579100 reads in 118.540 CPU sec, 14.874 real sec
[M::process] read 577288 sequences (80000097 bp)...
[M::mem_pestat] # candidate unique pairs for (FF, FR, RF, RR): (2, 214202, 2, 0)
[M::mem_pestat] skip orientation FF as there are not enough pairs
[M::mem_pestat] analyzing insert size distribution for orientation FR...
[M::mem_pestat] (25, 50, 75) percentile: (125, 161, 210)
[M::mem_pestat] low and high boundaries for computing mean and std.dev: (1, 380)
[M::mem_pestat] mean and std.dev: (171.21, 63.20)
[M::mem_pestat] low and high boundaries for proper pairs: (1, 465)
[M::mem_pestat] skip orientation RF as there are not enough pairs
[M::mem_pestat] skip orientation RR as there are not enough pairs
[M::mem_process_seqs] Processed 577270 reads in 121.021 CPU sec, 15.213 real sec
[M::process] read 580018 sequences (80000290 bp)...
[M::mem_pestat] # candidate unique pairs for (FF, FR, RF, RR): (0, 214590, 2, 0)
[M::mem_pestat] skip orientation FF as there are not enough pairs
[M::mem_pestat] analyzing insert size distribution for orientation FR...
[M::mem_pestat] (25, 50, 75) percentile: (125, 161, 210)
[M::mem_pestat] low and high boundaries for computing mean and std.dev: (1, 380)
[M::mem_pestat] mean and std.dev: (171.19, 63.18)
[M::mem_pestat] low and high boundaries for proper pairs: (1, 465)
[M::mem_pestat] skip orientation RF as there are not enough pairs
[M::mem_pestat] skip orientation RR as there are not enough pairs
[M::mem_process_seqs] Processed 577288 reads in 118.988 CPU sec, 14.942 real sec
[M::process] read 589082 sequences (80000037 bp)...
[M::mem_pestat] # candidate unique pairs for (FF, FR, RF, RR): (0, 215210, 3, 1)
[M::mem_pestat] skip orientation FF as there are not enough pairs
[M::mem_pestat] analyzing insert size distribution for orientation FR...
[M::mem_pestat] (25, 50, 75) percentile: (124, 160, 209)
[M::mem_pestat] low and high boundaries for computing mean and std.dev: (1, 379)
[M::mem_pestat] mean and std.dev: (169.76, 63.53)
[M::mem_pestat] low and high boundaries for proper pairs: (1, 464)
[M::mem_pestat] skip orientation RF as there are not enough pairs
[M::mem_pestat] skip orientation RR as there are not enough pairs
[M::mem_process_seqs] Processed 580018 reads in 118.634 CPU sec, 14.877 real sec
[M::process] read 586134 sequences (80000243 bp)...
[M::mem_pestat] # candidate unique pairs for (FF, FR, RF, RR): (1, 227254, 2, 2)
[M::mem_pestat] skip orientation FF as there are not enough pairs
[M::mem_pestat] analyzing insert size distribution for orientation FR...
[M::mem_pestat] (25, 50, 75) percentile: (119, 153, 198)
[M::mem_pestat] low and high boundaries for computing mean and std.dev: (1, 356)
[M::mem_pestat] mean and std.dev: (162.00, 58.70)
[M::mem_pestat] low and high boundaries for proper pairs: (1, 435)
[M::mem_pestat] skip orientation RF as there are not enough pairs
[M::mem_pestat] skip orientation RR as there are not enough pairs
[M::mem_process_seqs] Processed 589082 reads in 117.087 CPU sec, 14.708 real sec
[M::process] read 582714 sequences (80000042 bp)...
[M::mem_pestat] # candidate unique pairs for (FF, FR, RF, RR): (1, 224285, 1, 0)
[M::mem_pestat] skip orientation FF as there are not enough pairs
[M::mem_pestat] analyzing insert size distribution for orientation FR...
[M::mem_pestat] (25, 50, 75) percentile: (120, 154, 201)
[M::mem_pestat] low and high boundaries for computing mean and std.dev: (1, 363)
[M::mem_pestat] mean and std.dev: (163.85, 59.79)
[M::mem_pestat] low and high boundaries for proper pairs: (1, 444)
[M::mem_pestat] skip orientation RF as there are not enough pairs
[M::mem_pestat] skip orientation RR as there are not enough pairs
[M::mem_process_seqs] Processed 586134 reads in 114.899 CPU sec, 14.318 real sec
[M::process] read 581302 sequences (80000041 bp)...
[M::mem_pestat] # candidate unique pairs for (FF, FR, RF, RR): (1, 221638, 1, 0)
[M::mem_pestat] skip orientation FF as there are not enough pairs
[M::mem_pestat] analyzing insert size distribution for orientation FR...
[M::mem_pestat] (25, 50, 75) percentile: (122, 157, 203)
[M::mem_pestat] low and high boundaries for computing mean and std.dev: (1, 365)
[M::mem_pestat] mean and std.dev: (166.05, 60.40)
[M::mem_pestat] low and high boundaries for proper pairs: (1, 446)
[M::mem_pestat] skip orientation RF as there are not enough pairs
[M::mem_pestat] skip orientation RR as there are not enough pairs
[M::mem_process_seqs] Processed 582714 reads in 117.362 CPU sec, 14.759 real sec
[M::process] read 578152 sequences (80000188 bp)...
[M::mem_pestat] # candidate unique pairs for (FF, FR, RF, RR): (0, 220698, 0, 2)
[M::mem_pestat] skip orientation FF as there are not enough pairs
[M::mem_pestat] analyzing insert size distribution for orientation FR...
[M::mem_pestat] (25, 50, 75) percentile: (123, 159, 206)
[M::mem_pestat] low and high boundaries for computing mean and std.dev: (1, 372)
[M::mem_pestat] mean and std.dev: (167.88, 61.48)
[M::mem_pestat] low and high boundaries for proper pairs: (1, 455)
[M::mem_pestat] skip orientation RF as there are not enough pairs
[M::mem_pestat] skip orientation RR as there are not enough pairs
[M::mem_process_seqs] Processed 581302 reads in 115.339 CPU sec, 14.463 real sec
[M::process] read 576324 sequences (80000119 bp)...
[M::mem_pestat] # candidate unique pairs for (FF, FR, RF, RR): (0, 215383, 4, 0)
[M::mem_pestat] skip orientation FF as there are not enough pairs
[M::mem_pestat] analyzing insert size distribution for orientation FR...
[M::mem_pestat] (25, 50, 75) percentile: (125, 162, 211)
[M::mem_pestat] low and high boundaries for computing mean and std.dev: (1, 383)
[M::mem_pestat] mean and std.dev: (171.52, 63.92)
[M::mem_pestat] low and high boundaries for proper pairs: (1, 469)
[M::mem_pestat] skip orientation RF as there are not enough pairs
[M::mem_pestat] skip orientation RR as there are not enough pairs
[M::mem_process_seqs] Processed 578152 reads in 120.771 CPU sec, 15.168 real sec
[M::process] read 577310 sequences (80000146 bp)...
[M::mem_pestat] # candidate unique pairs for (FF, FR, RF, RR): (0, 212311, 0, 4)
[M::mem_pestat] skip orientation FF as there are not enough pairs
[M::mem_pestat] analyzing insert size distribution for orientation FR...
[M::mem_pestat] (25, 50, 75) percentile: (126, 163, 212)
[M::mem_pestat] low and high boundaries for computing mean and std.dev: (1, 384)
[M::mem_pestat] mean and std.dev: (172.57, 64.25)
[M::mem_pestat] low and high boundaries for proper pairs: (1, 470)
[M::mem_pestat] skip orientation RF as there are not enough pairs
[M::mem_pestat] skip orientation RR as there are not enough pairs
[M::mem_process_seqs] Processed 576324 reads in 119.254 CPU sec, 14.925 real sec
[M::process] read 582940 sequences (80000070 bp)...
[M::mem_pestat] # candidate unique pairs for (FF, FR, RF, RR): (1, 212534, 2, 0)
[M::mem_pestat] skip orientation FF as there are not enough pairs
[M::mem_pestat] analyzing insert size distribution for orientation FR...
[M::mem_pestat] (25, 50, 75) percentile: (125, 162, 212)
[M::mem_pestat] low and high boundaries for computing mean and std.dev: (1, 386)
[M::mem_pestat] mean and std.dev: (172.46, 64.98)
[M::mem_pestat] low and high boundaries for proper pairs: (1, 473)
[M::mem_pestat] skip orientation RF as there are not enough pairs
[M::mem_pestat] skip orientation RR as there are not enough pairs
[M::mem_process_seqs] Processed 577310 reads in 123.250 CPU sec, 15.452 real sec
[M::process] read 590728 sequences (80000282 bp)...
[M::mem_pestat] # candidate unique pairs for (FF, FR, RF, RR): (1, 217686, 1, 2)
[M::mem_pestat] skip orientation FF as there are not enough pairs
[M::mem_pestat] analyzing insert size distribution for orientation FR...
[M::mem_pestat] (25, 50, 75) percentile: (122, 158, 208)
[M::mem_pestat] low and high boundaries for computing mean and std.dev: (1, 380)
[M::mem_pestat] mean and std.dev: (168.35, 63.70)
[M::mem_pestat] low and high boundaries for proper pairs: (1, 466)
[M::mem_pestat] skip orientation RF as there are not enough pairs
[M::mem_pestat] skip orientation RR as there are not enough pairs
[M::mem_process_seqs] Processed 582940 reads in 122.046 CPU sec, 15.378 real sec
[M::process] read 588334 sequences (80000104 bp)...
[M::mem_pestat] # candidate unique pairs for (FF, FR, RF, RR): (1, 227616, 0, 0)
[M::mem_pestat] skip orientation FF as there are not enough pairs
[M::mem_pestat] analyzing insert size distribution for orientation FR...
[M::mem_pestat] (25, 50, 75) percentile: (118, 152, 197)
[M::mem_pestat] low and high boundaries for computing mean and std.dev: (1, 355)
[M::mem_pestat] mean and std.dev: (160.87, 59.01)
[M::mem_pestat] low and high boundaries for proper pairs: (1, 434)
[M::mem_pestat] skip orientation RF as there are not enough pairs
[M::mem_pestat] skip orientation RR as there are not enough pairs
[M::mem_process_seqs] Processed 590728 reads in 113.108 CPU sec, 14.227 real sec
[M::process] read 584294 sequences (80000025 bp)...
[M::mem_pestat] # candidate unique pairs for (FF, FR, RF, RR): (1, 225434, 5, 0)
[M::mem_pestat] skip orientation FF as there are not enough pairs
[M::mem_pestat] analyzing insert size distribution for orientation FR...
[M::mem_pestat] (25, 50, 75) percentile: (119, 153, 199)
[M::mem_pestat] low and high boundaries for computing mean and std.dev: (1, 359)
[M::mem_pestat] mean and std.dev: (162.47, 59.75)
[M::mem_pestat] low and high boundaries for proper pairs: (1, 439)
[M::mem_pestat] skip orientation RF as there are not enough pairs
[M::mem_pestat] skip orientation RR as there are not enough pairs
[M::mem_process_seqs] Processed 588334 reads in 113.726 CPU sec, 14.268 real sec
[M::process] read 579978 sequences (80000261 bp)...
[M::mem_pestat] # candidate unique pairs for (FF, FR, RF, RR): (0, 221277, 3, 0)
[M::mem_pestat] skip orientation FF as there are not enough pairs
[M::mem_pestat] analyzing insert size distribution for orientation FR...
[M::mem_pestat] (25, 50, 75) percentile: (121, 157, 205)
[M::mem_pestat] low and high boundaries for computing mean and std.dev: (1, 373)
[M::mem_pestat] mean and std.dev: (166.50, 62.31)
[M::mem_pestat] low and high boundaries for proper pairs: (1, 457)
[M::mem_pestat] skip orientation RF as there are not enough pairs
[M::mem_pestat] skip orientation RR as there are not enough pairs
[M::mem_process_seqs] Processed 584294 reads in 115.955 CPU sec, 14.527 real sec
[M::process] read 577564 sequences (80000057 bp)...
[M::mem_pestat] # candidate unique pairs for (FF, FR, RF, RR): (2, 216377, 1, 3)
[M::mem_pestat] skip orientation FF as there are not enough pairs
[M::mem_pestat] analyzing insert size distribution for orientation FR...
[M::mem_pestat] (25, 50, 75) percentile: (124, 160, 210)
[M::mem_pestat] low and high boundaries for computing mean and std.dev: (1, 382)
[M::mem_pestat] mean and std.dev: (170.26, 63.97)
[M::mem_pestat] low and high boundaries for proper pairs: (1, 468)
[M::mem_pestat] skip orientation RF as there are not enough pairs
[M::mem_pestat] skip orientation RR as there are not enough pairs
[M::mem_process_seqs] Processed 579978 reads in 117.657 CPU sec, 14.666 real sec
[M::process] read 578518 sequences (80000230 bp)...
[M::mem_pestat] # candidate unique pairs for (FF, FR, RF, RR): (2, 212564, 0, 2)
[M::mem_pestat] skip orientation FF as there are not enough pairs
[M::mem_pestat] analyzing insert size distribution for orientation FR...
[M::mem_pestat] (25, 50, 75) percentile: (125, 161, 212)
[M::mem_pestat] low and high boundaries for computing mean and std.dev: (1, 386)
[M::mem_pestat] mean and std.dev: (171.95, 64.95)
[M::mem_pestat] low and high boundaries for proper pairs: (1, 473)
[M::mem_pestat] skip orientation RF as there are not enough pairs
[M::mem_pestat] skip orientation RR as there are not enough pairs
[M::mem_process_seqs] Processed 577564 reads in 121.969 CPU sec, 15.436 real sec
[M::process] read 586328 sequences (80000099 bp)...
[M::mem_pestat] # candidate unique pairs for (FF, FR, RF, RR): (2, 212522, 1, 1)
[M::mem_pestat] skip orientation FF as there are not enough pairs
[M::mem_pestat] analyzing insert size distribution for orientation FR...
[M::mem_pestat] (25, 50, 75) percentile: (124, 161, 212)
[M::mem_pestat] low and high boundaries for computing mean and std.dev: (1, 388)
[M::mem_pestat] mean and std.dev: (172.03, 65.57)
[M::mem_pestat] low and high boundaries for proper pairs: (1, 476)
[M::mem_pestat] skip orientation RF as there are not enough pairs
[M::mem_pestat] skip orientation RR as there are not enough pairs
[M::mem_process_seqs] Processed 578518 reads in 123.333 CPU sec, 15.372 real sec
[M::process] read 590736 sequences (80000134 bp)...
[M::mem_pestat] # candidate unique pairs for (FF, FR, RF, RR): (1, 218950, 3, 3)
[M::mem_pestat] skip orientation FF as there are not enough pairs
[M::mem_pestat] analyzing insert size distribution for orientation FR...
[M::mem_pestat] (25, 50, 75) percentile: (120, 155, 205)
[M::mem_pestat] low and high boundaries for computing mean and std.dev: (1, 375)
[M::mem_pestat] mean and std.dev: (165.99, 63.43)
[M::mem_pestat] low and high boundaries for proper pairs: (1, 460)
[M::mem_pestat] skip orientation RF as there are not enough pairs
[M::mem_pestat] skip orientation RR as there are not enough pairs
[M::mem_process_seqs] Processed 586328 reads in 120.488 CPU sec, 15.197 real sec
[M::process] read 586804 sequences (80000017 bp)...
[M::mem_pestat] # candidate unique pairs for (FF, FR, RF, RR): (0, 227686, 0, 2)
[M::mem_pestat] skip orientation FF as there are not enough pairs
[M::mem_pestat] analyzing insert size distribution for orientation FR...
[M::mem_pestat] (25, 50, 75) percentile: (118, 152, 198)
[M::mem_pestat] low and high boundaries for computing mean and std.dev: (1, 358)
[M::mem_pestat] mean and std.dev: (161.35, 59.43)
[M::mem_pestat] low and high boundaries for proper pairs: (1, 438)
[M::mem_pestat] skip orientation RF as there are not enough pairs
[M::mem_pestat] skip orientation RR as there are not enough pairs
[M::mem_process_seqs] Processed 590736 reads in 113.677 CPU sec, 14.193 real sec
[M::process] read 583088 sequences (80000245 bp)...
[M::mem_pestat] # candidate unique pairs for (FF, FR, RF, RR): (0, 223752, 1, 1)
[M::mem_pestat] skip orientation FF as there are not enough pairs
[M::mem_pestat] analyzing insert size distribution for orientation FR...
[M::mem_pestat] (25, 50, 75) percentile: (120, 155, 202)
[M::mem_pestat] low and high boundaries for computing mean and std.dev: (1, 366)
[M::mem_pestat] mean and std.dev: (164.22, 60.98)
[M::mem_pestat] low and high boundaries for proper pairs: (1, 448)
[M::mem_pestat] skip orientation RF as there are not enough pairs
[M::mem_pestat] skip orientation RR as there are not enough pairs
[M::mem_process_seqs] Processed 586804 reads in 112.368 CPU sec, 14.073 real sec
[M::process] read 579842 sequences (80000185 bp)...
[M::mem_pestat] # candidate unique pairs for (FF, FR, RF, RR): (3, 219873, 1, 0)
[M::mem_pestat] skip orientation FF as there are not enough pairs
[M::mem_pestat] analyzing insert size distribution for orientation FR...
[M::mem_pestat] (25, 50, 75) percentile: (122, 158, 207)
[M::mem_pestat] low and high boundaries for computing mean and std.dev: (1, 377)
[M::mem_pestat] mean and std.dev: (168.03, 63.14)
[M::mem_pestat] low and high boundaries for proper pairs: (1, 462)
[M::mem_pestat] skip orientation RF as there are not enough pairs
[M::mem_pestat] skip orientation RR as there are not enough pairs
[M::mem_process_seqs] Processed 583088 reads in 124.191 CPU sec, 15.587 real sec
[M::process] read 578334 sequences (80000141 bp)...
[M::mem_pestat] # candidate unique pairs for (FF, FR, RF, RR): (1, 215550, 2, 2)
[M::mem_pestat] skip orientation FF as there are not enough pairs
[M::mem_pestat] analyzing insert size distribution for orientation FR...
[M::mem_pestat] (25, 50, 75) percentile: (123, 160, 209)
[M::mem_pestat] low and high boundaries for computing mean and std.dev: (1, 381)
[M::mem_pestat] mean and std.dev: (170.10, 64.07)
[M::mem_pestat] low and high boundaries for proper pairs: (1, 467)
[M::mem_pestat] skip orientation RF as there are not enough pairs
[M::mem_pestat] skip orientation RR as there are not enough pairs
[M::mem_process_seqs] Processed 579842 reads in 123.416 CPU sec, 15.453 real sec
[M::process] read 578952 sequences (80000207 bp)...
[M::mem_pestat] # candidate unique pairs for (FF, FR, RF, RR): (4, 213576, 0, 0)
[M::mem_pestat] skip orientation FF as there are not enough pairs
[M::mem_pestat] analyzing insert size distribution for orientation FR...
[M::mem_pestat] (25, 50, 75) percentile: (124, 161, 211)
[M::mem_pestat] low and high boundaries for computing mean and std.dev: (1, 385)
[M::mem_pestat] mean and std.dev: (171.33, 64.61)
[M::mem_pestat] low and high boundaries for proper pairs: (1, 472)
[M::mem_pestat] skip orientation RF as there are not enough pairs
[M::mem_pestat] skip orientation RR as there are not enough pairs
[M::mem_process_seqs] Processed 578334 reads in 119.885 CPU sec, 14.996 real sec
[M::process] read 589278 sequences (80000078 bp)...
[M::mem_pestat] # candidate unique pairs for (FF, FR, RF, RR): (0, 213061, 1, 2)
[M::mem_pestat] skip orientation FF as there are not enough pairs
[M::mem_pestat] analyzing insert size distribution for orientation FR...
[M::mem_pestat] (25, 50, 75) percentile: (124, 160, 210)
[M::mem_pestat] low and high boundaries for computing mean and std.dev: (1, 382)
[M::mem_pestat] mean and std.dev: (170.52, 64.37)
[M::mem_pestat] low and high boundaries for proper pairs: (1, 468)
[M::mem_pestat] skip orientation RF as there are not enough pairs
[M::mem_pestat] skip orientation RR as there are not enough pairs
[M::mem_process_seqs] Processed 578952 reads in 119.118 CPU sec, 14.918 real sec
[M::process] read 588992 sequences (80000048 bp)...
[M::mem_pestat] # candidate unique pairs for (FF, FR, RF, RR): (0, 222574, 0, 0)
[M::mem_pestat] skip orientation FF as there are not enough pairs
[M::mem_pestat] analyzing insert size distribution for orientation FR...
[M::mem_pestat] (25, 50, 75) percentile: (120, 154, 202)
[M::mem_pestat] low and high boundaries for computing mean and std.dev: (1, 366)
[M::mem_pestat] mean and std.dev: (163.97, 61.72)
[M::mem_pestat] low and high boundaries for proper pairs: (1, 448)
[M::mem_pestat] skip orientation RF as there are not enough pairs
[M::mem_pestat] skip orientation RR as there are not enough pairs
[M::mem_process_seqs] Processed 589278 reads in 119.665 CPU sec, 14.977 real sec
[M::process] read 585814 sequences (80000193 bp)...
[M::mem_pestat] # candidate unique pairs for (FF, FR, RF, RR): (1, 226324, 1, 2)
[M::mem_pestat] skip orientation FF as there are not enough pairs
[M::mem_pestat] analyzing insert size distribution for orientation FR...
[M::mem_pestat] (25, 50, 75) percentile: (119, 153, 199)
[M::mem_pestat] low and high boundaries for computing mean and std.dev: (1, 359)
[M::mem_pestat] mean and std.dev: (162.10, 59.61)
[M::mem_pestat] low and high boundaries for proper pairs: (1, 439)
[M::mem_pestat] skip orientation RF as there are not enough pairs
[M::mem_pestat] skip orientation RR as there are not enough pairs
[M::mem_process_seqs] Processed 588992 reads in 114.604 CPU sec, 14.335 real sec
[M::process] read 583132 sequences (80000251 bp)...
[M::mem_pestat] # candidate unique pairs for (FF, FR, RF, RR): (1, 222715, 5, 1)
[M::mem_pestat] skip orientation FF as there are not enough pairs
[M::mem_pestat] analyzing insert size distribution for orientation FR...
[M::mem_pestat] (25, 50, 75) percentile: (121, 155, 202)
[M::mem_pestat] low and high boundaries for computing mean and std.dev: (1, 364)
[M::mem_pestat] mean and std.dev: (164.74, 60.94)
[M::mem_pestat] low and high boundaries for proper pairs: (1, 445)
[M::mem_pestat] skip orientation RF as there are not enough pairs
[M::mem_pestat] skip orientation RR as there are not enough pairs
[M::mem_process_seqs] Processed 585814 reads in 113.673 CPU sec, 14.250 real sec
[M::process] read 580732 sequences (80000139 bp)...
[M::mem_pestat] # candidate unique pairs for (FF, FR, RF, RR): (0, 220071, 1, 4)
[M::mem_pestat] skip orientation FF as there are not enough pairs
[M::mem_pestat] analyzing insert size distribution for orientation FR...
[M::mem_pestat] (25, 50, 75) percentile: (122, 158, 206)
[M::mem_pestat] low and high boundaries for computing mean and std.dev: (1, 374)
[M::mem_pestat] mean and std.dev: (167.64, 62.48)
[M::mem_pestat] low and high boundaries for proper pairs: (1, 458)
[M::mem_pestat] skip orientation RF as there are not enough pairs
[M::mem_pestat] skip orientation RR as there are not enough pairs
[M::mem_process_seqs] Processed 583132 reads in 138.539 CPU sec, 17.358 real sec
[M::process] read 579284 sequences (80000299 bp)...
[M::mem_pestat] # candidate unique pairs for (FF, FR, RF, RR): (3, 216855, 2, 2)
[M::mem_pestat] skip orientation FF as there are not enough pairs
[M::mem_pestat] analyzing insert size distribution for orientation FR...
[M::mem_pestat] (25, 50, 75) percentile: (123, 159, 208)
[M::mem_pestat] low and high boundaries for computing mean and std.dev: (1, 378)
[M::mem_pestat] mean and std.dev: (169.46, 63.58)
[M::mem_pestat] low and high boundaries for proper pairs: (1, 463)
[M::mem_pestat] skip orientation RF as there are not enough pairs
[M::mem_pestat] skip orientation RR as there are not enough pairs
[M::mem_process_seqs] Processed 580732 reads in 122.491 CPU sec, 15.243 real sec
[M::process] read 581200 sequences (80000144 bp)...
[M::mem_pestat] # candidate unique pairs for (FF, FR, RF, RR): (2, 214411, 0, 1)
[M::mem_pestat] skip orientation FF as there are not enough pairs
[M::mem_pestat] analyzing insert size distribution for orientation FR...
[M::mem_pestat] (25, 50, 75) percentile: (124, 161, 211)
[M::mem_pestat] low and high boundaries for computing mean and std.dev: (1, 385)
[M::mem_pestat] mean and std.dev: (171.25, 64.93)
[M::mem_pestat] low and high boundaries for proper pairs: (1, 472)
[M::mem_pestat] skip orientation RF as there are not enough pairs
[M::mem_pestat] skip orientation RR as there are not enough pairs
[M::mem_process_seqs] Processed 579284 reads in 125.113 CPU sec, 15.719 real sec
[M::process] read 590932 sequences (80000104 bp)...
[M::mem_pestat] # candidate unique pairs for (FF, FR, RF, RR): (0, 214194, 1, 1)
[M::mem_pestat] skip orientation FF as there are not enough pairs
[M::mem_pestat] analyzing insert size distribution for orientation FR...
[M::mem_pestat] (25, 50, 75) percentile: (123, 159, 210)
[M::mem_pestat] low and high boundaries for computing mean and std.dev: (1, 384)
[M::mem_pestat] mean and std.dev: (170.02, 65.17)
[M::mem_pestat] low and high boundaries for proper pairs: (1, 471)
[M::mem_pestat] skip orientation RF as there are not enough pairs
[M::mem_pestat] skip orientation RR as there are not enough pairs
[M::mem_process_seqs] Processed 581200 reads in 125.669 CPU sec, 15.779 real sec
[M::process] read 589960 sequences (80000251 bp)...
[M::mem_pestat] # candidate unique pairs for (FF, FR, RF, RR): (2, 225405, 2, 3)
[M::mem_pestat] skip orientation FF as there are not enough pairs
[M::mem_pestat] analyzing insert size distribution for orientation FR...
[M::mem_pestat] (25, 50, 75) percentile: (118, 152, 199)
[M::mem_pestat] low and high boundaries for computing mean and std.dev: (1, 361)
[M::mem_pestat] mean and std.dev: (161.86, 60.31)
[M::mem_pestat] low and high boundaries for proper pairs: (1, 442)
[M::mem_pestat] skip orientation RF as there are not enough pairs
[M::mem_pestat] skip orientation RR as there are not enough pairs
[M::mem_process_seqs] Processed 590932 reads in 116.792 CPU sec, 14.616 real sec
[M::process] read 582914 sequences (80000200 bp)...
[M::mem_pestat] # candidate unique pairs for (FF, FR, RF, RR): (1, 227099, 2, 0)
[M::mem_pestat] skip orientation FF as there are not enough pairs
[M::mem_pestat] analyzing insert size distribution for orientation FR...
[M::mem_pestat] (25, 50, 75) percentile: (119, 153, 198)
[M::mem_pestat] low and high boundaries for computing mean and std.dev: (1, 356)
[M::mem_pestat] mean and std.dev: (161.65, 59.39)
[M::mem_pestat] low and high boundaries for proper pairs: (1, 435)
[M::mem_pestat] skip orientation RF as there are not enough pairs
[M::mem_pestat] skip orientation RR as there are not enough pairs
[M::mem_process_seqs] Processed 589960 reads in 113.915 CPU sec, 14.318 real sec
[M::process] read 581930 sequences (80000085 bp)...
[M::mem_pestat] # candidate unique pairs for (FF, FR, RF, RR): (0, 220241, 1, 2)
[M::mem_pestat] skip orientation FF as there are not enough pairs
[M::mem_pestat] analyzing insert size distribution for orientation FR...
[M::mem_pestat] (25, 50, 75) percentile: (122, 157, 205)
[M::mem_pestat] low and high boundaries for computing mean and std.dev: (1, 371)
[M::mem_pestat] mean and std.dev: (167.05, 62.00)
[M::mem_pestat] low and high boundaries for proper pairs: (1, 454)
[M::mem_pestat] skip orientation RF as there are not enough pairs
[M::mem_pestat] skip orientation RR as there are not enough pairs
[M::mem_process_seqs] Processed 582914 reads in 116.874 CPU sec, 14.582 real sec
[M::process] read 580174 sequences (80000296 bp)...
[M::mem_pestat] # candidate unique pairs for (FF, FR, RF, RR): (0, 218680, 2, 1)
[M::mem_pestat] skip orientation FF as there are not enough pairs
[M::mem_pestat] analyzing insert size distribution for orientation FR...
[M::mem_pestat] (25, 50, 75) percentile: (123, 158, 206)
[M::mem_pestat] low and high boundaries for computing mean and std.dev: (1, 372)
[M::mem_pestat] mean and std.dev: (167.81, 62.25)
[M::mem_pestat] low and high boundaries for proper pairs: (1, 455)
[M::mem_pestat] skip orientation RF as there are not enough pairs
[M::mem_pestat] skip orientation RR as there are not enough pairs
[M::mem_process_seqs] Processed 581930 reads in 116.294 CPU sec, 14.499 real sec
[M::process] read 577634 sequences (80000086 bp)...
[M::mem_pestat] # candidate unique pairs for (FF, FR, RF, RR): (3, 216991, 1, 1)
[M::mem_pestat] skip orientation FF as there are not enough pairs
[M::mem_pestat] analyzing insert size distribution for orientation FR...
[M::mem_pestat] (25, 50, 75) percentile: (124, 159, 208)
[M::mem_pestat] low and high boundaries for computing mean and std.dev: (1, 376)
[M::mem_pestat] mean and std.dev: (169.24, 63.10)
[M::mem_pestat] low and high boundaries for proper pairs: (1, 460)
[M::mem_pestat] skip orientation RF as there are not enough pairs
[M::mem_pestat] skip orientation RR as there are not enough pairs
[M::mem_process_seqs] Processed 580174 reads in 118.167 CPU sec, 14.840 real sec
[M::process] read 578630 sequences (80000249 bp)...
[M::mem_pestat] # candidate unique pairs for (FF, FR, RF, RR): (1, 213923, 1, 3)
[M::mem_pestat] skip orientation FF as there are not enough pairs
[M::mem_pestat] analyzing insert size distribution for orientation FR...
[M::mem_pestat] (25, 50, 75) percentile: (125, 162, 212)
[M::mem_pestat] low and high boundaries for computing mean and std.dev: (1, 386)
[M::mem_pestat] mean and std.dev: (172.18, 64.84)
[M::mem_pestat] low and high boundaries for proper pairs: (1, 473)
[M::mem_pestat] skip orientation RF as there are not enough pairs
[M::mem_pestat] skip orientation RR as there are not enough pairs
[M::mem_process_seqs] Processed 577634 reads in 117.669 CPU sec, 14.770 real sec
[M::process] read 583726 sequences (80000085 bp)...
[M::mem_pestat] # candidate unique pairs for (FF, FR, RF, RR): (7, 213113, 0, 2)
[M::mem_pestat] skip orientation FF as there are not enough pairs
[M::mem_pestat] analyzing insert size distribution for orientation FR...
[M::mem_pestat] (25, 50, 75) percentile: (124, 161, 211)
[M::mem_pestat] low and high boundaries for computing mean and std.dev: (1, 385)
[M::mem_pestat] mean and std.dev: (171.34, 64.96)
[M::mem_pestat] low and high boundaries for proper pairs: (1, 472)
[M::mem_pestat] skip orientation RF as there are not enough pairs
[M::mem_pestat] skip orientation RR as there are not enough pairs
[M::mem_process_seqs] Processed 578630 reads in 115.707 CPU sec, 14.526 real sec
[M::process] read 585202 sequences (80000170 bp)...
[M::mem_pestat] # candidate unique pairs for (FF, FR, RF, RR): (3, 214659, 2, 1)
[M::mem_pestat] skip orientation FF as there are not enough pairs
[M::mem_pestat] analyzing insert size distribution for orientation FR...
[M::mem_pestat] (25, 50, 75) percentile: (122, 160, 212)
[M::mem_pestat] low and high boundaries for computing mean and std.dev: (1, 392)
[M::mem_pestat] mean and std.dev: (170.51, 66.66)
[M::mem_pestat] low and high boundaries for proper pairs: (1, 482)
[M::mem_pestat] skip orientation RF as there are not enough pairs
[M::mem_pestat] skip orientation RR as there are not enough pairs
[M::mem_process_seqs] Processed 583726 reads in 123.078 CPU sec, 15.420 real sec
[M::process] read 585222 sequences (80000052 bp)...
[M::mem_pestat] # candidate unique pairs for (FF, FR, RF, RR): (1, 208196, 1, 2)
[M::mem_pestat] skip orientation FF as there are not enough pairs
[M::mem_pestat] analyzing insert size distribution for orientation FR...
[M::mem_pestat] (25, 50, 75) percentile: (122, 167, 224)
[M::mem_pestat] low and high boundaries for computing mean and std.dev: (1, 428)
[M::mem_pestat] mean and std.dev: (177.64, 75.01)
[M::mem_pestat] low and high boundaries for proper pairs: (1, 530)
[M::mem_pestat] skip orientation RF as there are not enough pairs
[M::mem_pestat] skip orientation RR as there are not enough pairs
[M::mem_process_seqs] Processed 585202 reads in 132.578 CPU sec, 16.599 real sec
[M::process] read 585034 sequences (80000197 bp)...
[M::mem_pestat] # candidate unique pairs for (FF, FR, RF, RR): (3, 203927, 3, 5)
[M::mem_pestat] skip orientation FF as there are not enough pairs
[M::mem_pestat] analyzing insert size distribution for orientation FR...
[M::mem_pestat] (25, 50, 75) percentile: (121, 169, 229)
[M::mem_pestat] low and high boundaries for computing mean and std.dev: (1, 445)
[M::mem_pestat] mean and std.dev: (180.54, 78.56)
[M::mem_pestat] low and high boundaries for proper pairs: (1, 553)
[M::mem_pestat] skip orientation RF as there are not enough pairs
[M::mem_pestat] skip orientation RR as there are not enough pairs
[M::mem_process_seqs] Processed 585222 reads in 128.864 CPU sec, 16.194 real sec
[M::process] read 585100 sequences (80000281 bp)...
[M::mem_pestat] # candidate unique pairs for (FF, FR, RF, RR): (2, 201869, 1, 1)
[M::mem_pestat] skip orientation FF as there are not enough pairs
[M::mem_pestat] analyzing insert size distribution for orientation FR...
[M::mem_pestat] (25, 50, 75) percentile: (121, 170, 231)
[M::mem_pestat] low and high boundaries for computing mean and std.dev: (1, 451)
[M::mem_pestat] mean and std.dev: (181.56, 80.29)
[M::mem_pestat] low and high boundaries for proper pairs: (1, 561)
[M::mem_pestat] skip orientation RF as there are not enough pairs
[M::mem_pestat] skip orientation RR as there are not enough pairs
[M::mem_process_seqs] Processed 585034 reads in 128.072 CPU sec, 15.969 real sec
[M::process] read 584458 sequences (80000036 bp)...
[M::mem_pestat] # candidate unique pairs for (FF, FR, RF, RR): (4, 199606, 2, 2)
[M::mem_pestat] skip orientation FF as there are not enough pairs
[M::mem_pestat] analyzing insert size distribution for orientation FR...
[M::mem_pestat] (25, 50, 75) percentile: (121, 171, 234)
[M::mem_pestat] low and high boundaries for computing mean and std.dev: (1, 460)
[M::mem_pestat] mean and std.dev: (182.95, 81.74)
[M::mem_pestat] low and high boundaries for proper pairs: (1, 573)
[M::mem_pestat] skip orientation RF as there are not enough pairs
[M::mem_pestat] skip orientation RR as there are not enough pairs
[M::mem_process_seqs] Processed 585100 reads in 133.254 CPU sec, 16.813 real sec
[M::process] read 583632 sequences (80000021 bp)...
[M::mem_pestat] # candidate unique pairs for (FF, FR, RF, RR): (2, 198934, 1, 3)
[M::mem_pestat] skip orientation FF as there are not enough pairs
[M::mem_pestat] analyzing insert size distribution for orientation FR...
[M::mem_pestat] (25, 50, 75) percentile: (121, 170, 232)
[M::mem_pestat] low and high boundaries for computing mean and std.dev: (1, 454)
[M::mem_pestat] mean and std.dev: (182.28, 81.12)
[M::mem_pestat] low and high boundaries for proper pairs: (1, 565)
[M::mem_pestat] skip orientation RF as there are not enough pairs
[M::mem_pestat] skip orientation RR as there are not enough pairs
[M::mem_process_seqs] Processed 584458 reads in 133.799 CPU sec, 16.785 real sec
[M::process] read 587416 sequences (80000147 bp)...
[M::mem_pestat] # candidate unique pairs for (FF, FR, RF, RR): (4, 206449, 3, 4)
[M::mem_pestat] skip orientation FF as there are not enough pairs
[M::mem_pestat] analyzing insert size distribution for orientation FR...
[M::mem_pestat] (25, 50, 75) percentile: (123, 166, 222)
[M::mem_pestat] low and high boundaries for computing mean and std.dev: (1, 420)
[M::mem_pestat] mean and std.dev: (176.71, 73.50)
[M::mem_pestat] low and high boundaries for proper pairs: (1, 519)
[M::mem_pestat] skip orientation RF as there are not enough pairs
[M::mem_pestat] skip orientation RR as there are not enough pairs
[M::mem_process_seqs] Processed 583632 reads in 130.164 CPU sec, 16.282 real sec
[M::process] read 585616 sequences (80000176 bp)...
[M::mem_pestat] # candidate unique pairs for (FF, FR, RF, RR): (1, 210843, 2, 3)
[M::mem_pestat] skip orientation FF as there are not enough pairs
[M::mem_pestat] analyzing insert size distribution for orientation FR...
[M::mem_pestat] (25, 50, 75) percentile: (121, 163, 219)
[M::mem_pestat] low and high boundaries for computing mean and std.dev: (1, 415)
[M::mem_pestat] mean and std.dev: (174.05, 72.08)
[M::mem_pestat] low and high boundaries for proper pairs: (1, 513)
[M::mem_pestat] skip orientation RF as there are not enough pairs
[M::mem_pestat] skip orientation RR as there are not enough pairs
[M::mem_process_seqs] Processed 587416 reads in 129.104 CPU sec, 16.084 real sec
[M::process] read 585444 sequences (80000023 bp)...
[M::mem_pestat] # candidate unique pairs for (FF, FR, RF, RR): (1, 208932, 1, 4)
[M::mem_pestat] skip orientation FF as there are not enough pairs
[M::mem_pestat] analyzing insert size distribution for orientation FR...
[M::mem_pestat] (25, 50, 75) percentile: (121, 165, 222)
[M::mem_pestat] low and high boundaries for computing mean and std.dev: (1, 424)
[M::mem_pestat] mean and std.dev: (176.35, 74.14)
[M::mem_pestat] low and high boundaries for proper pairs: (1, 525)
[M::mem_pestat] skip orientation RF as there are not enough pairs
[M::mem_pestat] skip orientation RR as there are not enough pairs
[M::mem_process_seqs] Processed 585616 reads in 127.490 CPU sec, 16.101 real sec
[M::process] read 585526 sequences (80000190 bp)...
[M::mem_pestat] # candidate unique pairs for (FF, FR, RF, RR): (1, 210379, 0, 2)
[M::mem_pestat] skip orientation FF as there are not enough pairs
[M::mem_pestat] analyzing insert size distribution for orientation FR...
[M::mem_pestat] (25, 50, 75) percentile: (121, 164, 220)
[M::mem_pestat] low and high boundaries for computing mean and std.dev: (1, 418)
[M::mem_pestat] mean and std.dev: (174.82, 72.74)
[M::mem_pestat] low and high boundaries for proper pairs: (1, 517)
[M::mem_pestat] skip orientation RF as there are not enough pairs
[M::mem_pestat] skip orientation RR as there are not enough pairs
[M::mem_process_seqs] Processed 585444 reads in 124.355 CPU sec, 15.500 real sec
[M::process] read 582112 sequences (80000227 bp)...
[M::mem_pestat] # candidate unique pairs for (FF, FR, RF, RR): (0, 205660, 1, 2)
[M::mem_pestat] skip orientation FF as there are not enough pairs
[M::mem_pestat] analyzing insert size distribution for orientation FR...
[M::mem_pestat] (25, 50, 75) percentile: (120, 166, 225)
[M::mem_pestat] low and high boundaries for computing mean and std.dev: (1, 435)
[M::mem_pestat] mean and std.dev: (177.48, 76.22)
[M::mem_pestat] low and high boundaries for proper pairs: (1, 540)
[M::mem_pestat] skip orientation RF as there are not enough pairs
[M::mem_pestat] skip orientation RR as there are not enough pairs
[M::mem_process_seqs] Processed 585526 reads in 131.098 CPU sec, 16.448 real sec
[M::process] read 582040 sequences (80000065 bp)...
[M::mem_pestat] # candidate unique pairs for (FF, FR, RF, RR): (1, 205493, 4, 1)
[M::mem_pestat] skip orientation FF as there are not enough pairs
[M::mem_pestat] analyzing insert size distribution for orientation FR...
[M::mem_pestat] (25, 50, 75) percentile: (123, 166, 224)
[M::mem_pestat] low and high boundaries for computing mean and std.dev: (1, 426)
[M::mem_pestat] mean and std.dev: (178.03, 74.60)
[M::mem_pestat] low and high boundaries for proper pairs: (1, 527)
[M::mem_pestat] skip orientation RF as there are not enough pairs
[M::mem_pestat] skip orientation RR as there are not enough pairs
[M::mem_process_seqs] Processed 582112 reads in 131.933 CPU sec, 16.461 real sec
[M::process] read 584952 sequences (80000046 bp)...
[M::mem_pestat] # candidate unique pairs for (FF, FR, RF, RR): (3, 201868, 4, 0)
[M::mem_pestat] skip orientation FF as there are not enough pairs
[M::mem_pestat] analyzing insert size distribution for orientation FR...
[M::mem_pestat] (25, 50, 75) percentile: (123, 168, 227)
[M::mem_pestat] low and high boundaries for computing mean and std.dev: (1, 435)
[M::mem_pestat] mean and std.dev: (179.93, 76.64)
[M::mem_pestat] low and high boundaries for proper pairs: (1, 539)
[M::mem_pestat] skip orientation RF as there are not enough pairs
[M::mem_pestat] skip orientation RR as there are not enough pairs
[M::mem_process_seqs] Processed 582040 reads in 130.329 CPU sec, 16.362 real sec
[M::process] read 590814 sequences (80000088 bp)...
[M::mem_pestat] # candidate unique pairs for (FF, FR, RF, RR): (0, 198694, 0, 2)
[M::mem_pestat] skip orientation FF as there are not enough pairs
[M::mem_pestat] analyzing insert size distribution for orientation FR...
[M::mem_pestat] (25, 50, 75) percentile: (121, 170, 233)
[M::mem_pestat] low and high boundaries for computing mean and std.dev: (1, 457)
[M::mem_pestat] mean and std.dev: (182.51, 81.59)
[M::mem_pestat] low and high boundaries for proper pairs: (1, 569)
[M::mem_pestat] skip orientation RF as there are not enough pairs
[M::mem_pestat] skip orientation RR as there are not enough pairs
[M::mem_process_seqs] Processed 584952 reads in 143.106 CPU sec, 17.816 real sec
[M::process] read 588652 sequences (80000089 bp)...
[M::mem_pestat] # candidate unique pairs for (FF, FR, RF, RR): (3, 207508, 2, 1)
[M::mem_pestat] skip orientation FF as there are not enough pairs
[M::mem_pestat] analyzing insert size distribution for orientation FR...
[M::mem_pestat] (25, 50, 75) percentile: (118, 164, 222)
[M::mem_pestat] low and high boundaries for computing mean and std.dev: (1, 430)
[M::mem_pestat] mean and std.dev: (175.34, 75.84)
[M::mem_pestat] low and high boundaries for proper pairs: (1, 534)
[M::mem_pestat] skip orientation RF as there are not enough pairs
[M::mem_pestat] skip orientation RR as there are not enough pairs
[M::mem_process_seqs] Processed 590814 reads in 137.223 CPU sec, 17.273 real sec
[M::process] read 590088 sequences (80000043 bp)...
[M::mem_pestat] # candidate unique pairs for (FF, FR, RF, RR): (1, 210009, 3, 1)
[M::mem_pestat] skip orientation FF as there are not enough pairs
[M::mem_pestat] analyzing insert size distribution for orientation FR...
[M::mem_pestat] (25, 50, 75) percentile: (120, 164, 219)
[M::mem_pestat] low and high boundaries for computing mean and std.dev: (1, 417)
[M::mem_pestat] mean and std.dev: (174.38, 73.29)
[M::mem_pestat] low and high boundaries for proper pairs: (1, 516)
[M::mem_pestat] skip orientation RF as there are not enough pairs
[M::mem_pestat] skip orientation RR as there are not enough pairs
[M::mem_process_seqs] Processed 588652 reads in 127.361 CPU sec, 15.995 real sec
[M::process] read 586858 sequences (80000048 bp)...
[M::mem_pestat] # candidate unique pairs for (FF, FR, RF, RR): (0, 208423, 2, 2)
[M::mem_pestat] skip orientation FF as there are not enough pairs
[M::mem_pestat] analyzing insert size distribution for orientation FR...
[M::mem_pestat] (25, 50, 75) percentile: (117, 164, 224)
[M::mem_pestat] low and high boundaries for computing mean and std.dev: (1, 438)
[M::mem_pestat] mean and std.dev: (176.08, 77.11)
[M::mem_pestat] low and high boundaries for proper pairs: (1, 545)
[M::mem_pestat] skip orientation RF as there are not enough pairs
[M::mem_pestat] skip orientation RR as there are not enough pairs
[M::mem_process_seqs] Processed 590088 reads in 129.016 CPU sec, 16.081 real sec
[M::process] read 591146 sequences (80000067 bp)...
[M::mem_pestat] # candidate unique pairs for (FF, FR, RF, RR): (0, 204510, 2, 2)
[M::mem_pestat] skip orientation FF as there are not enough pairs
[M::mem_pestat] analyzing insert size distribution for orientation FR...
[M::mem_pestat] (25, 50, 75) percentile: (119, 166, 226)
[M::mem_pestat] low and high boundaries for computing mean and std.dev: (1, 440)
[M::mem_pestat] mean and std.dev: (178.19, 77.83)
[M::mem_pestat] low and high boundaries for proper pairs: (1, 547)
[M::mem_pestat] skip orientation RF as there are not enough pairs
[M::mem_pestat] skip orientation RR as there are not enough pairs
[M::mem_process_seqs] Processed 586858 reads in 128.493 CPU sec, 16.251 real sec
[M::process] read 587182 sequences (80000090 bp)...
[M::mem_pestat] # candidate unique pairs for (FF, FR, RF, RR): (4, 202216, 3, 0)
[M::mem_pestat] skip orientation FF as there are not enough pairs
[M::mem_pestat] analyzing insert size distribution for orientation FR...
[M::mem_pestat] (25, 50, 75) percentile: (114, 166, 229)
[M::mem_pestat] low and high boundaries for computing mean and std.dev: (1, 459)
[M::mem_pestat] mean and std.dev: (178.95, 81.94)
[M::mem_pestat] low and high boundaries for proper pairs: (1, 574)
[M::mem_pestat] skip orientation RF as there are not enough pairs
[M::mem_pestat] skip orientation RR as there are not enough pairs
[M::mem_process_seqs] Processed 591146 reads in 137.724 CPU sec, 17.277 real sec
[M::process] read 584562 sequences (80000039 bp)...
[M::mem_pestat] # candidate unique pairs for (FF, FR, RF, RR): (4, 202366, 1, 3)
[M::mem_pestat] skip orientation FF as there are not enough pairs
[M::mem_pestat] analyzing insert size distribution for orientation FR...
[M::mem_pestat] (25, 50, 75) percentile: (119, 168, 229)
[M::mem_pestat] low and high boundaries for computing mean and std.dev: (1, 449)
[M::mem_pestat] mean and std.dev: (179.83, 80.01)
[M::mem_pestat] low and high boundaries for proper pairs: (1, 559)
[M::mem_pestat] skip orientation RF as there are not enough pairs
[M::mem_pestat] skip orientation RR as there are not enough pairs
[M::mem_process_seqs] Processed 587182 reads in 132.904 CPU sec, 16.597 real sec
[M::process] read 590226 sequences (80000079 bp)...
[M::mem_pestat] # candidate unique pairs for (FF, FR, RF, RR): (1, 206684, 1, 2)
[M::mem_pestat] skip orientation FF as there are not enough pairs
[M::mem_pestat] analyzing insert size distribution for orientation FR...
[M::mem_pestat] (25, 50, 75) percentile: (122, 165, 222)
[M::mem_pestat] low and high boundaries for computing mean and std.dev: (1, 422)
[M::mem_pestat] mean and std.dev: (176.35, 73.81)
[M::mem_pestat] low and high boundaries for proper pairs: (1, 522)
[M::mem_pestat] skip orientation RF as there are not enough pairs
[M::mem_pestat] skip orientation RR as there are not enough pairs
[M::mem_process_seqs] Processed 584562 reads in 123.326 CPU sec, 15.450 real sec
[M::process] read 585398 sequences (80000116 bp)...
[M::mem_pestat] # candidate unique pairs for (FF, FR, RF, RR): (3, 211960, 3, 1)
[M::mem_pestat] skip orientation FF as there are not enough pairs
[M::mem_pestat] analyzing insert size distribution for orientation FR...
[M::mem_pestat] (25, 50, 75) percentile: (119, 162, 218)
[M::mem_pestat] low and high boundaries for computing mean and std.dev: (1, 416)
[M::mem_pestat] mean and std.dev: (173.07, 72.66)
[M::mem_pestat] low and high boundaries for proper pairs: (1, 515)
[M::mem_pestat] skip orientation RF as there are not enough pairs
[M::mem_pestat] skip orientation RR as there are not enough pairs
[M::mem_process_seqs] Processed 590226 reads in 124.898 CPU sec, 15.753 real sec
[M::process] read 586432 sequences (80000108 bp)...
[M::mem_pestat] # candidate unique pairs for (FF, FR, RF, RR): (2, 209806, 2, 0)
[M::mem_pestat] skip orientation FF as there are not enough pairs
[M::mem_pestat] analyzing insert size distribution for orientation FR...
[M::mem_pestat] (25, 50, 75) percentile: (121, 164, 220)
[M::mem_pestat] low and high boundaries for computing mean and std.dev: (1, 418)
[M::mem_pestat] mean and std.dev: (175.04, 73.15)
[M::mem_pestat] low and high boundaries for proper pairs: (1, 517)
[M::mem_pestat] skip orientation RF as there are not enough pairs
[M::mem_pestat] skip orientation RR as there are not enough pairs
[M::mem_process_seqs] Processed 585398 reads in 125.875 CPU sec, 15.779 real sec
[M::process] read 582784 sequences (80000075 bp)...
[M::mem_pestat] # candidate unique pairs for (FF, FR, RF, RR): (2, 208084, 1, 2)
[M::mem_pestat] skip orientation FF as there are not enough pairs
[M::mem_pestat] analyzing insert size distribution for orientation FR...
[M::mem_pestat] (25, 50, 75) percentile: (120, 165, 222)
[M::mem_pestat] low and high boundaries for computing mean and std.dev: (1, 426)
[M::mem_pestat] mean and std.dev: (176.27, 74.95)
[M::mem_pestat] low and high boundaries for proper pairs: (1, 528)
[M::mem_pestat] skip orientation RF as there are not enough pairs
[M::mem_pestat] skip orientation RR as there are not enough pairs
[M::mem_process_seqs] Processed 586432 reads in 125.414 CPU sec, 15.675 real sec
[M::process] read 579850 sequences (80000081 bp)...
[M::mem_pestat] # candidate unique pairs for (FF, FR, RF, RR): (1, 206897, 0, 1)
[M::mem_pestat] skip orientation FF as there are not enough pairs
[M::mem_pestat] analyzing insert size distribution for orientation FR...
[M::mem_pestat] (25, 50, 75) percentile: (123, 166, 223)
[M::mem_pestat] low and high boundaries for computing mean and std.dev: (1, 423)
[M::mem_pestat] mean and std.dev: (177.30, 74.08)
[M::mem_pestat] low and high boundaries for proper pairs: (1, 523)
[M::mem_pestat] skip orientation RF as there are not enough pairs
[M::mem_pestat] skip orientation RR as there are not enough pairs
[M::mem_process_seqs] Processed 582784 reads in 124.485 CPU sec, 15.598 real sec
[M::process] read 584296 sequences (80000154 bp)...
[M::mem_pestat] # candidate unique pairs for (FF, FR, RF, RR): (3, 205187, 2, 2)
[M::mem_pestat] skip orientation FF as there are not enough pairs
[M::mem_pestat] analyzing insert size distribution for orientation FR...
[M::mem_pestat] (25, 50, 75) percentile: (125, 168, 224)
[M::mem_pestat] low and high boundaries for computing mean and std.dev: (1, 422)
[M::mem_pestat] mean and std.dev: (178.64, 73.45)
[M::mem_pestat] low and high boundaries for proper pairs: (1, 521)
[M::mem_pestat] skip orientation RF as there are not enough pairs
[M::mem_pestat] skip orientation RR as there are not enough pairs
[M::mem_process_seqs] Processed 579850 reads in 131.059 CPU sec, 16.354 real sec
[M::process] read 584394 sequences (80000106 bp)...
[M::mem_pestat] # candidate unique pairs for (FF, FR, RF, RR): (0, 203252, 0, 0)
[M::mem_pestat] skip orientation FF as there are not enough pairs
[M::mem_pestat] analyzing insert size distribution for orientation FR...
[M::mem_pestat] (25, 50, 75) percentile: (121, 168, 226)
[M::mem_pestat] low and high boundaries for computing mean and std.dev: (1, 436)
[M::mem_pestat] mean and std.dev: (178.89, 77.11)
[M::mem_pestat] low and high boundaries for proper pairs: (1, 541)
[M::mem_pestat] skip orientation RF as there are not enough pairs
[M::mem_pestat] skip orientation RR as there are not enough pairs
[M::mem_process_seqs] Processed 584296 reads in 129.715 CPU sec, 16.265 real sec
[M::process] read 584016 sequences (80000067 bp)...
[M::mem_pestat] # candidate unique pairs for (FF, FR, RF, RR): (0, 200466, 2, 4)
[M::mem_pestat] skip orientation FF as there are not enough pairs
[M::mem_pestat] analyzing insert size distribution for orientation FR...
[M::mem_pestat] (25, 50, 75) percentile: (121, 169, 230)
[M::mem_pestat] low and high boundaries for computing mean and std.dev: (1, 448)
[M::mem_pestat] mean and std.dev: (181.09, 79.58)
[M::mem_pestat] low and high boundaries for proper pairs: (1, 557)
[M::mem_pestat] skip orientation RF as there are not enough pairs
[M::mem_pestat] skip orientation RR as there are not enough pairs
[M::mem_process_seqs] Processed 584394 reads in 130.303 CPU sec, 16.290 real sec
[M::process] read 584432 sequences (80000270 bp)...
[M::mem_pestat] # candidate unique pairs for (FF, FR, RF, RR): (3, 205960, 1, 4)
[M::mem_pestat] skip orientation FF as there are not enough pairs
[M::mem_pestat] analyzing insert size distribution for orientation FR...
[M::mem_pestat] (25, 50, 75) percentile: (123, 166, 223)
[M::mem_pestat] low and high boundaries for computing mean and std.dev: (1, 423)
[M::mem_pestat] mean and std.dev: (177.14, 74.16)
[M::mem_pestat] low and high boundaries for proper pairs: (1, 523)
[M::mem_pestat] skip orientation RF as there are not enough pairs
[M::mem_pestat] skip orientation RR as there are not enough pairs
[M::mem_process_seqs] Processed 584016 reads in 133.086 CPU sec, 16.662 real sec
[M::process] read 584682 sequences (80000077 bp)...
[M::mem_pestat] # candidate unique pairs for (FF, FR, RF, RR): (2, 211427, 1, 0)
[M::mem_pestat] skip orientation FF as there are not enough pairs
[M::mem_pestat] analyzing insert size distribution for orientation FR...
[M::mem_pestat] (25, 50, 75) percentile: (124, 163, 216)
[M::mem_pestat] low and high boundaries for computing mean and std.dev: (1, 400)
[M::mem_pestat] mean and std.dev: (173.52, 69.37)
[M::mem_pestat] low and high boundaries for proper pairs: (1, 492)
[M::mem_pestat] skip orientation RF as there are not enough pairs
[M::mem_pestat] skip orientation RR as there are not enough pairs
[M::mem_process_seqs] Processed 584432 reads in 127.065 CPU sec, 15.935 real sec
[M::process] read 583250 sequences (80000150 bp)...
[M::mem_pestat] # candidate unique pairs for (FF, FR, RF, RR): (1, 209960, 2, 5)
[M::mem_pestat] skip orientation FF as there are not enough pairs
[M::mem_pestat] analyzing insert size distribution for orientation FR...
[M::mem_pestat] (25, 50, 75) percentile: (123, 166, 221)
[M::mem_pestat] low and high boundaries for computing mean and std.dev: (1, 417)
[M::mem_pestat] mean and std.dev: (176.42, 72.64)
[M::mem_pestat] low and high boundaries for proper pairs: (1, 515)
[M::mem_pestat] skip orientation RF as there are not enough pairs
[M::mem_pestat] skip orientation RR as there are not enough pairs
[M::mem_process_seqs] Processed 584682 reads in 125.476 CPU sec, 15.704 real sec
[M::process] read 581708 sequences (80000027 bp)...
[M::mem_pestat] # candidate unique pairs for (FF, FR, RF, RR): (3, 205601, 2, 0)
[M::mem_pestat] skip orientation FF as there are not enough pairs
[M::mem_pestat] analyzing insert size distribution for orientation FR...
[M::mem_pestat] (25, 50, 75) percentile: (124, 169, 227)
[M::mem_pestat] low and high boundaries for computing mean and std.dev: (1, 433)
[M::mem_pestat] mean and std.dev: (180.21, 76.07)
[M::mem_pestat] low and high boundaries for proper pairs: (1, 536)
[M::mem_pestat] skip orientation RF as there are not enough pairs
[M::mem_pestat] skip orientation RR as there are not enough pairs
[M::mem_process_seqs] Processed 583250 reads in 124.890 CPU sec, 15.579 real sec
[M::process] read 579086 sequences (80000012 bp)...
[M::mem_pestat] # candidate unique pairs for (FF, FR, RF, RR): (1, 205045, 1, 3)
[M::mem_pestat] skip orientation FF as there are not enough pairs
[M::mem_pestat] analyzing insert size distribution for orientation FR...
[M::mem_pestat] (25, 50, 75) percentile: (125, 169, 227)
[M::mem_pestat] low and high boundaries for computing mean and std.dev: (1, 431)
[M::mem_pestat] mean and std.dev: (179.93, 75.22)
[M::mem_pestat] low and high boundaries for proper pairs: (1, 533)
[M::mem_pestat] skip orientation RF as there are not enough pairs
[M::mem_pestat] skip orientation RR as there are not enough pairs
[M::mem_process_seqs] Processed 581708 reads in 145.992 CPU sec, 18.374 real sec
[M::process] read 581100 sequences (80000053 bp)...
[M::mem_pestat] # candidate unique pairs for (FF, FR, RF, RR): (1, 204261, 0, 0)
[M::mem_pestat] skip orientation FF as there are not enough pairs
[M::mem_pestat] analyzing insert size distribution for orientation FR...
[M::mem_pestat] (25, 50, 75) percentile: (127, 170, 228)
[M::mem_pestat] low and high boundaries for computing mean and std.dev: (1, 430)
[M::mem_pestat] mean and std.dev: (181.40, 74.67)
[M::mem_pestat] low and high boundaries for proper pairs: (1, 531)
[M::mem_pestat] skip orientation RF as there are not enough pairs
[M::mem_pestat] skip orientation RR as there are not enough pairs
[M::mem_process_seqs] Processed 579086 reads in 163.202 CPU sec, 20.412 real sec
[M::process] read 578812 sequences (80000057 bp)...
[M::mem_pestat] # candidate unique pairs for (FF, FR, RF, RR): (1, 202098, 4, 1)
[M::mem_pestat] skip orientation FF as there are not enough pairs
[M::mem_pestat] analyzing insert size distribution for orientation FR...
[M::mem_pestat] (25, 50, 75) percentile: (125, 170, 230)
[M::mem_pestat] low and high boundaries for computing mean and std.dev: (1, 440)
[M::mem_pestat] mean and std.dev: (182.27, 77.82)
[M::mem_pestat] low and high boundaries for proper pairs: (1, 545)
[M::mem_pestat] skip orientation RF as there are not enough pairs
[M::mem_pestat] skip orientation RR as there are not enough pairs
[M::mem_process_seqs] Processed 581100 reads in 147.746 CPU sec, 18.629 real sec
[M::process] read 577014 sequences (80000228 bp)...
[M::mem_pestat] # candidate unique pairs for (FF, FR, RF, RR): (6, 197513, 0, 1)
[M::mem_pestat] skip orientation FF as there are not enough pairs
[M::mem_pestat] analyzing insert size distribution for orientation FR...
[M::mem_pestat] (25, 50, 75) percentile: (127, 173, 235)
[M::mem_pestat] low and high boundaries for computing mean and std.dev: (1, 451)
[M::mem_pestat] mean and std.dev: (185.79, 80.06)
[M::mem_pestat] low and high boundaries for proper pairs: (1, 559)
[M::mem_pestat] skip orientation RF as there are not enough pairs
[M::mem_pestat] skip orientation RR as there are not enough pairs
[M::mem_process_seqs] Processed 578812 reads in 143.970 CPU sec, 18.065 real sec
[M::process] read 579482 sequences (80000095 bp)...
[M::mem_pestat] # candidate unique pairs for (FF, FR, RF, RR): (1, 196771, 2, 8)
[M::mem_pestat] skip orientation FF as there are not enough pairs
[M::mem_pestat] analyzing insert size distribution for orientation FR...
[M::mem_pestat] (25, 50, 75) percentile: (129, 174, 235)
[M::mem_pestat] low and high boundaries for computing mean and std.dev: (1, 447)
[M::mem_pestat] mean and std.dev: (186.05, 78.86)
[M::mem_pestat] low and high boundaries for proper pairs: (1, 553)
[M::mem_pestat] skip orientation RF as there are not enough pairs
[M::mem_pestat] skip orientation RR as there are not enough pairs
[M::mem_process_seqs] Processed 577014 reads in 133.039 CPU sec, 16.707 real sec
[M::process] read 579254 sequences (80000042 bp)...
[M::mem_pestat] # candidate unique pairs for (FF, FR, RF, RR): (1, 203202, 0, 2)
[M::mem_pestat] skip orientation FF as there are not enough pairs
[M::mem_pestat] analyzing insert size distribution for orientation FR...
[M::mem_pestat] (25, 50, 75) percentile: (126, 168, 226)
[M::mem_pestat] low and high boundaries for computing mean and std.dev: (1, 426)
[M::mem_pestat] mean and std.dev: (180.07, 74.40)
[M::mem_pestat] low and high boundaries for proper pairs: (1, 526)
[M::mem_pestat] skip orientation RF as there are not enough pairs
[M::mem_pestat] skip orientation RR as there are not enough pairs
[M::mem_process_seqs] Processed 579482 reads in 129.427 CPU sec, 16.245 real sec
[M::process] read 578822 sequences (80000005 bp)...
[M::mem_pestat] # candidate unique pairs for (FF, FR, RF, RR): (0, 207290, 1, 1)
[M::mem_pestat] skip orientation FF as there are not enough pairs
[M::mem_pestat] analyzing insert size distribution for orientation FR...
[M::mem_pestat] (25, 50, 75) percentile: (126, 166, 220)
[M::mem_pestat] low and high boundaries for computing mean and std.dev: (1, 408)
[M::mem_pestat] mean and std.dev: (176.68, 70.19)
[M::mem_pestat] low and high boundaries for proper pairs: (1, 502)
[M::mem_pestat] skip orientation RF as there are not enough pairs
[M::mem_pestat] skip orientation RR as there are not enough pairs
[M::mem_process_seqs] Processed 579254 reads in 124.172 CPU sec, 15.564 real sec
[M::process] read 581866 sequences (80000125 bp)...
[M::mem_pestat] # candidate unique pairs for (FF, FR, RF, RR): (0, 208745, 2, 8)
[M::mem_pestat] skip orientation FF as there are not enough pairs
[M::mem_pestat] analyzing insert size distribution for orientation FR...
[M::mem_pestat] (25, 50, 75) percentile: (126, 164, 217)
[M::mem_pestat] low and high boundaries for computing mean and std.dev: (1, 399)
[M::mem_pestat] mean and std.dev: (175.36, 67.90)
[M::mem_pestat] low and high boundaries for proper pairs: (1, 490)
[M::mem_pestat] skip orientation RF as there are not enough pairs
[M::mem_pestat] skip orientation RR as there are not enough pairs
[M::mem_process_seqs] Processed 578822 reads in 123.399 CPU sec, 15.466 real sec
[M::process] read 585496 sequences (80000001 bp)...
[M::mem_pestat] # candidate unique pairs for (FF, FR, RF, RR): (2, 211453, 0, 4)
[M::mem_pestat] skip orientation FF as there are not enough pairs
[M::mem_pestat] analyzing insert size distribution for orientation FR...
[M::mem_pestat] (25, 50, 75) percentile: (126, 164, 216)
[M::mem_pestat] low and high boundaries for computing mean and std.dev: (1, 396)
[M::mem_pestat] mean and std.dev: (174.20, 67.76)
[M::mem_pestat] low and high boundaries for proper pairs: (1, 486)
[M::mem_pestat] skip orientation RF as there are not enough pairs
[M::mem_pestat] skip orientation RR as there are not enough pairs
[M::mem_process_seqs] Processed 581866 reads in 121.437 CPU sec, 15.217 real sec
[M::process] read 586434 sequences (80000266 bp)...
[M::mem_pestat] # candidate unique pairs for (FF, FR, RF, RR): (1, 213618, 0, 2)
[M::mem_pestat] skip orientation FF as there are not enough pairs
[M::mem_pestat] analyzing insert size distribution for orientation FR...
[M::mem_pestat] (25, 50, 75) percentile: (122, 163, 217)
[M::mem_pestat] low and high boundaries for computing mean and std.dev: (1, 407)
[M::mem_pestat] mean and std.dev: (173.62, 70.18)
[M::mem_pestat] low and high boundaries for proper pairs: (1, 502)
[M::mem_pestat] skip orientation RF as there are not enough pairs
[M::mem_pestat] skip orientation RR as there are not enough pairs
[M::mem_process_seqs] Processed 585496 reads in 120.211 CPU sec, 14.969 real sec
[M::process] read 585228 sequences (80000096 bp)...
[M::mem_pestat] # candidate unique pairs for (FF, FR, RF, RR): (4, 207797, 1, 2)
[M::mem_pestat] skip orientation FF as there are not enough pairs
[M::mem_pestat] analyzing insert size distribution for orientation FR...
[M::mem_pestat] (25, 50, 75) percentile: (121, 166, 224)
[M::mem_pestat] low and high boundaries for computing mean and std.dev: (1, 430)
[M::mem_pestat] mean and std.dev: (177.30, 75.42)
[M::mem_pestat] low and high boundaries for proper pairs: (1, 533)
[M::mem_pestat] skip orientation RF as there are not enough pairs
[M::mem_pestat] skip orientation RR as there are not enough pairs
[M::mem_process_seqs] Processed 586434 reads in 132.886 CPU sec, 16.678 real sec
[M::process] read 586204 sequences (80000277 bp)...
[M::mem_pestat] # candidate unique pairs for (FF, FR, RF, RR): (2, 206949, 4, 0)
[M::mem_pestat] skip orientation FF as there are not enough pairs
[M::mem_pestat] analyzing insert size distribution for orientation FR...
[M::mem_pestat] (25, 50, 75) percentile: (122, 166, 224)
[M::mem_pestat] low and high boundaries for computing mean and std.dev: (1, 428)
[M::mem_pestat] mean and std.dev: (177.56, 75.30)
[M::mem_pestat] low and high boundaries for proper pairs: (1, 530)
[M::mem_pestat] skip orientation RF as there are not enough pairs
[M::mem_pestat] skip orientation RR as there are not enough pairs
[M::mem_process_seqs] Processed 585228 reads in 132.266 CPU sec, 16.613 real sec
[M::process] read 584450 sequences (80000228 bp)...
[M::mem_pestat] # candidate unique pairs for (FF, FR, RF, RR): (0, 206726, 1, 2)
[M::mem_pestat] skip orientation FF as there are not enough pairs
[M::mem_pestat] analyzing insert size distribution for orientation FR...
[M::mem_pestat] (25, 50, 75) percentile: (122, 167, 226)
[M::mem_pestat] low and high boundaries for computing mean and std.dev: (1, 434)
[M::mem_pestat] mean and std.dev: (178.76, 76.50)
[M::mem_pestat] low and high boundaries for proper pairs: (1, 538)
[M::mem_pestat] skip orientation RF as there are not enough pairs
[M::mem_pestat] skip orientation RR as there are not enough pairs
[M::mem_process_seqs] Processed 586204 reads in 155.464 CPU sec, 19.483 real sec
[M::process] read 582846 sequences (80000108 bp)...
[M::mem_pestat] # candidate unique pairs for (FF, FR, RF, RR): (3, 200484, 0, 1)
[M::mem_pestat] skip orientation FF as there are not enough pairs
[M::mem_pestat] analyzing insert size distribution for orientation FR...
[M::mem_pestat] (25, 50, 75) percentile: (124, 171, 233)
[M::mem_pestat] low and high boundaries for computing mean and std.dev: (1, 451)
[M::mem_pestat] mean and std.dev: (183.18, 80.16)
[M::mem_pestat] low and high boundaries for proper pairs: (1, 560)
[M::mem_pestat] skip orientation RF as there are not enough pairs
[M::mem_pestat] skip orientation RR as there are not enough pairs
[M::mem_process_seqs] Processed 584450 reads in 160.914 CPU sec, 20.207 real sec
[M::process] read 581944 sequences (80000054 bp)...
[M::mem_pestat] # candidate unique pairs for (FF, FR, RF, RR): (0, 198205, 1, 1)
[M::mem_pestat] skip orientation FF as there are not enough pairs
[M::mem_pestat] analyzing insert size distribution for orientation FR...
[M::mem_pestat] (25, 50, 75) percentile: (124, 171, 233)
[M::mem_pestat] low and high boundaries for computing mean and std.dev: (1, 451)
[M::mem_pestat] mean and std.dev: (183.49, 80.68)
[M::mem_pestat] low and high boundaries for proper pairs: (1, 560)
[M::mem_pestat] skip orientation RF as there are not enough pairs
[M::mem_pestat] skip orientation RR as there are not enough pairs
[M::mem_process_seqs] Processed 582846 reads in 144.628 CPU sec, 18.142 real sec
[M::process] read 582288 sequences (80000133 bp)...
[M::mem_pestat] # candidate unique pairs for (FF, FR, RF, RR): (1, 204460, 3, 0)
[M::mem_pestat] skip orientation FF as there are not enough pairs
[M::mem_pestat] analyzing insert size distribution for orientation FR...
[M::mem_pestat] (25, 50, 75) percentile: (125, 167, 224)
[M::mem_pestat] low and high boundaries for computing mean and std.dev: (1, 422)
[M::mem_pestat] mean and std.dev: (178.55, 74.27)
[M::mem_pestat] low and high boundaries for proper pairs: (1, 521)
[M::mem_pestat] skip orientation RF as there are not enough pairs
[M::mem_pestat] skip orientation RR as there are not enough pairs
[M::mem_process_seqs] Processed 581944 reads in 130.355 CPU sec, 16.334 real sec
[M::process] read 597330 sequences (80000293 bp)...
[M::mem_pestat] # candidate unique pairs for (FF, FR, RF, RR): (1, 208433, 1, 1)
[M::mem_pestat] skip orientation FF as there are not enough pairs
[M::mem_pestat] analyzing insert size distribution for orientation FR...
[M::mem_pestat] (25, 50, 75) percentile: (126, 165, 218)
[M::mem_pestat] low and high boundaries for computing mean and std.dev: (1, 402)
[M::mem_pestat] mean and std.dev: (175.53, 69.19)
[M::mem_pestat] low and high boundaries for proper pairs: (1, 494)
[M::mem_pestat] skip orientation RF as there are not enough pairs
[M::mem_pestat] skip orientation RR as there are not enough pairs
[M::mem_process_seqs] Processed 582288 reads in 124.592 CPU sec, 15.525 real sec
[M::process] read 587178 sequences (80000077 bp)...
[M::mem_pestat] # candidate unique pairs for (FF, FR, RF, RR): (1, 216281, 2, 8)
[M::mem_pestat] skip orientation FF as there are not enough pairs
[M::mem_pestat] analyzing insert size distribution for orientation FR...
[M::mem_pestat] (25, 50, 75) percentile: (124, 162, 214)
[M::mem_pestat] low and high boundaries for computing mean and std.dev: (1, 394)
[M::mem_pestat] mean and std.dev: (172.39, 67.56)
[M::mem_pestat] low and high boundaries for proper pairs: (1, 484)
[M::mem_pestat] skip orientation RF as there are not enough pairs
[M::mem_pestat] skip orientation RR as there are not enough pairs
[M::mem_process_seqs] Processed 597330 reads in 136.035 CPU sec, 17.071 real sec
[M::process] read 588112 sequences (80000228 bp)...
[M::mem_pestat] # candidate unique pairs for (FF, FR, RF, RR): (0, 214965, 5, 1)
[M::mem_pestat] skip orientation FF as there are not enough pairs
[M::mem_pestat] analyzing insert size distribution for orientation FR...
[M::mem_pestat] (25, 50, 75) percentile: (121, 161, 215)
[M::mem_pestat] low and high boundaries for computing mean and std.dev: (1, 403)
[M::mem_pestat] mean and std.dev: (171.87, 69.35)
[M::mem_pestat] low and high boundaries for proper pairs: (1, 497)
[M::mem_pestat] skip orientation RF as there are not enough pairs
[M::mem_pestat] skip orientation RR as there are not enough pairs
[M::mem_process_seqs] Processed 587178 reads in 121.020 CPU sec, 15.172 real sec
[M::process] read 584442 sequences (80000066 bp)...
[M::mem_pestat] # candidate unique pairs for (FF, FR, RF, RR): (1, 212691, 2, 1)
[M::mem_pestat] skip orientation FF as there are not enough pairs
[M::mem_pestat] analyzing insert size distribution for orientation FR...
[M::mem_pestat] (25, 50, 75) percentile: (120, 162, 217)
[M::mem_pestat] low and high boundaries for computing mean and std.dev: (1, 411)
[M::mem_pestat] mean and std.dev: (172.98, 71.92)
[M::mem_pestat] low and high boundaries for proper pairs: (1, 508)
[M::mem_pestat] skip orientation RF as there are not enough pairs
[M::mem_pestat] skip orientation RR as there are not enough pairs
[M::mem_process_seqs] Processed 588112 reads in 119.649 CPU sec, 14.986 real sec
[M::process] read 584204 sequences (80000220 bp)...
[M::mem_pestat] # candidate unique pairs for (FF, FR, RF, RR): (0, 210272, 4, 3)
[M::mem_pestat] skip orientation FF as there are not enough pairs
[M::mem_pestat] analyzing insert size distribution for orientation FR...
[M::mem_pestat] (25, 50, 75) percentile: (122, 164, 219)
[M::mem_pestat] low and high boundaries for computing mean and std.dev: (1, 413)
[M::mem_pestat] mean and std.dev: (175.03, 71.96)
[M::mem_pestat] low and high boundaries for proper pairs: (1, 510)
[M::mem_pestat] skip orientation RF as there are not enough pairs
[M::mem_pestat] skip orientation RR as there are not enough pairs
[M::mem_process_seqs] Processed 584442 reads in 125.838 CPU sec, 15.769 real sec
[M::process] read 588428 sequences (80000071 bp)...
[M::mem_pestat] # candidate unique pairs for (FF, FR, RF, RR): (1, 209212, 0, 1)
[M::mem_pestat] skip orientation FF as there are not enough pairs
[M::mem_pestat] analyzing insert size distribution for orientation FR...
[M::mem_pestat] (25, 50, 75) percentile: (122, 164, 221)
[M::mem_pestat] low and high boundaries for computing mean and std.dev: (1, 419)
[M::mem_pestat] mean and std.dev: (175.83, 72.89)
[M::mem_pestat] low and high boundaries for proper pairs: (1, 518)
[M::mem_pestat] skip orientation RF as there are not enough pairs
[M::mem_pestat] skip orientation RR as there are not enough pairs
[M::mem_process_seqs] Processed 584204 reads in 139.632 CPU sec, 17.481 real sec
[M::process] read 584888 sequences (80000024 bp)...
[M::mem_pestat] # candidate unique pairs for (FF, FR, RF, RR): (0, 210515, 1, 4)
[M::mem_pestat] skip orientation FF as there are not enough pairs
[M::mem_pestat] analyzing insert size distribution for orientation FR...
[M::mem_pestat] (25, 50, 75) percentile: (120, 162, 219)
[M::mem_pestat] low and high boundaries for computing mean and std.dev: (1, 417)
[M::mem_pestat] mean and std.dev: (173.67, 72.95)
[M::mem_pestat] low and high boundaries for proper pairs: (1, 516)
[M::mem_pestat] skip orientation RF as there are not enough pairs
[M::mem_pestat] skip orientation RR as there are not enough pairs
[M::mem_process_seqs] Processed 588428 reads in 165.716 CPU sec, 20.750 real sec
[M::process] read 584396 sequences (80000155 bp)...
[M::mem_pestat] # candidate unique pairs for (FF, FR, RF, RR): (2, 205608, 1, 2)
[M::mem_pestat] skip orientation FF as there are not enough pairs
[M::mem_pestat] analyzing insert size distribution for orientation FR...
[M::mem_pestat] (25, 50, 75) percentile: (122, 166, 224)
[M::mem_pestat] low and high boundaries for computing mean and std.dev: (1, 428)
[M::mem_pestat] mean and std.dev: (177.73, 75.40)
[M::mem_pestat] low and high boundaries for proper pairs: (1, 530)
[M::mem_pestat] skip orientation RF as there are not enough pairs
[M::mem_pestat] skip orientation RR as there are not enough pairs
[M::mem_process_seqs] Processed 584888 reads in 135.746 CPU sec, 16.923 real sec
[M::process] read 587132 sequences (80000280 bp)...
[M::mem_pestat] # candidate unique pairs for (FF, FR, RF, RR): (2, 204198, 1, 2)
[M::mem_pestat] skip orientation FF as there are not enough pairs
[M::mem_pestat] analyzing insert size distribution for orientation FR...
[M::mem_pestat] (25, 50, 75) percentile: (124, 166, 225)
[M::mem_pestat] low and high boundaries for computing mean and std.dev: (1, 427)
[M::mem_pestat] mean and std.dev: (178.59, 75.59)
[M::mem_pestat] low and high boundaries for proper pairs: (1, 528)
[M::mem_pestat] skip orientation RF as there are not enough pairs
[M::mem_pestat] skip orientation RR as there are not enough pairs
[M::mem_process_seqs] Processed 584396 reads in 141.776 CPU sec, 17.769 real sec
[M::process] read 603348 sequences (80000040 bp)...
[M::mem_pestat] # candidate unique pairs for (FF, FR, RF, RR): (0, 212912, 1, 2)
[M::mem_pestat] skip orientation FF as there are not enough pairs
[M::mem_pestat] analyzing insert size distribution for orientation FR...
[M::mem_pestat] (25, 50, 75) percentile: (124, 162, 215)
[M::mem_pestat] low and high boundaries for computing mean and std.dev: (1, 397)
[M::mem_pestat] mean and std.dev: (172.77, 68.45)
[M::mem_pestat] low and high boundaries for proper pairs: (1, 488)
[M::mem_pestat] skip orientation RF as there are not enough pairs
[M::mem_pestat] skip orientation RR as there are not enough pairs
[M::mem_process_seqs] Processed 587132 reads in 133.481 CPU sec, 16.754 real sec
[M::process] read 590164 sequences (80000067 bp)...
[M::mem_pestat] # candidate unique pairs for (FF, FR, RF, RR): (5, 218387, 4, 0)
[M::mem_pestat] skip orientation FF as there are not enough pairs
[M::mem_pestat] analyzing insert size distribution for orientation FR...
[M::mem_pestat] (25, 50, 75) percentile: (125, 162, 213)
[M::mem_pestat] low and high boundaries for computing mean and std.dev: (1, 389)
[M::mem_pestat] mean and std.dev: (171.87, 66.35)
[M::mem_pestat] low and high boundaries for proper pairs: (1, 477)
[M::mem_pestat] skip orientation RF as there are not enough pairs
[M::mem_pestat] skip orientation RR as there are not enough pairs
[M::mem_process_seqs] Processed 603348 reads in 136.671 CPU sec, 17.139 real sec
[M::process] read 589066 sequences (80000027 bp)...
[M::mem_pestat] # candidate unique pairs for (FF, FR, RF, RR): (2, 214149, 2, 2)
[M::mem_pestat] skip orientation FF as there are not enough pairs
[M::mem_pestat] analyzing insert size distribution for orientation FR...
[M::mem_pestat] (25, 50, 75) percentile: (119, 161, 216)
[M::mem_pestat] low and high boundaries for computing mean and std.dev: (1, 410)
[M::mem_pestat] mean and std.dev: (172.05, 71.37)
[M::mem_pestat] low and high boundaries for proper pairs: (1, 507)
[M::mem_pestat] skip orientation RF as there are not enough pairs
[M::mem_pestat] skip orientation RR as there are not enough pairs
[M::mem_process_seqs] Processed 590164 reads in 123.839 CPU sec, 15.459 real sec
[M::process] read 584254 sequences (80000098 bp)...
[M::mem_pestat] # candidate unique pairs for (FF, FR, RF, RR): (0, 212038, 1, 1)
[M::mem_pestat] skip orientation FF as there are not enough pairs
[M::mem_pestat] analyzing insert size distribution for orientation FR...
[M::mem_pestat] (25, 50, 75) percentile: (120, 163, 219)
[M::mem_pestat] low and high boundaries for computing mean and std.dev: (1, 417)
[M::mem_pestat] mean and std.dev: (173.65, 72.87)
[M::mem_pestat] low and high boundaries for proper pairs: (1, 516)
[M::mem_pestat] skip orientation RF as there are not enough pairs
[M::mem_pestat] skip orientation RR as there are not enough pairs
[M::mem_process_seqs] Processed 589066 reads in 134.285 CPU sec, 16.862 real sec
[M::process] read 590026 sequences (80000013 bp)...
[M::mem_pestat] # candidate unique pairs for (FF, FR, RF, RR): (2, 206277, 0, 0)
[M::mem_pestat] skip orientation FF as there are not enough pairs
[M::mem_pestat] analyzing insert size distribution for orientation FR...
[M::mem_pestat] (25, 50, 75) percentile: (123, 167, 225)
[M::mem_pestat] low and high boundaries for computing mean and std.dev: (1, 429)
[M::mem_pestat] mean and std.dev: (178.41, 75.60)
[M::mem_pestat] low and high boundaries for proper pairs: (1, 531)
[M::mem_pestat] skip orientation RF as there are not enough pairs
[M::mem_pestat] skip orientation RR as there are not enough pairs
[M::mem_process_seqs] Processed 584254 reads in 152.331 CPU sec, 19.079 real sec
[M::process] read 582440 sequences (80000225 bp)...
[M::mem_pestat] # candidate unique pairs for (FF, FR, RF, RR): (7, 209838, 2, 4)
[M::mem_pestat] skip orientation FF as there are not enough pairs
[M::mem_pestat] analyzing insert size distribution for orientation FR...
[M::mem_pestat] (25, 50, 75) percentile: (119, 163, 220)
[M::mem_pestat] low and high boundaries for computing mean and std.dev: (1, 422)
[M::mem_pestat] mean and std.dev: (174.67, 74.56)
[M::mem_pestat] low and high boundaries for proper pairs: (1, 523)
[M::mem_pestat] skip orientation RF as there are not enough pairs
[M::mem_pestat] skip orientation RR as there are not enough pairs
[M::mem_process_seqs] Processed 590026 reads in 172.509 CPU sec, 21.665 real sec
[M::process] read 578732 sequences (80000173 bp)...
[M::mem_pestat] # candidate unique pairs for (FF, FR, RF, RR): (0, 198276, 0, 3)
[M::mem_pestat] skip orientation FF as there are not enough pairs
[M::mem_pestat] analyzing insert size distribution for orientation FR...
[M::mem_pestat] (25, 50, 75) percentile: (125, 171, 235)
[M::mem_pestat] low and high boundaries for computing mean and std.dev: (1, 455)
[M::mem_pestat] mean and std.dev: (184.26, 81.03)
[M::mem_pestat] low and high boundaries for proper pairs: (1, 565)
[M::mem_pestat] skip orientation RF as there are not enough pairs
[M::mem_pestat] skip orientation RR as there are not enough pairs
[M::mem_process_seqs] Processed 582440 reads in 152.494 CPU sec, 19.095 real sec
[M::process] read 579786 sequences (80000040 bp)...
[M::mem_pestat] # candidate unique pairs for (FF, FR, RF, RR): (1, 199930, 1, 0)
[M::mem_pestat] skip orientation FF as there are not enough pairs
[M::mem_pestat] analyzing insert size distribution for orientation FR...
[M::mem_pestat] (25, 50, 75) percentile: (127, 171, 231)
[M::mem_pestat] low and high boundaries for computing mean and std.dev: (1, 439)
[M::mem_pestat] mean and std.dev: (183.09, 77.26)
[M::mem_pestat] low and high boundaries for proper pairs: (1, 543)
[M::mem_pestat] skip orientation RF as there are not enough pairs
[M::mem_pestat] skip orientation RR as there are not enough pairs
[M::mem_process_seqs] Processed 578732 reads in 134.513 CPU sec, 16.852 real sec
[M::process] read 582462 sequences (80000288 bp)...
[M::mem_pestat] # candidate unique pairs for (FF, FR, RF, RR): (0, 204531, 4, 3)
[M::mem_pestat] skip orientation FF as there are not enough pairs
[M::mem_pestat] analyzing insert size distribution for orientation FR...
[M::mem_pestat] (25, 50, 75) percentile: (126, 167, 224)
[M::mem_pestat] low and high boundaries for computing mean and std.dev: (1, 420)
[M::mem_pestat] mean and std.dev: (178.69, 73.15)
[M::mem_pestat] low and high boundaries for proper pairs: (1, 518)
[M::mem_pestat] skip orientation RF as there are not enough pairs
[M::mem_pestat] skip orientation RR as there are not enough pairs
[M::mem_process_seqs] Processed 579786 reads in 131.171 CPU sec, 16.436 real sec
[M::process] read 533268 sequences (72987121 bp)...
[M::mem_pestat] # candidate unique pairs for (FF, FR, RF, RR): (6, 210209, 2, 3)
[M::mem_pestat] skip orientation FF as there are not enough pairs
[M::mem_pestat] analyzing insert size distribution for orientation FR...
[M::mem_pestat] (25, 50, 75) percentile: (124, 164, 217)
[M::mem_pestat] low and high boundaries for computing mean and std.dev: (1, 403)
[M::mem_pestat] mean and std.dev: (174.58, 69.64)
[M::mem_pestat] low and high boundaries for proper pairs: (1, 496)
[M::mem_pestat] skip orientation RF as there are not enough pairs
[M::mem_pestat] skip orientation RR as there are not enough pairs
[M::mem_process_seqs] Processed 582462 reads in 125.793 CPU sec, 15.713 real sec
[M::mem_pestat] # candidate unique pairs for (FF, FR, RF, RR): (0, 192738, 2, 0)
[M::mem_pestat] skip orientation FF as there are not enough pairs
[M::mem_pestat] analyzing insert size distribution for orientation FR...
[M::mem_pestat] (25, 50, 75) percentile: (125, 163, 215)
[M::mem_pestat] low and high boundaries for computing mean and std.dev: (1, 395)
[M::mem_pestat] mean and std.dev: (173.22, 67.51)
[M::mem_pestat] low and high boundaries for proper pairs: (1, 485)
[M::mem_pestat] skip orientation RF as there are not enough pairs
[M::mem_pestat] skip orientation RR as there are not enough pairs
[M::mem_process_seqs] Processed 533268 reads in 116.112 CPU sec, 14.582 real sec
[main] Version: 0.7.19-r1273
[main] CMD: bwa mem -t 8 -M -R @RG\tID:OC\tPL:illumina\tSM:OC\tLB:WES_OC /lustre1/share/references/hg38.fa /lustre1/user/bjx131_pkuhpc/wes_run_full_20260920/0_fastq/OC_R1.clean.fq.gz /lustre1/user/bjx131_pkuhpc/wes_run_full_20260920/0_fastq/OC_R2.clean.fq.gz
[main] Real time: 1989.231 sec; CPU: 15830.479 sec
[bam_sort_core] merging from 0 files and 8 in-memory blocks...
Using GATK jar /lustre1/share/miniconda3/envs/wes/share/gatk4-4.6.2.0-1/gatk-package-4.6.2.0-local.jar
Running:
    java -Dsamjdk.use_async_io_read_samtools=false -Dsamjdk.use_async_io_write_samtools=true -Dsamjdk.use_async_io_write_tribble=false -Dsamjdk.compression_level=2 -Xmx8g -jar /lustre1/share/miniconda3/envs/wes/share/gatk4-4.6.2.0-1/gatk-package-4.6.2.0-local.jar MarkDuplicates -I /lustre1/user/bjx131_pkuhpc/wes_run_full_20260920/1_alignment/OC/OC_sorted.bam -O /lustre1/user/bjx131_pkuhpc/wes_run_full_20260920/1_alignment/OC/OC_sorted.markdup.bam -M /lustre1/user/bjx131_pkuhpc/wes_run_full_20260920/1_alignment/OC/OC_markdup_metrics.txt --CREATE_INDEX true
23:19:48.086 INFO  NativeLibraryLoader - Loading libgkl_compression.so from jar:file:/lustre1/share/miniconda3/envs/wes/share/gatk4-4.6.2.0-1/gatk-package-4.6.2.0-local.jar!/com/intel/gkl/native/libgkl_compression.so
[Sun Sep 20 23:19:48 CST 2026] MarkDuplicates --INPUT /lustre1/user/bjx131_pkuhpc/wes_run_full_20260920/1_alignment/OC/OC_sorted.bam --OUTPUT /lustre1/user/bjx131_pkuhpc/wes_run_full_20260920/1_alignment/OC/OC_sorted.markdup.bam --METRICS_FILE /lustre1/user/bjx131_pkuhpc/wes_run_full_20260920/1_alignment/OC/OC_markdup_metrics.txt --CREATE_INDEX true --MAX_SEQUENCES_FOR_DISK_READ_ENDS_MAP 50000 --MAX_FILE_HANDLES_FOR_READ_ENDS_MAP 8000 --SORTING_COLLECTION_SIZE_RATIO 0.25 --TAG_DUPLICATE_SET_MEMBERS false --REMOVE_SEQUENCING_DUPLICATES false --TAGGING_POLICY DontTag --CLEAR_DT true --DUPLEX_UMI false --FLOW_MODE false --FLOW_DUP_STRATEGY FLOW_QUALITY_SUM_STRATEGY --FLOW_USE_END_IN_UNPAIRED_READS false --FLOW_USE_UNPAIRED_CLIPPED_END false --FLOW_UNPAIRED_END_UNCERTAINTY 0 --FLOW_UNPAIRED_START_UNCERTAINTY 0 --FLOW_SKIP_FIRST_N_FLOWS 0 --FLOW_Q_IS_KNOWN_END false --FLOW_EFFECTIVE_QUALITY_THRESHOLD 15 --ADD_PG_TAG_TO_READS true --REMOVE_DUPLICATES false --ASSUME_SORTED false --DUPLICATE_SCORING_STRATEGY SUM_OF_BASE_QUALITIES --PROGRAM_RECORD_ID MarkDuplicates --PROGRAM_GROUP_NAME MarkDuplicates --READ_NAME_REGEX <optimized capture of last three ':' separated fields as numeric values> --OPTICAL_DUPLICATE_PIXEL_DISTANCE 100 --MAX_OPTICAL_DUPLICATE_SET_SIZE 300000 --VERBOSITY INFO --QUIET false --VALIDATION_STRINGENCY STRICT --COMPRESSION_LEVEL 2 --MAX_RECORDS_IN_RAM 500000 --CREATE_MD5_FILE false --help false --version false --showHidden false --USE_JDK_DEFLATER false --USE_JDK_INFLATER false
[Sun Sep 20 23:19:48 CST 2026] Executing as bjx131_pkuhpc@s29b00n60 on Linux 4.18.0-477.10.1.el8_8.x86_64 amd64; OpenJDK 64-Bit Server VM 17.0.3-internal+0-adhoc..src; Deflater: Intel; Inflater: Intel; Provider GCS is available; Picard version: Version:4.6.2.0
INFO	2026-09-20 23:19:48	MarkDuplicates	Start of doWork freeMemory: 93965560; totalMemory: 125829120; maxMemory: 8589934592
INFO	2026-09-20 23:19:48	MarkDuplicates	Reading input file and constructing read end information.
INFO	2026-09-20 23:19:48	MarkDuplicates	Will retain up to 31122951 data points before spilling to disk.
INFO	2026-09-20 23:19:52	MarkDuplicates	Read     1,000,000 records.  Elapsed time: 00:00:03s.  Time for last 1,000,000:    3s.  Last read position: chr1:20,139,526
INFO	2026-09-20 23:19:52	MarkDuplicates	Tracking 124655 as yet unmatched pairs. 8875 records in RAM.
INFO	2026-09-20 23:19:55	MarkDuplicates	Read     2,000,000 records.  Elapsed time: 00:00:06s.  Time for last 1,000,000:    2s.  Last read position: chr1:40,308,292
INFO	2026-09-20 23:19:55	MarkDuplicates	Tracking 242515 as yet unmatched pairs. 15607 records in RAM.
INFO	2026-09-20 23:19:57	MarkDuplicates	Read     3,000,000 records.  Elapsed time: 00:00:08s.  Time for last 1,000,000:    2s.  Last read position: chr1:78,492,834
INFO	2026-09-20 23:19:57	MarkDuplicates	Tracking 381129 as yet unmatched pairs. 20096 records in RAM.
INFO	2026-09-20 23:19:59	MarkDuplicates	Read     4,000,000 records.  Elapsed time: 00:00:11s.  Time for last 1,000,000:    2s.  Last read position: chr1:145,403,101
INFO	2026-09-20 23:19:59	MarkDuplicates	Tracking 543317 as yet unmatched pairs. 21404 records in RAM.
INFO	2026-09-20 23:20:02	MarkDuplicates	Read     5,000,000 records.  Elapsed time: 00:00:13s.  Time for last 1,000,000:    2s.  Last read position: chr1:160,312,112
INFO	2026-09-20 23:20:02	MarkDuplicates	Tracking 641444 as yet unmatched pairs. 18978 records in RAM.
INFO	2026-09-20 23:20:04	MarkDuplicates	Read     6,000,000 records.  Elapsed time: 00:00:16s.  Time for last 1,000,000:    2s.  Last read position: chr1:202,012,874
INFO	2026-09-20 23:20:04	MarkDuplicates	Tracking 771097 as yet unmatched pairs. 12845 records in RAM.
INFO	2026-09-20 23:20:06	MarkDuplicates	Read     7,000,000 records.  Elapsed time: 00:00:18s.  Time for last 1,000,000:    2s.  Last read position: chr1:235,341,615
INFO	2026-09-20 23:20:06	MarkDuplicates	Tracking 889495 as yet unmatched pairs. 3548 records in RAM.
INFO	2026-09-20 23:20:10	MarkDuplicates	Read     8,000,000 records.  Elapsed time: 00:00:22s.  Time for last 1,000,000:    3s.  Last read position: chr10:40,128,221
INFO	2026-09-20 23:20:10	MarkDuplicates	Tracking 1026646 as yet unmatched pairs. 34049 records in RAM.
INFO	2026-09-20 23:20:13	MarkDuplicates	Read     9,000,000 records.  Elapsed time: 00:00:25s.  Time for last 1,000,000:    3s.  Last read position: chr10:86,959,473
INFO	2026-09-20 23:20:13	MarkDuplicates	Tracking 1160166 as yet unmatched pairs. 20862 records in RAM.
INFO	2026-09-20 23:20:16	MarkDuplicates	Read    10,000,000 records.  Elapsed time: 00:00:27s.  Time for last 1,000,000:    2s.  Last read position: chr10:120,598,276
INFO	2026-09-20 23:20:16	MarkDuplicates	Tracking 1267311 as yet unmatched pairs. 6437 records in RAM.
INFO	2026-09-20 23:20:21	MarkDuplicates	Read    11,000,000 records.  Elapsed time: 00:00:32s.  Time for last 1,000,000:    4s.  Last read position: chr11:12,002,358
INFO	2026-09-20 23:20:21	MarkDuplicates	Tracking 1365882 as yet unmatched pairs. 66605 records in RAM.
INFO	2026-09-20 23:20:23	MarkDuplicates	Read    12,000,000 records.  Elapsed time: 00:00:35s.  Time for last 1,000,000:    2s.  Last read position: chr11:59,806,560
INFO	2026-09-20 23:20:23	MarkDuplicates	Tracking 1483435 as yet unmatched pairs. 50609 records in RAM.
INFO	2026-09-20 23:20:25	MarkDuplicates	Read    13,000,000 records.  Elapsed time: 00:00:37s.  Time for last 1,000,000:    2s.  Last read position: chr11:71,957,638
INFO	2026-09-20 23:20:25	MarkDuplicates	Tracking 1562130 as yet unmatched pairs. 37108 records in RAM.
INFO	2026-09-20 23:20:28	MarkDuplicates	Read    14,000,000 records.  Elapsed time: 00:00:39s.  Time for last 1,000,000:    2s.  Last read position: chr11:117,291,822
INFO	2026-09-20 23:20:28	MarkDuplicates	Tracking 1667560 as yet unmatched pairs. 13663 records in RAM.
INFO	2026-09-20 23:20:33	MarkDuplicates	Read    15,000,000 records.  Elapsed time: 00:00:45s.  Time for last 1,000,000:    5s.  Last read position: chr12:7,929,596
INFO	2026-09-20 23:20:33	MarkDuplicates	Tracking 1752096 as yet unmatched pairs. 87747 records in RAM.
INFO	2026-09-20 23:20:36	MarkDuplicates	Read    16,000,000 records.  Elapsed time: 00:00:47s.  Time for last 1,000,000:    2s.  Last read position: chr12:50,731,435
INFO	2026-09-20 23:20:36	MarkDuplicates	Tracking 1847654 as yet unmatched pairs. 64845 records in RAM.
INFO	2026-09-20 23:20:38	MarkDuplicates	Read    17,000,000 records.  Elapsed time: 00:00:50s.  Time for last 1,000,000:    2s.  Last read position: chr12:79,362,869
INFO	2026-09-20 23:20:38	MarkDuplicates	Tracking 1926711 as yet unmatched pairs. 42459 records in RAM.
INFO	2026-09-20 23:20:41	MarkDuplicates	Read    18,000,000 records.  Elapsed time: 00:00:52s.  Time for last 1,000,000:    2s.  Last read position: chr12:120,265,494
INFO	2026-09-20 23:20:41	MarkDuplicates	Tracking 2013320 as yet unmatched pairs. 13381 records in RAM.
INFO	2026-09-20 23:20:46	MarkDuplicates	Read    19,000,000 records.  Elapsed time: 00:00:57s.  Time for last 1,000,000:    4s.  Last read position: chr13:43,361,279
INFO	2026-09-20 23:20:46	MarkDuplicates	Tracking 2099002 as yet unmatched pairs. 43910 records in RAM.
INFO	2026-09-20 23:20:51	MarkDuplicates	Read    20,000,000 records.  Elapsed time: 00:01:02s.  Time for last 1,000,000:    5s.  Last read position: chr14:20,770,381
INFO	2026-09-20 23:20:51	MarkDuplicates	Tracking 2206758 as yet unmatched pairs. 78484 records in RAM.
INFO	2026-09-20 23:20:54	MarkDuplicates	Read    21,000,000 records.  Elapsed time: 00:01:05s.  Time for last 1,000,000:    2s.  Last read position: chr14:64,564,750
INFO	2026-09-20 23:20:54	MarkDuplicates	Tracking 2283216 as yet unmatched pairs. 43736 records in RAM.
INFO	2026-09-20 23:20:56	MarkDuplicates	Read    22,000,000 records.  Elapsed time: 00:01:07s.  Time for last 1,000,000:    2s.  Last read position: chr14:102,498,344
INFO	2026-09-20 23:20:56	MarkDuplicates	Tracking 2352914 as yet unmatched pairs. 6902 records in RAM.
INFO	2026-09-20 23:21:02	MarkDuplicates	Read    23,000,000 records.  Elapsed time: 00:01:13s.  Time for last 1,000,000:    5s.  Last read position: chr15:44,583,989
INFO	2026-09-20 23:21:02	MarkDuplicates	Tracking 2417690 as yet unmatched pairs. 66211 records in RAM.
INFO	2026-09-20 23:21:04	MarkDuplicates	Read    24,000,000 records.  Elapsed time: 00:01:16s.  Time for last 1,000,000:    2s.  Last read position: chr15:76,009,184
INFO	2026-09-20 23:21:04	MarkDuplicates	Tracking 2477004 as yet unmatched pairs. 30008 records in RAM.
INFO	2026-09-20 23:21:11	MarkDuplicates	Read    25,000,000 records.  Elapsed time: 00:01:23s.  Time for last 1,000,000:    6s.  Last read position: chr16:2,110,896
INFO	2026-09-20 23:21:11	MarkDuplicates	Tracking 2533220 as yet unmatched pairs. 118105 records in RAM.
INFO	2026-09-20 23:21:14	MarkDuplicates	Read    26,000,000 records.  Elapsed time: 00:01:25s.  Time for last 1,000,000:    2s.  Last read position: chr16:29,804,542
INFO	2026-09-20 23:21:14	MarkDuplicates	Tracking 2586244 as yet unmatched pairs. 82676 records in RAM.
INFO	2026-09-20 23:21:16	MarkDuplicates	Read    27,000,000 records.  Elapsed time: 00:01:28s.  Time for last 1,000,000:    2s.  Last read position: chr16:67,660,450
INFO	2026-09-20 23:21:16	MarkDuplicates	Tracking 2638915 as yet unmatched pairs. 37120 records in RAM.
INFO	2026-09-20 23:21:24	MarkDuplicates	Read    28,000,000 records.  Elapsed time: 00:01:35s.  Time for last 1,000,000:    7s.  Last read position: chr17:2,365,270
INFO	2026-09-20 23:21:24	MarkDuplicates	Tracking 2684140 as yet unmatched pairs. 155233 records in RAM.
INFO	2026-09-20 23:21:26	MarkDuplicates	Read    29,000,000 records.  Elapsed time: 00:01:38s.  Time for last 1,000,000:    2s.  Last read position: chr17:19,023,838
INFO	2026-09-20 23:21:26	MarkDuplicates	Tracking 2723839 as yet unmatched pairs. 120782 records in RAM.
INFO	2026-09-20 23:21:28	MarkDuplicates	Read    30,000,000 records.  Elapsed time: 00:01:40s.  Time for last 1,000,000:    2s.  Last read position: chr17:42,841,530
INFO	2026-09-20 23:21:28	MarkDuplicates	Tracking 2764482 as yet unmatched pairs. 80413 records in RAM.
INFO	2026-09-20 23:21:31	MarkDuplicates	Read    31,000,000 records.  Elapsed time: 00:01:42s.  Time for last 1,000,000:    2s.  Last read position: chr17:66,053,570
INFO	2026-09-20 23:21:31	MarkDuplicates	Tracking 2801838 as yet unmatched pairs. 38768 records in RAM.
INFO	2026-09-20 23:21:36	MarkDuplicates	Read    32,000,000 records.  Elapsed time: 00:01:48s.  Time for last 1,000,000:    5s.  Last read position: chr18:4,706,805
INFO	2026-09-20 23:21:36	MarkDuplicates	Tracking 2838263 as yet unmatched pairs. 83971 records in RAM.
INFO	2026-09-20 23:21:39	MarkDuplicates	Read    33,000,000 records.  Elapsed time: 00:01:50s.  Time for last 1,000,000:    2s.  Last read position: chr18:68,658,932
INFO	2026-09-20 23:21:39	MarkDuplicates	Tracking 2876362 as yet unmatched pairs. 12905 records in RAM.
INFO	2026-09-20 23:22:02	MarkDuplicates	Read    34,000,000 records.  Elapsed time: 00:02:14s.  Time for last 1,000,000:   23s.  Last read position: chr19:8,871,382
INFO	2026-09-20 23:22:02	MarkDuplicates	Tracking 2905698 as yet unmatched pairs. 146851 records in RAM.
INFO	2026-09-20 23:22:04	MarkDuplicates	Read    35,000,000 records.  Elapsed time: 00:02:16s.  Time for last 1,000,000:    2s.  Last read position: chr19:19,563,562
INFO	2026-09-20 23:22:04	MarkDuplicates	Tracking 2931848 as yet unmatched pairs. 107927 records in RAM.
INFO	2026-09-20 23:22:07	MarkDuplicates	Read    36,000,000 records.  Elapsed time: 00:02:18s.  Time for last 1,000,000:    2s.  Last read position: chr19:43,593,197
INFO	2026-09-20 23:22:07	MarkDuplicates	Tracking 2956556 as yet unmatched pairs. 56381 records in RAM.
INFO	2026-09-20 23:22:09	MarkDuplicates	Read    37,000,000 records.  Elapsed time: 00:02:21s.  Time for last 1,000,000:    2s.  Last read position: chr19:55,155,907
INFO	2026-09-20 23:22:09	MarkDuplicates	Tracking 2978638 as yet unmatched pairs. 13608 records in RAM.
INFO	2026-09-20 23:22:24	MarkDuplicates	Read    38,000,000 records.  Elapsed time: 00:02:36s.  Time for last 1,000,000:   15s.  Last read position: chr2:28,593,644
INFO	2026-09-20 23:22:24	MarkDuplicates	Tracking 2997185 as yet unmatched pairs. 335140 records in RAM.
INFO	2026-09-20 23:22:27	MarkDuplicates	Read    39,000,000 records.  Elapsed time: 00:02:39s.  Time for last 1,000,000:    2s.  Last read position: chr2:74,481,239
INFO	2026-09-20 23:22:27	MarkDuplicates	Tracking 3011159 as yet unmatched pairs. 265522 records in RAM.
INFO	2026-09-20 23:22:29	MarkDuplicates	Read    40,000,000 records.  Elapsed time: 00:02:41s.  Time for last 1,000,000:    2s.  Last read position: chr2:123,385,826
INFO	2026-09-20 23:22:29	MarkDuplicates	Tracking 3022056 as yet unmatched pairs. 196791 records in RAM.
INFO	2026-09-20 23:22:32	MarkDuplicates	Read    41,000,000 records.  Elapsed time: 00:02:43s.  Time for last 1,000,000:    2s.  Last read position: chr2:178,564,992
INFO	2026-09-20 23:22:32	MarkDuplicates	Tracking 3026440 as yet unmatched pairs. 119459 records in RAM.
INFO	2026-09-20 23:22:34	MarkDuplicates	Read    42,000,000 records.  Elapsed time: 00:02:46s.  Time for last 1,000,000:    2s.  Last read position: chr2:219,299,924
INFO	2026-09-20 23:22:34	MarkDuplicates	Tracking 3028798 as yet unmatched pairs. 50240 records in RAM.
INFO	2026-09-20 23:22:44	MarkDuplicates	Read    43,000,000 records.  Elapsed time: 00:02:55s.  Time for last 1,000,000:    9s.  Last read position: chr20:3,703,174
INFO	2026-09-20 23:22:44	MarkDuplicates	Tracking 3030128 as yet unmatched pairs. 187057 records in RAM.
INFO	2026-09-20 23:22:46	MarkDuplicates	Read    44,000,000 records.  Elapsed time: 00:02:57s.  Time for last 1,000,000:    2s.  Last read position: chr20:35,291,640
INFO	2026-09-20 23:22:46	MarkDuplicates	Tracking 3023038 as yet unmatched pairs. 103536 records in RAM.
INFO	2026-09-20 23:22:48	MarkDuplicates	Read    45,000,000 records.  Elapsed time: 00:03:00s.  Time for last 1,000,000:    2s.  Last read position: chr20:56,412,402
INFO	2026-09-20 23:22:48	MarkDuplicates	Tracking 3016796 as yet unmatched pairs. 34017 records in RAM.
INFO	2026-09-20 23:22:55	MarkDuplicates	Read    46,000,000 records.  Elapsed time: 00:03:06s.  Time for last 1,000,000:    6s.  Last read position: chr21:33,555,200
INFO	2026-09-20 23:22:55	MarkDuplicates	Tracking 3003694 as yet unmatched pairs. 47587 records in RAM.
INFO	2026-09-20 23:23:01	MarkDuplicates	Read    47,000,000 records.  Elapsed time: 00:03:13s.  Time for last 1,000,000:    6s.  Last read position: chr22:21,387,739
INFO	2026-09-20 23:23:01	MarkDuplicates	Tracking 2989465 as yet unmatched pairs. 93723 records in RAM.
INFO	2026-09-20 23:23:03	MarkDuplicates	Read    48,000,000 records.  Elapsed time: 00:03:15s.  Time for last 1,000,000:    2s.  Last read position: chr22:41,958,407
INFO	2026-09-20 23:23:03	MarkDuplicates	Tracking 2978108 as yet unmatched pairs. 27829 records in RAM.
INFO	2026-09-20 23:23:20	MarkDuplicates	Read    49,000,000 records.  Elapsed time: 00:03:31s.  Time for last 1,000,000:   16s.  Last read position: chr3:27,322,273
INFO	2026-09-20 23:23:20	MarkDuplicates	Tracking 2954074 as yet unmatched pairs. 350224 records in RAM.
INFO	2026-09-20 23:23:22	MarkDuplicates	Read    50,000,000 records.  Elapsed time: 00:03:34s.  Time for last 1,000,000:    2s.  Last read position: chr3:51,349,082
INFO	2026-09-20 23:23:22	MarkDuplicates	Tracking 2935109 as yet unmatched pairs. 283762 records in RAM.
INFO	2026-09-20 23:23:25	MarkDuplicates	Read    51,000,000 records.  Elapsed time: 00:03:36s.  Time for last 1,000,000:    2s.  Last read position: chr3:112,541,753
INFO	2026-09-20 23:23:25	MarkDuplicates	Tracking 2893406 as yet unmatched pairs. 177752 records in RAM.
INFO	2026-09-20 23:23:27	MarkDuplicates	Read    52,000,000 records.  Elapsed time: 00:03:38s.  Time for last 1,000,000:    2s.  Last read position: chr3:151,447,864
INFO	2026-09-20 23:23:27	MarkDuplicates	Tracking 2859515 as yet unmatched pairs. 90754 records in RAM.
INFO	2026-09-20 23:23:42	MarkDuplicates	Read    53,000,000 records.  Elapsed time: 00:03:53s.  Time for last 1,000,000:   15s.  Last read position: chr4:2,450,908
INFO	2026-09-20 23:23:42	MarkDuplicates	Tracking 2816352 as yet unmatched pairs. 347538 records in RAM.
INFO	2026-09-20 23:23:44	MarkDuplicates	Read    54,000,000 records.  Elapsed time: 00:03:56s.  Time for last 1,000,000:    2s.  Last read position: chr4:59,543,890
INFO	2026-09-20 23:23:44	MarkDuplicates	Tracking 2761790 as yet unmatched pairs. 236036 records in RAM.
INFO	2026-09-20 23:23:47	MarkDuplicates	Read    55,000,000 records.  Elapsed time: 00:03:58s.  Time for last 1,000,000:    2s.  Last read position: chr4:122,334,424
INFO	2026-09-20 23:23:47	MarkDuplicates	Tracking 2701690 as yet unmatched pairs. 120289 records in RAM.
INFO	2026-09-20 23:24:06	MarkDuplicates	Read    56,000,000 records.  Elapsed time: 00:04:17s.  Time for last 1,000,000:   19s.  Last read position: chr5:6,621,820
INFO	2026-09-20 23:24:06	MarkDuplicates	Tracking 2627875 as yet unmatched pairs. 469298 records in RAM.
INFO	2026-09-20 23:24:08	MarkDuplicates	Read    57,000,000 records.  Elapsed time: 00:04:20s.  Time for last 1,000,000:    2s.  Last read position: chr5:76,875,233
INFO	2026-09-20 23:24:08	MarkDuplicates	Tracking 2547825 as yet unmatched pairs. 339198 records in RAM.
INFO	2026-09-20 23:24:11	MarkDuplicates	Read    58,000,000 records.  Elapsed time: 00:04:22s.  Time for last 1,000,000:    2s.  Last read position: chr5:131,677,748
INFO	2026-09-20 23:24:11	MarkDuplicates	Tracking 2461078 as yet unmatched pairs. 201764 records in RAM.
INFO	2026-09-20 23:24:13	MarkDuplicates	Read    59,000,000 records.  Elapsed time: 00:04:25s.  Time for last 1,000,000:    2s.  Last read position: chr5:150,758,805
INFO	2026-09-20 23:24:13	MarkDuplicates	Tracking 2407938 as yet unmatched pairs. 114121 records in RAM.
INFO	2026-09-20 23:24:15	MarkDuplicates	Read    60,000,000 records.  Elapsed time: 00:04:27s.  Time for last 1,000,000:    2s.  Last read position: chr5:180,792,617
INFO	2026-09-20 23:24:15	MarkDuplicates	Tracking 2337369 as yet unmatched pairs. 3921 records in RAM.
INFO	2026-09-20 23:24:32	MarkDuplicates	Read    61,000,000 records.  Elapsed time: 00:04:43s.  Time for last 1,000,000:   16s.  Last read position: chr6:40,920,553
INFO	2026-09-20 23:24:32	MarkDuplicates	Tracking 2269188 as yet unmatched pairs. 304442 records in RAM.
INFO	2026-09-20 23:24:34	MarkDuplicates	Read    62,000,000 records.  Elapsed time: 00:04:46s.  Time for last 1,000,000:    2s.  Last read position: chr6:90,536,251
INFO	2026-09-20 23:24:34	MarkDuplicates	Tracking 2184314 as yet unmatched pairs. 185158 records in RAM.
INFO	2026-09-20 23:24:37	MarkDuplicates	Read    63,000,000 records.  Elapsed time: 00:04:48s.  Time for last 1,000,000:    2s.  Last read position: chr6:152,359,075
INFO	2026-09-20 23:24:37	MarkDuplicates	Tracking 2084750 as yet unmatched pairs. 48178 records in RAM.
INFO	2026-09-20 23:24:55	MarkDuplicates	Read    64,000,000 records.  Elapsed time: 00:05:06s.  Time for last 1,000,000:   18s.  Last read position: chr7:27,785,333
INFO	2026-09-20 23:24:55	MarkDuplicates	Tracking 1993367 as yet unmatched pairs. 372786 records in RAM.
INFO	2026-09-20 23:24:58	MarkDuplicates	Read    65,000,000 records.  Elapsed time: 00:05:10s.  Time for last 1,000,000:    3s.  Last read position: chr7:77,583,368
INFO	2026-09-20 23:24:58	MarkDuplicates	Tracking 1892345 as yet unmatched pairs. 243739 records in RAM.
INFO	2026-09-20 23:25:01	MarkDuplicates	Read    66,000,000 records.  Elapsed time: 00:05:12s.  Time for last 1,000,000:    2s.  Last read position: chr7:118,180,556
INFO	2026-09-20 23:25:01	MarkDuplicates	Tracking 1798569 as yet unmatched pairs. 125324 records in RAM.
INFO	2026-09-20 23:25:03	MarkDuplicates	Read    67,000,000 records.  Elapsed time: 00:05:15s.  Time for last 1,000,000:    2s.  Last read position: chr7:157,470,474
INFO	2026-09-20 23:25:03	MarkDuplicates	Tracking 1704312 as yet unmatched pairs. 5470 records in RAM.
INFO	2026-09-20 23:25:37	MarkDuplicates	Read    68,000,000 records.  Elapsed time: 00:05:49s.  Time for last 1,000,000:   34s.  Last read position: chr8:37,838,927
INFO	2026-09-20 23:25:37	MarkDuplicates	Tracking 1596005 as yet unmatched pairs. 394093 records in RAM.
INFO	2026-09-20 23:25:40	MarkDuplicates	Read    69,000,000 records.  Elapsed time: 00:05:51s.  Time for last 1,000,000:    2s.  Last read position: chr8:85,446,209
INFO	2026-09-20 23:25:40	MarkDuplicates	Tracking 1460520 as yet unmatched pairs. 237104 records in RAM.
INFO	2026-09-20 23:26:07	MarkDuplicates	Read    70,000,000 records.  Elapsed time: 00:06:19s.  Time for last 1,000,000:   27s.  Last read position: chr8:131,739,422
INFO	2026-09-20 23:26:07	MarkDuplicates	Tracking 1322289 as yet unmatched pairs. 77434 records in RAM.
INFO	2026-09-20 23:26:21	MarkDuplicates	Read    71,000,000 records.  Elapsed time: 00:06:32s.  Time for last 1,000,000:   13s.  Last read position: chr9:22,323,984
INFO	2026-09-20 23:26:21	MarkDuplicates	Tracking 1206023 as yet unmatched pairs. 255648 records in RAM.
INFO	2026-09-20 23:26:23	MarkDuplicates	Read    72,000,000 records.  Elapsed time: 00:06:35s.  Time for last 1,000,000:    2s.  Last read position: chr9:99,222,355
INFO	2026-09-20 23:26:23	MarkDuplicates	Tracking 1073762 as yet unmatched pairs. 108935 records in RAM.
INFO	2026-09-20 23:26:26	MarkDuplicates	Read    73,000,000 records.  Elapsed time: 00:06:37s.  Time for last 1,000,000:    2s.  Last read position: chr2_KI270769v1_alt:87,259
INFO	2026-09-20 23:26:26	MarkDuplicates	Tracking 965239 as yet unmatched pairs. 127 records in RAM.
INFO	2026-09-20 23:26:34	MarkDuplicates	Read    74,000,000 records.  Elapsed time: 00:06:46s.  Time for last 1,000,000:    8s.  Last read position: chr15_KI270905v1_alt:3,260,590
INFO	2026-09-20 23:26:34	MarkDuplicates	Tracking 849274 as yet unmatched pairs. 1909 records in RAM.
INFO	2026-09-20 23:26:58	MarkDuplicates	Read    75,000,000 records.  Elapsed time: 00:07:09s.  Time for last 1,000,000:   23s.  Last read position: chrX:17,864,820
INFO	2026-09-20 23:26:58	MarkDuplicates	Tracking 697550 as yet unmatched pairs. 419077 records in RAM.
INFO	2026-09-20 23:27:00	MarkDuplicates	Read    76,000,000 records.  Elapsed time: 00:07:12s.  Time for last 1,000,000:    2s.  Last read position: chrX:65,518,061
INFO	2026-09-20 23:27:00	MarkDuplicates	Tracking 556229 as yet unmatched pairs. 273919 records in RAM.
INFO	2026-09-20 23:27:02	MarkDuplicates	Read    77,000,000 records.  Elapsed time: 00:07:14s.  Time for last 1,000,000:    2s.  Last read position: chrX:120,547,083
INFO	2026-09-20 23:27:02	MarkDuplicates	Tracking 401391 as yet unmatched pairs. 115025 records in RAM.
INFO	2026-09-20 23:27:06	MarkDuplicates	Read    78,000,000 records.  Elapsed time: 00:07:18s.  Time for last 1,000,000:    3s.  Last read position: chr6_KV766194v1_fix:52,436
INFO	2026-09-20 23:27:06	MarkDuplicates	Tracking 246497 as yet unmatched pairs. 378 records in RAM.
INFO	2026-09-20 23:27:15	MarkDuplicates	Read    79,000,000 records.  Elapsed time: 00:07:27s.  Time for last 1,000,000:    9s.  Last read position: chr1_MU273333v1_fix:1,447,756
INFO	2026-09-20 23:27:15	MarkDuplicates	Tracking 83213 as yet unmatched pairs. 461 records in RAM.
INFO	2026-09-20 23:27:20	MarkDuplicates	Read 79606941 records. 0 pairs never matched.
INFO	2026-09-20 23:27:29	MarkDuplicates	After buildSortedReadEndLists freeMemory: 247426928; totalMemory: 281018368; maxMemory: 8589934592
INFO	2026-09-20 23:27:29	MarkDuplicates	Will retain up to 268435456 duplicate indices before spilling to disk.
INFO	2026-09-20 23:27:29	MarkDuplicates	Traversing read pair information and detecting duplicates.
WARNING	2026-09-20 23:27:29	SortingCollection	There is not enough memory per file for buffering. Reading will be unbuffered.
INFO	2026-09-20 23:27:42	MarkDuplicates	Traversing fragment information and detecting duplicates.
INFO	2026-09-20 23:27:59	MarkDuplicates	Sorting list of duplicate records.
INFO	2026-09-20 23:27:59	MarkDuplicates	After generateDuplicateIndexes freeMemory: 1577258608; totalMemory: 3762290688; maxMemory: 8589934592
INFO	2026-09-20 23:27:59	MarkDuplicates	Marking 5167542 records as duplicates.
INFO	2026-09-20 23:27:59	MarkDuplicates	Found 1853690 optical duplicate clusters.
INFO	2026-09-20 23:27:59	MarkDuplicates	Reads are assumed to be ordered by: coordinate
INFO	2026-09-20 23:28:30	MarkDuplicates	Written    10,000,000 records.  Elapsed time: 00:00:30s.  Time for last 10,000,000:   30s.  Last read position: chr10:120,598,276
INFO	2026-09-20 23:29:01	MarkDuplicates	Written    20,000,000 records.  Elapsed time: 00:01:01s.  Time for last 10,000,000:   30s.  Last read position: chr14:20,770,381
INFO	2026-09-20 23:29:31	MarkDuplicates	Written    30,000,000 records.  Elapsed time: 00:01:32s.  Time for last 10,000,000:   30s.  Last read position: chr17:42,841,530
INFO	2026-09-20 23:30:03	MarkDuplicates	Written    40,000,000 records.  Elapsed time: 00:02:03s.  Time for last 10,000,000:   31s.  Last read position: chr2:123,385,826
INFO	2026-09-20 23:30:34	MarkDuplicates	Written    50,000,000 records.  Elapsed time: 00:02:34s.  Time for last 10,000,000:   30s.  Last read position: chr3:51,349,082
INFO	2026-09-20 23:31:05	MarkDuplicates	Written    60,000,000 records.  Elapsed time: 00:03:05s.  Time for last 10,000,000:   31s.  Last read position: chr5:180,792,617
INFO	2026-09-20 23:31:36	MarkDuplicates	Written    70,000,000 records.  Elapsed time: 00:03:37s.  Time for last 10,000,000:   31s.  Last read position: chr8:131,739,422
INFO	2026-09-20 23:32:07	MarkDuplicates	Writing complete. Closing input iterator.
INFO	2026-09-20 23:32:07	MarkDuplicates	Duplicate Index cleanup.
INFO	2026-09-20 23:32:07	MarkDuplicates	Getting Memory Stats.
INFO	2026-09-20 23:32:07	MarkDuplicates	Before output close freeMemory: 243600776; totalMemory: 281018368; maxMemory: 8589934592
INFO	2026-09-20 23:32:07	MarkDuplicates	Closed outputs. Getting more Memory Stats.
INFO	2026-09-20 23:32:07	MarkDuplicates	After output close freeMemory: 150686088; totalMemory: 184549376; maxMemory: 8589934592
[Sun Sep 20 23:32:07 CST 2026] picard.sam.markduplicates.MarkDuplicates done. Elapsed time: 12.33 minutes.
Runtime.totalMemory()=184549376
Using GATK jar /lustre1/share/miniconda3/envs/wes/share/gatk4-4.6.2.0-1/gatk-package-4.6.2.0-local.jar
Running:
    java -Dsamjdk.use_async_io_read_samtools=false -Dsamjdk.use_async_io_write_samtools=true -Dsamjdk.use_async_io_write_tribble=false -Dsamjdk.compression_level=2 -Xmx20g -XX:ParallelGCThreads=4 -jar /lustre1/share/miniconda3/envs/wes/share/gatk4-4.6.2.0-1/gatk-package-4.6.2.0-local.jar BaseRecalibrator -R /lustre1/share/references/hg38.fa -I /lustre1/user/bjx131_pkuhpc/wes_run_full_20260920/1_alignment/OC/OC_sorted.markdup.bam --known-sites /lustre1/share/references/dbsnp_138.hg38.vcf --known-sites /lustre1/share/references/Mills_and_1000G_gold_standard.indels.hg38.vcf --known-sites /lustre1/share/references/1000G_phase1.snps.high_confidence.hg38.vcf -O /lustre1/user/bjx131_pkuhpc/wes_run_full_20260920/1_alignment/OC/OC.recal_data.table
23:32:09.348 INFO  NativeLibraryLoader - Loading libgkl_compression.so from jar:file:/lustre1/share/miniconda3/envs/wes/share/gatk4-4.6.2.0-1/gatk-package-4.6.2.0-local.jar!/com/intel/gkl/native/libgkl_compression.so
23:32:09.530 INFO  BaseRecalibrator - ------------------------------------------------------------
23:32:09.534 INFO  BaseRecalibrator - The Genome Analysis Toolkit (GATK) v4.6.2.0
23:32:09.534 INFO  BaseRecalibrator - For support and documentation go to https://software.broadinstitute.org/gatk/
23:32:09.535 INFO  BaseRecalibrator - Executing as bjx131_pkuhpc@s29b00n60 on Linux v4.18.0-477.10.1.el8_8.x86_64 amd64
23:32:09.535 INFO  BaseRecalibrator - Java runtime: OpenJDK 64-Bit Server VM v17.0.3-internal+0-adhoc..src
23:32:09.535 INFO  BaseRecalibrator - Start Date/Time: September 20, 2026 at 11:32:09 PM CST
23:32:09.535 INFO  BaseRecalibrator - ------------------------------------------------------------
23:32:09.535 INFO  BaseRecalibrator - ------------------------------------------------------------
23:32:09.536 INFO  BaseRecalibrator - HTSJDK Version: 4.2.0
23:32:09.537 INFO  BaseRecalibrator - Picard Version: 3.4.0
23:32:09.537 INFO  BaseRecalibrator - Built for Spark Version: 3.5.0
23:32:09.539 INFO  BaseRecalibrator - HTSJDK Defaults.COMPRESSION_LEVEL : 2
23:32:09.539 INFO  BaseRecalibrator - HTSJDK Defaults.USE_ASYNC_IO_READ_FOR_SAMTOOLS : false
23:32:09.540 INFO  BaseRecalibrator - HTSJDK Defaults.USE_ASYNC_IO_WRITE_FOR_SAMTOOLS : true
23:32:09.540 INFO  BaseRecalibrator - HTSJDK Defaults.USE_ASYNC_IO_WRITE_FOR_TRIBBLE : false
23:32:09.540 INFO  BaseRecalibrator - Deflater: IntelDeflater
23:32:09.540 INFO  BaseRecalibrator - Inflater: IntelInflater
23:32:09.540 INFO  BaseRecalibrator - GCS max retries/reopens: 20
23:32:09.540 INFO  BaseRecalibrator - Requester pays: disabled
23:32:09.541 INFO  BaseRecalibrator - Initializing engine
23:32:09.788 INFO  FeatureManager - Using codec VCFCodec to read file file:///lustre1/share/references/dbsnp_138.hg38.vcf
23:32:09.971 INFO  FeatureManager - Using codec VCFCodec to read file file:///lustre1/share/references/Mills_and_1000G_gold_standard.indels.hg38.vcf
23:32:10.091 INFO  FeatureManager - Using codec VCFCodec to read file file:///lustre1/share/references/1000G_phase1.snps.high_confidence.hg38.vcf
23:32:10.350 INFO  BaseRecalibrator - Done initializing engine
23:32:10.359 INFO  BaseRecalibrationEngine - The covariates being used here: 
23:32:10.359 INFO  BaseRecalibrationEngine - 	ReadGroupCovariate
23:32:10.359 INFO  BaseRecalibrationEngine - 	QualityScoreCovariate
23:32:10.359 INFO  BaseRecalibrationEngine - 	ContextCovariate
23:32:10.359 INFO  BaseRecalibrationEngine - 	CycleCovariate
23:32:10.389 INFO  ProgressMeter - Starting traversal
23:32:10.390 INFO  ProgressMeter -        Current Locus  Elapsed Minutes       Reads Processed     Reads/Minute
23:32:20.405 INFO  ProgressMeter -         chr1:8358306              0.2                337000        2020383.7
23:32:30.402 INFO  ProgressMeter -        chr1:19104931              0.3                716000        2146819.2
23:32:40.407 INFO  ProgressMeter -        chr1:27615333              0.5               1119000        2236807.0
23:32:50.413 INFO  ProgressMeter -        chr1:37692608              0.7               1501000        2250206.1
23:33:00.421 INFO  ProgressMeter -        chr1:46194682              0.8               1907000        2287027.8
23:33:10.441 INFO  ProgressMeter -        chr1:60586895              1.0               2228000        2226107.8
23:33:20.459 INFO  ProgressMeter -        chr1:79803427              1.2               2476000        2120195.8
23:33:30.462 INFO  ProgressMeter -        chr1:98921966              1.3               2730000        2045684.5
23:33:40.462 INFO  ProgressMeter -       chr1:114179953              1.5               3048000        2030375.7
23:33:50.486 INFO  ProgressMeter -       chr1:151368062              1.7               3437000        2060242.8
23:34:00.524 INFO  ProgressMeter -       chr1:158177784              1.8               3883000        2115442.2
23:34:10.535 INFO  ProgressMeter -       chr1:169855915              2.0               4244000        2119456.7
23:34:20.541 INFO  ProgressMeter -       chr1:184823178              2.2               4580000        2111393.7
23:34:30.551 INFO  ProgressMeter -       chr1:203055626              2.3               4876000        2087313.9
23:34:40.573 INFO  ProgressMeter -       chr1:215086177              2.5               5231000        2089850.4
23:34:50.586 INFO  ProgressMeter -       chr1:230255547              2.7               5556000        2080950.8
23:35:00.595 INFO  ProgressMeter -       chr1:247451644              2.8               5837000        2057648.5
23:35:10.629 INFO  ProgressMeter -       chr10:13607935              3.0               6102000        2031314.2
23:35:20.637 INFO  ProgressMeter -       chr10:30704603              3.2               6376000        2010859.6
23:35:30.719 INFO  ProgressMeter -       chr10:53021824              3.3               6660000        1994718.7
23:35:40.733 INFO  ProgressMeter -       chr10:71523405              3.5               6929000        1976486.0
23:35:50.737 INFO  ProgressMeter -       chr10:88320151              3.7               7246000        1973069.7
23:36:00.761 INFO  ProgressMeter -      chr10:100750188              3.8               7621000        1984893.9
23:36:10.777 INFO  ProgressMeter -      chr10:114658002              4.0               7974000        1990290.7
23:36:20.896 INFO  ProgressMeter -      chr10:131078157              4.2               8265000        1979601.2
23:36:30.934 INFO  ProgressMeter -        chr11:6391574              4.3               8646000        1991064.8
23:36:40.960 INFO  ProgressMeter -       chr11:18471763              4.5               9014000        1998891.2
23:36:51.051 INFO  ProgressMeter -       chr11:37611456              4.7               9277000        1983246.7
23:37:01.064 INFO  ProgressMeter -       chr11:57378987              4.8               9569000        1975202.5
23:37:11.077 INFO  ProgressMeter -       chr11:64650349              5.0              10009000        1997226.4
23:37:21.086 INFO  ProgressMeter -       chr11:69810864              5.2              10476000        2023077.3
23:37:31.086 INFO  ProgressMeter -       chr11:82868846              5.3              10826000        2025469.6
23:37:41.086 INFO  ProgressMeter -      chr11:102752215              5.5              11069000        2008309.7
23:37:51.095 INFO  ProgressMeter -      chr11:118111751              5.7              11386000        2005142.3
23:38:01.112 INFO  ProgressMeter -      chr11:129376049              5.8              11757000        2011336.6
23:38:11.117 INFO  ProgressMeter -        chr12:6849067              6.0              12098000        2012269.7
23:38:21.135 INFO  ProgressMeter -       chr12:22046224              6.2              12408000        2008070.3
23:38:31.140 INFO  ProgressMeter -       chr12:42210507              6.3              12655000        1994227.2
23:38:41.163 INFO  ProgressMeter -       chr12:52399751              6.5              13053000        2004186.6
23:38:51.177 INFO  ProgressMeter -       chr12:57716157              6.7              13524000        2024621.6
23:39:01.184 INFO  ProgressMeter -       chr12:77048189              6.8              13793000        2014586.4
23:39:11.194 INFO  ProgressMeter -       chr12:98533612              7.0              14031000        2000598.9
23:39:21.211 INFO  ProgressMeter -      chr12:111348387              7.2              14385000        2003384.2
23:39:31.219 INFO  ProgressMeter -      chr12:122326351              7.3              14759000        2008810.7
23:39:41.231 INFO  ProgressMeter -       chr13:20141714              7.5              15069000        2005452.0
23:39:51.248 INFO  ProgressMeter -       chr13:35655638              7.7              15334000        1996363.3
23:40:01.249 INFO  ProgressMeter -       chr13:52385909              7.8              15612000        1989385.4
23:40:11.258 INFO  ProgressMeter -       chr13:77599244              8.0              15775000        1968315.6
23:40:21.273 INFO  ProgressMeter -      chr13:100668605              8.2              15959000        1950648.1
23:40:31.276 INFO  ProgressMeter -       chr14:21090769              8.3              16229000        1944039.1
23:40:41.297 INFO  ProgressMeter -       chr14:35535032              8.5              16568000        1945716.1
23:40:51.313 INFO  ProgressMeter -       chr14:55381957              8.7              16817000        1936984.9
23:41:01.326 INFO  ProgressMeter -       chr14:70388761              8.8              17140000        1936956.6
23:41:11.408 INFO  ProgressMeter -       chr14:85224080              9.0              17465000        1936904.1
23:41:21.416 INFO  ProgressMeter -      chr14:101562057              9.2              17758000        1933632.8
23:41:31.425 INFO  ProgressMeter -       chr15:34241095              9.4              18087000        1934317.8
23:41:41.428 INFO  ProgressMeter -       chr15:43640460              9.5              18483000        1942042.4
23:41:51.430 INFO  ProgressMeter -       chr15:57868220              9.7              18798000        1941140.0
23:42:01.430 INFO  ProgressMeter -       chr15:70666810              9.9              19135000        1942508.1
23:42:11.443 INFO  ProgressMeter -       chr15:82661738             10.0              19510000        1947582.0
23:42:21.482 INFO  ProgressMeter -       chr15:97635296             10.2              19813000        1945337.2
23:42:31.497 INFO  ProgressMeter -        chr16:2818745             10.4              20209000        1952224.0
23:42:41.514 INFO  ProgressMeter -       chr16:13722343             10.5              20498000        1948713.7
23:42:51.525 INFO  ProgressMeter -       chr16:29993911             10.7              20865000        1952633.9
23:43:01.548 INFO  ProgressMeter -       chr16:53238012             10.9              21234000        1956578.8
23:43:11.561 INFO  ProgressMeter -       chr16:67255049             11.0              21579000        1958252.9
23:43:21.573 INFO  ProgressMeter -       chr16:77194226             11.2              21980000        1964891.8
23:43:31.589 INFO  ProgressMeter -       chr16:88892645             11.4              22245000        1959342.2
23:43:41.600 INFO  ProgressMeter -        chr17:6428448             11.5              22667000        1967595.9
23:43:51.624 INFO  ProgressMeter -       chr17:15683084             11.7              23064000        1973435.4
23:44:01.632 INFO  ProgressMeter -       chr17:29619082             11.9              23489000        1981519.7
23:44:11.648 INFO  ProgressMeter -       chr17:42309301             12.0              23891000        1987446.9
23:44:21.656 INFO  ProgressMeter -       chr17:50379225             12.2              24346000        1997576.8
23:44:31.661 INFO  ProgressMeter -       chr17:63690487             12.4              24697000        1999028.7
23:44:41.666 INFO  ProgressMeter -       chr17:75624468             12.5              25062000        2001557.4
23:44:51.685 INFO  ProgressMeter -       chr17:82237053             12.7              25499000        2009654.6
23:45:01.743 INFO  ProgressMeter -       chr18:13324431             12.9              25774000        2004840.8
23:45:11.757 INFO  ProgressMeter -       chr18:36215519             13.0              26034000        1999114.4
23:45:21.810 INFO  ProgressMeter -       chr18:55960658             13.2              26258000        1990702.8
23:45:31.866 INFO  ProgressMeter -       chr18:74877175             13.4              26465000        1981219.6
23:45:41.878 INFO  ProgressMeter -        chr19:3612788             13.5              26823000        1983245.6
23:45:51.892 INFO  ProgressMeter -        chr19:9379444             13.7              27260000        1990987.2
23:46:01.904 INFO  ProgressMeter -       chr19:15403811             13.9              27709000        1999413.1
23:46:11.908 INFO  ProgressMeter -       chr19:23040393             14.0              28119000        2004876.9
23:46:21.924 INFO  ProgressMeter -       chr19:37235590             14.2              28440000        2003915.3
23:46:31.929 INFO  ProgressMeter -       chr19:43847393             14.4              28871000        2010660.0
23:46:41.929 INFO  ProgressMeter -       chr19:49141975             14.5              29311000        2017878.7
23:46:51.957 INFO  ProgressMeter -       chr19:55432965             14.7              29744000        2024397.5
23:47:01.984 INFO  ProgressMeter -         chr2:8959568             14.9              30076000        2023970.6
23:47:11.984 INFO  ProgressMeter -        chr2:26484417             15.0              30371000        2021153.6
23:47:22.000 INFO  ProgressMeter -        chr2:38309394             15.2              30727000        2022380.2
23:47:32.001 INFO  ProgressMeter -        chr2:55077430             15.4              30991000        2017619.1
23:47:42.023 INFO  ProgressMeter -        chr2:73112616             15.5              31279000        2014462.8
23:47:52.078 INFO  ProgressMeter -        chr2:95793861             15.7              31590000        2012770.7
23:48:02.104 INFO  ProgressMeter -       chr2:112501167             15.9              31933000        2013188.8
23:48:12.117 INFO  ProgressMeter -       chr2:131366757             16.0              32203000        2009075.3
23:48:22.137 INFO  ProgressMeter -       chr2:152716008             16.2              32454000        2003854.9
23:48:32.141 INFO  ProgressMeter -       chr2:171435221             16.4              32741000        2000975.8
23:48:42.195 INFO  ProgressMeter -       chr2:187973586             16.5              33063000        2000173.4
23:48:52.214 INFO  ProgressMeter -       chr2:206663001             16.7              33372000        1998674.4
23:49:02.219 INFO  ProgressMeter -       chr2:219500048             16.9              33737000        2000555.4
23:49:12.235 INFO  ProgressMeter -       chr2:234008255             17.0              34066000        2000264.2
23:49:22.254 INFO  ProgressMeter -        chr20:2380772             17.2              34412000        2000961.4
23:49:32.303 INFO  ProgressMeter -       chr20:12852674             17.4              34730000        1999975.0
23:49:42.307 INFO  ProgressMeter -       chr20:25526068             17.5              35013000        1997096.7
23:49:52.311 INFO  ProgressMeter -       chr20:36343092             17.7              35449000        2002919.2
23:50:02.319 INFO  ProgressMeter -       chr20:45824864             17.9              35823000        2005151.5
23:50:12.333 INFO  ProgressMeter -       chr20:55296618             18.0              36176000        2006168.5
23:50:22.339 INFO  ProgressMeter -       chr20:63662372             18.2              36538000        2007676.2
23:50:32.440 INFO  ProgressMeter -       chr21:27739137             18.4              36761000        2001417.4
23:50:42.444 INFO  ProgressMeter -       chr21:39745568             18.5              37078000        2000514.4
23:50:52.461 INFO  ProgressMeter -       chr22:17538909             18.7              37468000        2003509.6
23:51:02.516 INFO  ProgressMeter -       chr22:27478362             18.9              37861000        2006545.2
23:51:12.521 INFO  ProgressMeter -       chr22:37675793             19.0              38246000        2009191.6
23:51:22.538 INFO  ProgressMeter -       chr22:46355727             19.2              38647000        2012606.0
23:51:32.560 INFO  ProgressMeter -         chr3:9047395             19.4              38924000        2009551.1
23:51:42.641 INFO  ProgressMeter -        chr3:23208673             19.5              39259000        2009416.1
23:51:52.659 INFO  ProgressMeter -        chr3:40210225             19.7              39550000        2007159.1
23:52:02.664 INFO  ProgressMeter -        chr3:49421500             19.9              39980000        2011955.3
23:52:12.683 INFO  ProgressMeter -        chr3:57523334             20.0              40422000        2017245.4
23:52:22.704 INFO  ProgressMeter -        chr3:78510241             20.2              40655000        2012102.5
23:52:32.726 INFO  ProgressMeter -       chr3:105869317             20.4              40855000        2005422.4
23:52:42.737 INFO  ProgressMeter -       chr3:122685402             20.5              41150000        2003494.1
23:52:52.737 INFO  ProgressMeter -       chr3:134195090             20.7              41509000        2004705.6
23:53:02.747 INFO  ProgressMeter -       chr3:152455463             20.9              41794000        2002336.4
23:53:12.755 INFO  ProgressMeter -       chr3:173667614             21.0              42027000        1997538.0
23:53:22.788 INFO  ProgressMeter -       chr3:190855245             21.2              42325000        1995837.8
23:53:32.807 INFO  ProgressMeter -         chr4:4279750             21.4              42676000        1996667.2
23:53:42.835 INFO  ProgressMeter -        chr4:20994773             21.5              42935000        1993198.9
23:53:52.878 INFO  ProgressMeter -        chr4:42893419             21.7              43165000        1988425.2
23:54:02.898 INFO  ProgressMeter -        chr4:67558604             21.9              43387000        1983393.6
23:54:12.930 INFO  ProgressMeter -        chr4:85102144             22.0              43686000        1981913.6
23:54:22.938 INFO  ProgressMeter -       chr4:106316331             22.2              43946000        1978737.0
23:54:32.981 INFO  ProgressMeter -       chr4:127103791             22.4              44209000        1975687.3
23:54:43.007 INFO  ProgressMeter -       chr4:151020794             22.5              44437000        1971156.7
23:54:53.040 INFO  ProgressMeter -       chr4:174211113             22.7              44663000        1966595.9
23:55:03.139 INFO  ProgressMeter -         chr5:3291288             22.9              44905000        1962704.0
23:55:13.235 INFO  ProgressMeter -        chr5:27556623             23.0              45102000        1956922.1
23:55:23.248 INFO  ProgressMeter -        chr5:49658612             23.2              45367000        1954271.0
23:55:33.258 INFO  ProgressMeter -        chr5:73554215             23.4              45618000        1951060.3
23:55:43.263 INFO  ProgressMeter -        chr5:90334855             23.5              45912000        1949729.4
23:55:53.270 INFO  ProgressMeter -       chr5:109817376             23.7              46164000        1946644.8
23:56:03.296 INFO  ProgressMeter -       chr5:127047900             23.9              46415000        1943532.9
23:56:13.313 INFO  ProgressMeter -       chr5:138950943             24.0              46789000        1945592.4
23:56:23.326 INFO  ProgressMeter -       chr5:149309926             24.2              47184000        1948497.4
23:56:33.346 INFO  ProgressMeter -       chr5:160108367             24.4              47560000        1950572.6
23:56:43.400 INFO  ProgressMeter -       chr5:175878362             24.6              47848000        1948988.8
23:56:53.444 INFO  ProgressMeter -         chr6:4715857             24.7              48231000        1951284.3
23:57:03.457 INFO  ProgressMeter -        chr6:24446840             24.9              48470000        1947802.7
23:57:13.481 INFO  ProgressMeter -        chr6:39188115             25.1              48841000        1949622.5
23:57:23.496 INFO  ProgressMeter -        chr6:50836234             25.2              49216000        1951588.3
23:57:33.512 INFO  ProgressMeter -        chr6:73644554             25.4              49472000        1948840.6
23:57:43.536 INFO  ProgressMeter -        chr6:95833318             25.6              49710000        1945412.9
23:57:53.550 INFO  ProgressMeter -       chr6:116651794             25.7              49980000        1943286.5
23:58:03.559 INFO  ProgressMeter -       chr6:137493942             25.9              50250000        1941192.5
23:58:13.575 INFO  ProgressMeter -       chr6:155129746             26.1              50543000        1940000.7
23:58:23.589 INFO  ProgressMeter -          chr7:852051             26.2              50828000        1938521.4
23:58:33.629 INFO  ProgressMeter -        chr7:14333923             26.4              51128000        1937597.5
23:58:43.633 INFO  ProgressMeter -        chr7:32051623             26.6              51397000        1935562.8
23:58:53.636 INFO  ProgressMeter -        chr7:48295691             26.7              51710000        1935200.2
23:59:03.639 INFO  ProgressMeter -        chr7:73576345             26.9              51939000        1931716.7
23:59:13.641 INFO  ProgressMeter -        chr7:92347963             27.1              52237000        1930828.9
23:59:23.644 INFO  ProgressMeter -       chr7:102457825             27.2              52647000        1934065.4
23:59:33.662 INFO  ProgressMeter -       chr7:122850141             27.4              52924000        1932389.7
23:59:43.715 INFO  ProgressMeter -       chr7:139022120             27.6              53249000        1932433.1
23:59:53.725 INFO  ProgressMeter -       chr7:153788126             27.7              53595000        1933284.6
00:00:03.753 INFO  ProgressMeter -        chr8:15408460             27.9              53777000        1928225.9
00:00:13.757 INFO  ProgressMeter -        chr8:25468094             28.1              54113000        1928741.6
00:00:23.767 INFO  ProgressMeter -        chr8:38512629             28.2              54449000        1929245.5
00:00:33.796 INFO  ProgressMeter -        chr8:55523673             28.4              54749000        1928453.9
00:00:43.797 INFO  ProgressMeter -        chr8:72329392             28.6              55030000        1927037.8
00:00:53.815 INFO  ProgressMeter -        chr8:91340342             28.7              55275000        1924366.8
00:01:03.851 INFO  ProgressMeter -       chr8:106618137             28.9              55585000        1923955.6
00:01:13.850 INFO  ProgressMeter -       chr8:124069250             29.1              55856000        1922246.6
00:01:23.907 INFO  ProgressMeter -       chr8:140176102             29.2              56117000        1920152.5
00:01:33.937 INFO  ProgressMeter -         chr9:4561385             29.4              56491000        1921956.1
00:01:43.953 INFO  ProgressMeter -        chr9:21837891             29.6              56709000        1918477.1
00:01:53.959 INFO  ProgressMeter -        chr9:36669309             29.7              57018000        1918109.1
00:02:03.979 INFO  ProgressMeter -        chr9:83331852             29.9              57272000        1915890.4
00:02:14.003 INFO  ProgressMeter -       chr9:107170158             30.1              57523000        1913593.4
00:02:24.011 INFO  ProgressMeter -       chr9:127050009             30.2              57804000        1912330.0
00:02:34.024 INFO  ProgressMeter -       chr9:137110782             30.4              58188000        1914463.1
00:02:44.061 INFO  ProgressMeter -        chrX:12341361             30.6              58504000        1914323.8
00:02:54.068 INFO  ProgressMeter -        chrX:32784554             30.7              58824000        1914347.3
00:03:04.072 INFO  ProgressMeter -        chrX:51491910             30.9              59185000        1915701.8
00:03:14.080 INFO  ProgressMeter -        chrX:72140279             31.1              59557000        1917390.7
00:03:24.083 INFO  ProgressMeter -       chrX:100636803             31.2              59793000        1914711.7
00:03:34.082 INFO  ProgressMeter -       chrX:119401379             31.4              60139000        1915567.9
00:03:44.143 INFO  ProgressMeter -       chrX:142202891             31.6              60458000        1915499.0
00:03:54.142 INFO  ProgressMeter - chr22_ML143380v1_fix:79158             31.7              60807000        1916436.6
00:03:55.322 INFO  BaseRecalibrator - 8866866 read(s) filtered by: MappingQualityNotZeroReadFilter 
0 read(s) filtered by: MappingQualityAvailableReadFilter 
0 read(s) filtered by: MappedReadFilter 
4946695 read(s) filtered by: NotSecondaryAlignmentReadFilter 
4955181 read(s) filtered by: NotDuplicateReadFilter 
0 read(s) filtered by: PassesVendorQualityCheckReadFilter 
0 read(s) filtered by: WellformedReadFilter 
18768742 total reads filtered out of 79607191 reads processed
00:03:55.322 INFO  ProgressMeter - chrX_MU273395v1_alt:264409             31.7              60838449        1916240.0
00:03:55.322 INFO  ProgressMeter - Traversal complete. Processed 60838449 total reads in 31.7 minutes.
00:03:55.327 INFO  BaseRecalibrator - Calculating quantized quality scores...
00:03:55.340 INFO  BaseRecalibrator - Writing recalibration report...
00:03:55.622 INFO  BaseRecalibrator - ...done!
00:03:55.624 INFO  BaseRecalibrator - BaseRecalibrator was able to recalibrate 60838449 reads
00:03:55.624 INFO  BaseRecalibrator - Shutting down engine
[September 21, 2026 at 12:03:55 AM CST] org.broadinstitute.hellbender.tools.walkers.bqsr.BaseRecalibrator done. Elapsed time: 31.77 minutes.
Runtime.totalMemory()=2483027968
Using GATK jar /lustre1/share/miniconda3/envs/wes/share/gatk4-4.6.2.0-1/gatk-package-4.6.2.0-local.jar
Running:
    java -Dsamjdk.use_async_io_read_samtools=false -Dsamjdk.use_async_io_write_samtools=true -Dsamjdk.use_async_io_write_tribble=false -Dsamjdk.compression_level=2 -Xmx12g -XX:ParallelGCThreads=4 -jar /lustre1/share/miniconda3/envs/wes/share/gatk4-4.6.2.0-1/gatk-package-4.6.2.0-local.jar ApplyBQSR -R /lustre1/share/references/hg38.fa -I /lustre1/user/bjx131_pkuhpc/wes_run_full_20260920/1_alignment/OC/OC_sorted.markdup.bam --bqsr-recal-file /lustre1/user/bjx131_pkuhpc/wes_run_full_20260920/1_alignment/OC/OC.recal_data.table -O /lustre1/user/bjx131_pkuhpc/wes_run_full_20260920/1_alignment/OC/OC_sorted.markdup.BQSR.bam
00:03:57.374 INFO  NativeLibraryLoader - Loading libgkl_compression.so from jar:file:/lustre1/share/miniconda3/envs/wes/share/gatk4-4.6.2.0-1/gatk-package-4.6.2.0-local.jar!/com/intel/gkl/native/libgkl_compression.so
00:03:57.531 INFO  ApplyBQSR - ------------------------------------------------------------
00:03:57.533 INFO  ApplyBQSR - The Genome Analysis Toolkit (GATK) v4.6.2.0
00:03:57.534 INFO  ApplyBQSR - For support and documentation go to https://software.broadinstitute.org/gatk/
00:03:57.534 INFO  ApplyBQSR - Executing as bjx131_pkuhpc@s29b00n60 on Linux v4.18.0-477.10.1.el8_8.x86_64 amd64
00:03:57.534 INFO  ApplyBQSR - Java runtime: OpenJDK 64-Bit Server VM v17.0.3-internal+0-adhoc..src
00:03:57.534 INFO  ApplyBQSR - Start Date/Time: September 21, 2026 at 12:03:57 AM CST
00:03:57.534 INFO  ApplyBQSR - ------------------------------------------------------------
00:03:57.534 INFO  ApplyBQSR - ------------------------------------------------------------
00:03:57.535 INFO  ApplyBQSR - HTSJDK Version: 4.2.0
00:03:57.535 INFO  ApplyBQSR - Picard Version: 3.4.0
00:03:57.535 INFO  ApplyBQSR - Built for Spark Version: 3.5.0
00:03:57.537 INFO  ApplyBQSR - HTSJDK Defaults.COMPRESSION_LEVEL : 2
00:03:57.537 INFO  ApplyBQSR - HTSJDK Defaults.USE_ASYNC_IO_READ_FOR_SAMTOOLS : false
00:03:57.537 INFO  ApplyBQSR - HTSJDK Defaults.USE_ASYNC_IO_WRITE_FOR_SAMTOOLS : true
00:03:57.538 INFO  ApplyBQSR - HTSJDK Defaults.USE_ASYNC_IO_WRITE_FOR_TRIBBLE : false
00:03:57.538 INFO  ApplyBQSR - Deflater: IntelDeflater
00:03:57.538 INFO  ApplyBQSR - Inflater: IntelInflater
00:03:57.538 INFO  ApplyBQSR - GCS max retries/reopens: 20
00:03:57.538 INFO  ApplyBQSR - Requester pays: disabled
00:03:57.538 INFO  ApplyBQSR - Initializing engine
00:03:57.732 INFO  ApplyBQSR - Done initializing engine
00:03:57.779 INFO  ProgressMeter - Starting traversal
00:03:57.780 INFO  ProgressMeter -        Current Locus  Elapsed Minutes       Reads Processed     Reads/Minute
00:04:07.786 INFO  ProgressMeter -        chr1:12193021              0.2                652000        3910435.8
00:04:17.792 INFO  ProgressMeter -        chr1:26337381              0.3               1320000        3958021.0
00:04:27.792 INFO  ProgressMeter -        chr1:40237284              0.5               1990000        3978541.2
00:04:37.801 INFO  ProgressMeter -        chr1:57015290              0.7               2667000        3998500.7
00:04:47.811 INFO  ProgressMeter -        chr1:99747182              0.8               3335000        3999680.2
00:04:57.824 INFO  ProgressMeter -       chr1:145690478              1.0               4008000        4005129.7
00:05:07.838 INFO  ProgressMeter -       chr1:155757016              1.2               4681000        4009021.2
00:05:17.851 INFO  ProgressMeter -       chr1:171784004              1.3               5352000        4010490.8
00:05:27.860 INFO  ProgressMeter -       chr1:202318137              1.5               6019000        4009147.5
00:05:37.868 INFO  ProgressMeter -       chr1:225507758              1.7               6692000        4011749.9
00:05:47.879 INFO  ProgressMeter -        chr10:3814147              1.8               7367000        4014786.8
00:05:57.889 INFO  ProgressMeter -       chr10:42830317              2.0               8042000        4017417.8
00:06:07.896 INFO  ProgressMeter -       chr10:73426310              2.2               8716000        4019213.8
00:06:17.898 INFO  ProgressMeter -       chr10:99145986              2.3               9383000        4017956.6
00:06:27.905 INFO  ProgressMeter -      chr10:122579889              2.5              10056000        4019077.6
00:06:37.905 INFO  ProgressMeter -        chr11:6211655              2.7              10733000        4021758.1
00:06:47.906 INFO  ProgressMeter -       chr11:33341573              2.8              11405000        4022336.5
00:06:57.913 INFO  ProgressMeter -       chr11:61265182              3.0              12079000        4023405.2
00:07:07.917 INFO  ProgressMeter -       chr11:66851562              3.2              12760000        4026591.5
00:07:17.929 INFO  ProgressMeter -       chr11:87309523              3.3              13436000        4027819.4
00:07:27.943 INFO  ProgressMeter -      chr11:118649877              3.5              14108000        4027750.0
00:07:37.953 INFO  ProgressMeter -        chr12:4911733              3.7              14785000        4029122.7
00:07:47.961 INFO  ProgressMeter -       chr12:30684406              3.8              15453000        4028065.0
00:07:57.973 INFO  ProgressMeter -       chr12:52548530              4.0              16121000        4027028.4
00:08:07.984 INFO  ProgressMeter -       chr12:65827868              4.2              16781000        4024172.4
00:08:17.993 INFO  ProgressMeter -      chr12:105026503              4.3              17445000        4022489.4
00:08:27.997 INFO  ProgressMeter -      chr12:122141608              4.5              18109000        4021020.3
00:08:38.002 INFO  ProgressMeter -       chr13:31781814              4.7              18773000        4019613.1
00:08:48.007 INFO  ProgressMeter -       chr13:83132597              4.8              19447000        4020384.1
00:08:58.019 INFO  ProgressMeter -       chr14:22466623              5.0              20113000        4019424.7
00:09:08.033 INFO  ProgressMeter -       chr14:55209152              5.2              20786000        4019829.0
00:09:18.036 INFO  ProgressMeter -       chr14:77330990              5.3              21462000        4020920.8
00:09:28.045 INFO  ProgressMeter -      chr14:104948362              5.5              22138000        4021873.4
00:09:38.053 INFO  ProgressMeter -       chr15:42439723              5.7              22814000        4022793.6
00:09:48.055 INFO  ProgressMeter -       chr15:63676839              5.8              23483000        4022508.1
00:09:58.067 INFO  ProgressMeter -       chr15:80924545              6.0              24158000        4023148.3
00:10:08.078 INFO  ProgressMeter -         chr16:786962              6.2              24826000        4022608.9
00:10:18.093 INFO  ProgressMeter -       chr16:15838151              6.3              25502000        4023328.2
00:10:28.103 INFO  ProgressMeter -       chr16:30768901              6.5              26155000        4020536.9
00:10:38.107 INFO  ProgressMeter -       chr16:65667438              6.7              26834000        4021822.2
00:10:48.109 INFO  ProgressMeter -       chr16:81934538              6.8              27512000        4022928.0
00:10:58.112 INFO  ProgressMeter -        chr17:4816760              7.0              28187000        4023543.4
00:11:08.115 INFO  ProgressMeter -       chr17:17215046              7.2              28861000        4023990.7
00:11:18.127 INFO  ProgressMeter -       chr17:35741365              7.3              29539000        4024889.6
00:11:28.126 INFO  ProgressMeter -       chr17:45149727              7.5              30215000        4025580.4
00:11:38.126 INFO  ProgressMeter -       chr17:63723199              7.7              30892000        4026371.5
00:11:48.132 INFO  ProgressMeter -       chr17:78566448              7.8              31571000        4027332.8
00:11:58.140 INFO  ProgressMeter -       chr18:21044298              8.0              32249000        4028112.3
00:12:08.140 INFO  ProgressMeter -       chr18:62275449              8.2              32923000        4028436.3
00:12:18.150 INFO  ProgressMeter -        chr19:4409244              8.3              33601000        4029146.5
00:12:28.163 INFO  ProgressMeter -       chr19:11458137              8.5              34285000        4030518.4
00:12:38.169 INFO  ProgressMeter -       chr19:19147792              8.7              34953000        4030039.2
00:12:48.179 INFO  ProgressMeter -       chr19:39100668              8.8              35624000        4029879.4
00:12:58.184 INFO  ProgressMeter -       chr19:47039479              9.0              36303000        4030658.6
00:13:08.198 INFO  ProgressMeter -       chr19:54252431              9.2              36974000        4030471.4
00:13:18.199 INFO  ProgressMeter -        chr2:19688337              9.3              37634000        4029214.0
00:13:28.212 INFO  ProgressMeter -        chr2:42053304              9.5              38307000        4029269.1
00:13:38.225 INFO  ProgressMeter -        chr2:74363207              9.7              38972000        4028502.3
00:13:48.237 INFO  ProgressMeter -       chr2:105343065              9.8              39646000        4028682.9
00:13:58.246 INFO  ProgressMeter -       chr2:140700503             10.0              40320000        4028877.6
00:14:08.253 INFO  ProgressMeter -       chr2:178548468             10.2              40988000        4028496.0
00:14:18.265 INFO  ProgressMeter -       chr2:208304766             10.3              41650000        4027501.1
00:14:28.277 INFO  ProgressMeter -       chr2:232409893             10.5              42326000        4027876.5
00:14:38.282 INFO  ProgressMeter -        chr20:3699759             10.7              42999000        4028003.1
00:14:48.289 INFO  ProgressMeter -       chr20:31639000             10.8              43677000        4028580.8
00:14:58.290 INFO  ProgressMeter -       chr20:41404943             11.0              44349000        4028620.4
00:15:08.300 INFO  ProgressMeter -       chr20:56517000             11.2              45011000        4027715.8
00:15:18.310 INFO  ProgressMeter -       chr21:15451554             11.3              45679000        4027372.9
00:15:28.314 INFO  ProgressMeter -       chr21:42534485             11.5              46338000        4026281.1
00:15:38.323 INFO  ProgressMeter -       chr22:21610989             11.7              47010000        4026316.8
00:15:48.325 INFO  ProgressMeter -       chr22:37480080             11.8              47685000        4026633.1
00:15:58.326 INFO  ProgressMeter -       chr22:50582430             12.0              48363000        4027207.2
00:16:08.334 INFO  ProgressMeter -        chr3:30742820             12.2              49037000        4027387.5
00:16:18.343 INFO  ProgressMeter -        chr3:48640142             12.3              49710000        4027487.3
00:16:28.346 INFO  ProgressMeter -        chr3:58635372             12.5              50375000        4026966.4
00:16:38.352 INFO  ProgressMeter -       chr3:113657996             12.7              51047000        4027006.1
00:16:48.365 INFO  ProgressMeter -       chr3:136651009             12.8              51718000        4026919.8
00:16:58.372 INFO  ProgressMeter -       chr3:182329167             13.0              52392000        4027102.5
00:17:08.378 INFO  ProgressMeter -         chr4:3444609             13.2              53069000        4027513.4
00:17:18.393 INFO  ProgressMeter -        chr4:42594218             13.3              53743000        4027643.9
00:17:28.399 INFO  ProgressMeter -        chr4:85444590             13.5              54416000        4027741.8
00:17:38.400 INFO  ProgressMeter -       chr4:128077962             13.7              55078000        4027057.6
00:17:48.406 INFO  ProgressMeter -       chr4:183679178             13.8              55735000        4026009.4
00:17:58.416 INFO  ProgressMeter -        chr5:37351149             14.0              56400000        4025528.3
00:18:08.428 INFO  ProgressMeter -        chr5:79690205             14.2              57072000        4025552.3
00:18:18.430 INFO  ProgressMeter -       chr5:118337978             14.3              57743000        4025543.5
00:18:28.431 INFO  ProgressMeter -       chr5:140368756             14.5              58404000        4024855.0
00:18:38.432 INFO  ProgressMeter -       chr5:151542637             14.7              59063000        4024045.8
00:18:48.439 INFO  ProgressMeter -       chr5:176970004             14.8              59732000        4023901.4
00:18:58.444 INFO  ProgressMeter -        chr6:21594753             15.0              60407000        4024168.9
00:19:08.447 INFO  ProgressMeter -        chr6:42178768             15.2              61070000        4023648.6
00:19:18.450 INFO  ProgressMeter -        chr6:75103597             15.3              61743000        4023791.4
00:19:28.453 INFO  ProgressMeter -       chr6:118960894             15.5              62410000        4023548.6
00:19:38.466 INFO  ProgressMeter -       chr6:157200443             15.7              63082000        4023578.6
00:19:48.470 INFO  ProgressMeter -        chr7:12379390             15.8              63757000        4023839.6
00:19:58.479 INFO  ProgressMeter -        chr7:47428367             16.0              64435000        4024261.5
00:20:08.488 INFO  ProgressMeter -        chr7:87165000             16.2              65113000        4024678.9
00:20:18.491 INFO  ProgressMeter -       chr7:104741942             16.3              65777000        4024251.8
00:20:28.501 INFO  ProgressMeter -       chr7:138846920             16.5              66437000        4023558.6
00:20:38.515 INFO  ProgressMeter -         chr8:2978546             16.7              67094000        4022687.3
00:20:48.522 INFO  ProgressMeter -        chr8:27775551             16.8              67754000        4022039.3
00:20:58.527 INFO  ProgressMeter -        chr8:54434696             17.0              68424000        4021999.6
00:21:08.538 INFO  ProgressMeter -        chr8:87266603             17.2              69099000        4022228.3
00:21:18.543 INFO  ProgressMeter -       chr8:120280752             17.3              69770000        4022245.2
00:21:28.552 INFO  ProgressMeter -       chr8:143950226             17.5              70451000        4022817.5
00:21:38.564 INFO  ProgressMeter -        chr9:33467077             17.7              71128000        4023141.4
00:21:48.567 INFO  ProgressMeter -        chr9:87649032             17.8              71801000        4023268.9
00:21:58.572 INFO  ProgressMeter -       chr9:128233915             18.0              72471000        4023220.0
00:22:08.583 INFO  ProgressMeter - chr7_KI270803v1_alt:47810             18.2              73150000        4023645.0
00:22:18.588 INFO  ProgressMeter - chr22_KI270879v1_alt:209714             18.3              73819000        4023542.7
00:22:28.588 INFO  ProgressMeter - chr6_GL000256v2_alt:4903904             18.5              74487000        4023399.2
00:22:38.591 INFO  ProgressMeter -        chrX:24745601             18.7              75164000        4023736.4
00:22:48.595 INFO  ProgressMeter -        chrX:54100626             18.8              75838000        4023897.8
00:22:58.606 INFO  ProgressMeter -       chrX:100406791             19.0              76517000        4024298.2
00:23:08.614 INFO  ProgressMeter -       chrX:132386718             19.2              77187000        4024232.9
00:23:18.621 INFO  ProgressMeter - chr1_KN538360v1_fix:13428             19.3              77862000        4024430.6
00:23:28.630 INFO  ProgressMeter - chr19_KQ458386v1_fix:147722             19.5              78531000        4024310.6
00:23:38.639 INFO  ProgressMeter - chr5_MU273355v1_fix:119029             19.7              79198000        4024094.4
00:23:44.729 INFO  ApplyBQSR - 0 read(s) filtered by: WellformedReadFilter 

00:23:44.729 INFO  ProgressMeter -             unmapped             19.8              79607191        4024128.7
00:23:44.729 INFO  ProgressMeter - Traversal complete. Processed 79607191 total reads in 19.8 minutes.
00:23:44.780 INFO  ApplyBQSR - Shutting down engine
[September 21, 2026 at 12:23:44 AM CST] org.broadinstitute.hellbender.tools.walkers.bqsr.ApplyBQSR done. Elapsed time: 19.79 minutes.
Runtime.totalMemory()=1157627904
Using GATK jar /lustre1/share/miniconda3/envs/wes/share/gatk4-4.6.2.0-1/gatk-package-4.6.2.0-local.jar
Running:
    java -Dsamjdk.use_async_io_read_samtools=false -Dsamjdk.use_async_io_write_samtools=true -Dsamjdk.use_async_io_write_tribble=false -Dsamjdk.compression_level=2 -Xmx12g -XX:ParallelGCThreads=4 -jar /lustre1/share/miniconda3/envs/wes/share/gatk4-4.6.2.0-1/gatk-package-4.6.2.0-local.jar HaplotypeCaller -ERC GVCF -R /lustre1/share/references/hg38.fa -I /lustre1/user/bjx131_pkuhpc/wes_run_full_20260920/1_alignment/OC/OC_sorted.markdup.BQSR.bam -D /lustre1/share/references/dbsnp_138.hg38.vcf -L /lustre1/share/references/S07604514_AllTracks_V6_60_hg38.bed --native-pair-hmm-threads 8 -O /lustre1/user/bjx131_pkuhpc/wes_run_full_20260920/1_alignment/OC/OC.g.vcf
00:23:46.579 INFO  NativeLibraryLoader - Loading libgkl_compression.so from jar:file:/lustre1/share/miniconda3/envs/wes/share/gatk4-4.6.2.0-1/gatk-package-4.6.2.0-local.jar!/com/intel/gkl/native/libgkl_compression.so
00:23:46.735 INFO  HaplotypeCaller - ------------------------------------------------------------
00:23:46.737 INFO  HaplotypeCaller - The Genome Analysis Toolkit (GATK) v4.6.2.0
00:23:46.738 INFO  HaplotypeCaller - For support and documentation go to https://software.broadinstitute.org/gatk/
00:23:46.738 INFO  HaplotypeCaller - Executing as bjx131_pkuhpc@s29b00n60 on Linux v4.18.0-477.10.1.el8_8.x86_64 amd64
00:23:46.738 INFO  HaplotypeCaller - Java runtime: OpenJDK 64-Bit Server VM v17.0.3-internal+0-adhoc..src
00:23:46.738 INFO  HaplotypeCaller - Start Date/Time: September 21, 2026 at 12:23:46 AM CST
00:23:46.738 INFO  HaplotypeCaller - ------------------------------------------------------------
00:23:46.738 INFO  HaplotypeCaller - ------------------------------------------------------------
00:23:46.739 INFO  HaplotypeCaller - HTSJDK Version: 4.2.0
00:23:46.739 INFO  HaplotypeCaller - Picard Version: 3.4.0
00:23:46.739 INFO  HaplotypeCaller - Built for Spark Version: 3.5.0
00:23:46.741 INFO  HaplotypeCaller - HTSJDK Defaults.COMPRESSION_LEVEL : 2
00:23:46.741 INFO  HaplotypeCaller - HTSJDK Defaults.USE_ASYNC_IO_READ_FOR_SAMTOOLS : false
00:23:46.741 INFO  HaplotypeCaller - HTSJDK Defaults.USE_ASYNC_IO_WRITE_FOR_SAMTOOLS : true
00:23:46.741 INFO  HaplotypeCaller - HTSJDK Defaults.USE_ASYNC_IO_WRITE_FOR_TRIBBLE : false
00:23:46.741 INFO  HaplotypeCaller - Deflater: IntelDeflater
00:23:46.742 INFO  HaplotypeCaller - Inflater: IntelInflater
00:23:46.742 INFO  HaplotypeCaller - GCS max retries/reopens: 20
00:23:46.742 INFO  HaplotypeCaller - Requester pays: disabled
00:23:46.742 INFO  HaplotypeCaller - Initializing engine
00:23:46.937 INFO  FeatureManager - Using codec VCFCodec to read file file:///lustre1/share/references/dbsnp_138.hg38.vcf
00:23:47.110 INFO  FeatureManager - Using codec BEDCodec to read file file:///lustre1/share/references/S07604514_AllTracks_V6_60_hg38.bed
00:23:47.547 INFO  IntervalArgumentCollection - Processing 60507855 bp from intervals
00:23:47.727 INFO  HaplotypeCaller - Done initializing engine
00:23:47.732 INFO  HaplotypeCallerEngine - Tool is in reference confidence mode and the annotation, the following changes will be made to any specified annotations: 'StrandBiasBySample' will be enabled. 'ChromosomeCounts', 'FisherStrand', 'StrandOddsRatio' and 'QualByDepth' annotations have been disabled
00:23:47.762 INFO  NativeLibraryLoader - Loading libgkl_utils.so from jar:file:/lustre1/share/miniconda3/envs/wes/share/gatk4-4.6.2.0-1/gatk-package-4.6.2.0-local.jar!/com/intel/gkl/native/libgkl_utils.so
00:23:47.880 INFO  NativeLibraryLoader - Loading libgkl_smithwaterman.so from jar:file:/lustre1/share/miniconda3/envs/wes/share/gatk4-4.6.2.0-1/gatk-package-4.6.2.0-local.jar!/com/intel/gkl/native/libgkl_smithwaterman.so
00:23:47.900 INFO  IntelSmithWaterman - Using CPU-supported AVX-512 instructions
00:23:47.900 INFO  SmithWatermanAligner - Using AVX accelerated SmithWaterman implementation
00:23:47.905 INFO  HaplotypeCallerEngine - Standard Emitting and Calling confidence set to -0.0 for reference-model confidence output
00:23:47.905 INFO  HaplotypeCallerEngine - All sites annotated with PLs forced to true for reference-model confidence output
00:23:47.920 INFO  NativeLibraryLoader - Loading libgkl_pairhmm_omp.so from jar:file:/lustre1/share/miniconda3/envs/wes/share/gatk4-4.6.2.0-1/gatk-package-4.6.2.0-local.jar!/com/intel/gkl/native/libgkl_pairhmm_omp.so
00:23:47.953 INFO  IntelPairHmm - Using CPU-supported AVX-512 instructions
00:23:47.953 INFO  IntelPairHmm - Flush-to-zero (FTZ) is enabled when running PairHMM
00:23:47.954 INFO  IntelPairHmm - Available threads: 16
00:23:47.954 INFO  IntelPairHmm - Requested threads: 8
00:23:47.954 INFO  PairHMM - Using the OpenMP multi-threaded AVX-accelerated native PairHMM implementation
00:23:48.020 INFO  ProgressMeter - Starting traversal
00:23:48.020 INFO  ProgressMeter -        Current Locus  Elapsed Minutes     Regions Processed   Regions/Minute
00:23:48.519 WARN  InbreedingCoeff - InbreedingCoeff will not be calculated at position chr1:13554 and possibly subsequent; at least 10 samples must have called genotypes
00:23:58.038 INFO  ProgressMeter -         chr1:1646804              0.2                   890           5331.5
00:24:08.092 INFO  ProgressMeter -         chr1:7846817              0.3                  2240           6696.2
00:24:18.218 INFO  ProgressMeter -        chr1:12794359              0.5                  3490           6934.7
00:24:28.285 INFO  ProgressMeter -        chr1:19770651              0.7                  5210           7763.8
00:24:38.299 INFO  ProgressMeter -        chr1:25229014              0.8                  6590           7864.4
00:24:48.330 INFO  ProgressMeter -        chr1:31261682              1.0                  7900           7859.5
00:24:58.376 INFO  ProgressMeter -        chr1:36423329              1.2                  9320           7948.4
00:25:08.454 INFO  ProgressMeter -        chr1:42930403              1.3                 10730           8004.2
00:25:18.506 INFO  ProgressMeter -        chr1:47144727              1.5                 12050           7990.3
00:25:28.512 INFO  ProgressMeter -        chr1:62050899              1.7                 13650           8150.0
00:25:38.533 INFO  ProgressMeter -        chr1:85132877              1.8                 15370           8344.8
00:25:48.566 INFO  ProgressMeter -       chr1:103022694              2.0                 17120           8521.4
00:25:58.575 INFO  ProgressMeter -       chr1:113896367              2.2                 18660           8575.8
00:26:08.614 INFO  ProgressMeter -       chr1:149907975              2.3                 21250           9068.7
00:26:18.641 INFO  ProgressMeter -       chr1:153032643              2.5                 22550           8982.9
00:26:28.710 INFO  ProgressMeter -       chr1:156286557              2.7                 24130           9010.0
00:26:38.757 INFO  ProgressMeter -       chr1:160488969              2.8                 25580           8989.3
00:26:48.796 INFO  ProgressMeter -       chr1:170024442              3.0                 27050           8978.0
00:26:58.891 INFO  ProgressMeter -       chr1:182385874              3.2                 28570           8981.0
00:27:08.970 INFO  ProgressMeter -       chr1:201294193              3.3                 30270           9038.1
00:27:19.022 INFO  ProgressMeter -       chr1:205770231              3.5                 31590           8982.9
00:27:29.061 INFO  ProgressMeter -       chr1:217620057              3.7                 33070           8976.7
00:27:39.133 INFO  ProgressMeter -       chr1:228309548              3.9                 34610           8985.3
00:27:49.151 INFO  ProgressMeter -       chr1:240355755              4.0                 36230           9015.1
00:27:59.153 INFO  ProgressMeter -        chr10:5666495              4.2                 37870           9047.8
00:28:09.164 INFO  ProgressMeter -       chr10:20823039              4.4                 39450           9064.0
00:28:19.175 INFO  ProgressMeter -       chr10:43617300              4.5                 41230           9123.2
00:28:29.187 INFO  ProgressMeter -       chr10:62218151              4.7                 42990           9173.9
00:28:39.242 INFO  ProgressMeter -       chr10:73348095              4.9                 44520           9172.4
00:28:49.249 INFO  ProgressMeter -       chr10:89383246              5.0                 46150           9192.4
00:28:59.282 INFO  ProgressMeter -       chr10:97850494              5.2                 47770           9208.3
00:29:09.300 INFO  ProgressMeter -      chr10:103441798              5.4                 49190           9186.4
00:29:19.329 INFO  ProgressMeter -      chr10:119781612              5.5                 50840           9207.1
00:29:25.193 WARN  DepthPerSampleHC - org.broadinstitute.hellbender.tools.walkers.annotator.DepthPerSampleHC$$Lambda$608/0x0000000801244b00@694761e2
00:29:25.193 WARN  StrandBiasBySample - org.broadinstitute.hellbender.tools.walkers.annotator.StrandBiasBySample$$Lambda$609/0x0000000801244d28@5578b3dd
00:29:29.372 INFO  ProgressMeter -      chr10:132836115              5.7                 52320           9196.4
00:29:39.437 INFO  ProgressMeter -        chr11:2421339              5.9                 54170           9248.9
00:29:49.505 INFO  ProgressMeter -        chr11:6625340              6.0                 55440           9202.1
00:29:59.537 INFO  ProgressMeter -       chr11:16786334              6.2                 56940           9195.9
00:30:09.545 INFO  ProgressMeter -       chr11:33542915              6.4                 58590           9214.1
00:30:19.546 INFO  ProgressMeter -       chr11:47401046              6.5                 60020           9197.9
00:30:29.607 INFO  ProgressMeter -       chr11:60902527              6.7                 61720           9221.4
00:30:39.700 INFO  ProgressMeter -       chr11:63999587              6.9                 63090           9195.0
00:30:49.717 INFO  ProgressMeter -       chr11:65626168              7.0                 64280           9145.9
00:30:59.734 INFO  ProgressMeter -       chr11:67663127              7.2                 65530           9107.4
00:31:09.743 INFO  ProgressMeter -       chr11:74457472              7.4                 67040           9106.2
00:31:19.819 INFO  ProgressMeter -       chr11:92857320              7.5                 68790           9135.5
00:31:29.881 INFO  ProgressMeter -      chr11:111883709              7.7                 70570           9167.7
00:31:39.890 INFO  ProgressMeter -      chr11:119110410              7.9                 72090           9166.5
00:31:49.903 INFO  ProgressMeter -      chr11:125961885              8.0                 73460           9146.6
00:31:59.961 INFO  ProgressMeter -        chr12:4379314              8.2                 75100           9159.7
00:32:10.002 INFO  ProgressMeter -        chr12:8612814              8.4                 76560           9151.0
00:32:20.047 INFO  ProgressMeter -       chr12:22458446              8.5                 78450           9192.9
00:32:30.059 INFO  ProgressMeter -       chr12:44211238              8.7                 80280           9226.9
00:32:40.099 INFO  ProgressMeter -       chr12:50080436              8.9                 81680           9210.7
00:32:50.127 INFO  ProgressMeter -       chr12:53506662              9.0                 83200           9208.5
00:33:00.138 INFO  ProgressMeter -       chr12:57072742              9.2                 84610           9194.8
00:33:10.168 INFO  ProgressMeter -       chr12:69880343              9.4                 86200           9200.4
00:33:20.173 INFO  ProgressMeter -       chr12:95986066              9.5                 88080           9236.7
00:33:30.197 INFO  ProgressMeter -      chr12:108792193              9.7                 89810           9256.0
00:33:40.198 INFO  ProgressMeter -      chr12:114366067              9.9                 91340           9254.7
00:33:50.226 INFO  ProgressMeter -      chr12:122848481             10.0                 92860           9252.0
00:34:00.282 INFO  ProgressMeter -      chr12:133048647             10.2                 94430           9253.9
00:34:10.344 INFO  ProgressMeter -       chr13:32443844             10.4                 96170           9272.0
00:34:20.443 INFO  ProgressMeter -       chr13:51341095             10.5                 97900           9288.1
00:34:30.480 INFO  ProgressMeter -       chr13:99606600             10.7                 99570           9299.0
00:34:40.562 INFO  ProgressMeter -       chr14:19181057             10.9                101080           9294.1
00:34:50.642 INFO  ProgressMeter -       chr14:23321335             11.0                102610           9291.3
00:35:00.669 INFO  ProgressMeter -       chr14:45227725             11.2                104690           9338.3
00:35:10.681 INFO  ProgressMeter -       chr14:61045323             11.4                106440           9355.2
00:35:20.722 INFO  ProgressMeter -       chr14:71624098             11.5                107900           9346.0
00:35:30.767 INFO  ProgressMeter -       chr14:77484744             11.7                109300           9332.0
00:35:40.838 INFO  ProgressMeter -       chr14:98716248             11.9                111190           9359.2
00:35:50.843 INFO  ProgressMeter -      chr14:104948675             12.0                112640           9350.0
00:36:00.872 INFO  ProgressMeter -       chr15:40297055             12.2                115690           9471.8
00:36:10.942 INFO  ProgressMeter -       chr15:42726324             12.4                117050           9453.2
00:36:20.972 INFO  ProgressMeter -       chr15:51397538             12.5                118890           9473.9
00:36:31.010 INFO  ProgressMeter -       chr15:64136421             12.7                120600           9483.8
00:36:41.091 INFO  ProgressMeter -       chr15:72353106             12.9                122110           9477.3
00:36:51.092 INFO  ProgressMeter -       chr15:80168145             13.1                123790           9485.0
00:37:01.116 INFO  ProgressMeter -       chr15:90255644             13.2                125480           9492.9
00:37:11.168 INFO  ProgressMeter -         chr16:346902             13.4                126940           9483.2
00:37:21.242 INFO  ProgressMeter -        chr16:2111043             13.6                128400           9473.5
00:37:31.275 INFO  ProgressMeter -        chr16:5011131             13.7                129820           9461.5
00:37:41.327 INFO  ProgressMeter -       chr16:20984978             13.9                132090           9510.8
00:37:51.386 INFO  ProgressMeter -       chr16:30006612             14.1                134240           9550.3
00:38:01.434 INFO  ProgressMeter -       chr16:48361461             14.2                135910           9555.3
00:38:11.454 INFO  ProgressMeter -       chr16:58043628             14.4                137450           9551.4
00:38:21.490 INFO  ProgressMeter -       chr16:68823576             14.6                138790           9533.7
00:38:31.513 INFO  ProgressMeter -       chr16:75640269             14.7                140460           9539.0
00:38:41.517 INFO  ProgressMeter -       chr16:88436657             14.9                141860           9526.2
00:38:51.569 INFO  ProgressMeter -        chr17:1936559             15.1                143430           9524.5
00:39:01.583 INFO  ProgressMeter -        chr17:5013570             15.2                144750           9506.7
00:39:11.601 INFO  ProgressMeter -        chr17:8189050             15.4                146350           9507.6
00:39:21.652 INFO  ProgressMeter -       chr17:16101305             15.6                147760           9495.8
00:39:31.879 INFO  ProgressMeter -       chr17:21546580             15.7                149330           9492.8
00:39:41.916 INFO  ProgressMeter -       chr17:32997587             15.9                150930           9493.5
00:39:51.972 INFO  ProgressMeter -       chr17:41570062             16.1                153380           9547.0
00:40:02.025 INFO  ProgressMeter -       chr17:44176951             16.2                154700           9529.7
00:40:12.073 INFO  ProgressMeter -       chr17:50064008             16.4                156420           9537.3
00:40:22.110 INFO  ProgressMeter -       chr17:59586191             16.6                157840           9526.7
00:40:32.135 INFO  ProgressMeter -       chr17:68127996             16.7                159540           9533.2
00:40:42.195 INFO  ProgressMeter -       chr17:75631523             16.9                160980           9523.8
00:40:52.270 INFO  ProgressMeter -       chr17:78891898             17.1                162270           9505.7
00:41:02.344 INFO  ProgressMeter -       chr17:82735880             17.2                163800           9501.9
00:41:12.360 INFO  ProgressMeter -       chr18:13059080             17.4                165390           9502.1
00:41:22.376 INFO  ProgressMeter -       chr18:45632557             17.6                167160           9512.5
00:41:32.464 INFO  ProgressMeter -       chr18:62978934             17.7                168750           9512.0
00:41:42.540 INFO  ProgressMeter -        chr19:1042111             17.9                170250           9506.6
00:41:52.592 INFO  ProgressMeter -        chr19:3573284             18.1                171590           9492.6
00:42:02.624 INFO  ProgressMeter -        chr19:6426344             18.2                172940           9479.6
00:42:12.664 INFO  ProgressMeter -        chr19:9161224             18.4                174440           9474.9
00:42:22.701 INFO  ProgressMeter -       chr19:12044821             18.6                175840           9465.0
00:42:32.729 INFO  ProgressMeter -       chr19:15741483             18.7                177490           9468.6
00:42:42.784 INFO  ProgressMeter -       chr19:18363387             18.9                178810           9454.5
00:42:52.786 INFO  ProgressMeter -       chr19:33106580             19.1                180570           9464.1
00:43:02.825 INFO  ProgressMeter -       chr19:36974375             19.2                181990           9455.6
00:43:12.856 INFO  ProgressMeter -       chr19:41010083             19.4                183820           9468.5
00:43:22.895 INFO  ProgressMeter -       chr19:44700582             19.6                185330           9464.7
00:43:32.913 INFO  ProgressMeter -       chr19:47693999             19.7                186620           9450.0
00:43:42.949 INFO  ProgressMeter -       chr19:49931010             19.9                188040           9441.9
00:43:52.978 INFO  ProgressMeter -       chr19:53488152             20.1                189590           9440.5
00:44:02.985 INFO  ProgressMeter -       chr19:57490107             20.2                191450           9454.6
00:44:13.007 INFO  ProgressMeter -        chr2:11198476             20.4                193000           9453.2
00:44:23.016 INFO  ProgressMeter -        chr2:27084263             20.6                194600           9454.3
00:44:33.047 INFO  ProgressMeter -        chr2:35471509             20.8                196070           9449.0
00:44:43.050 INFO  ProgressMeter -        chr2:53906570             20.9                197780           9455.4
00:44:53.051 INFO  ProgressMeter -        chr2:70959215             21.1                199440           9459.4
00:45:03.077 INFO  ProgressMeter -        chr2:86065571             21.3                201020           9459.3
00:45:13.121 INFO  ProgressMeter -       chr2:101252807             21.4                203200           9487.2
00:45:23.187 INFO  ProgressMeter -       chr2:119263376             21.6                205050           9499.2
00:45:33.255 INFO  ProgressMeter -       chr2:136329578             21.8                206730           9503.1
00:45:43.315 INFO  ProgressMeter -       chr2:164694547             21.9                208500           9511.2
00:45:53.386 INFO  ProgressMeter -       chr2:178536395             22.1                210380           9524.0
00:46:03.403 INFO  ProgressMeter -       chr2:189085648             22.3                211880           9520.0
00:46:13.437 INFO  ProgressMeter -       chr2:205745816             22.4                213740           9531.9
00:46:23.493 INFO  ProgressMeter -       chr2:218665946             22.6                215350           9532.5
00:46:33.537 INFO  ProgressMeter -       chr2:227508537             22.8                216730           9523.0
00:46:43.602 INFO  ProgressMeter -       chr2:236581125             22.9                218230           9518.7
00:46:53.718 INFO  ProgressMeter -         chr20:409791             23.1                219670           9511.6
00:47:03.750 INFO  ProgressMeter -        chr20:3804555             23.3                220660           9485.8
00:47:13.816 INFO  ProgressMeter -       chr20:18550901             23.4                221810           9467.0
00:47:23.908 INFO  ProgressMeter -       chr20:32584563             23.6                222900           9445.7
00:47:33.968 INFO  ProgressMeter -       chr20:35601693             23.8                223930           9422.4
00:47:44.012 INFO  ProgressMeter -       chr20:43584955             23.9                225090           9404.9
00:47:54.047 INFO  ProgressMeter -       chr20:47651154             24.1                226090           9381.2
00:48:04.089 INFO  ProgressMeter -       chr20:57611612             24.3                227090           9357.7
00:48:14.136 INFO  ProgressMeter -       chr20:63006053             24.4                228110           9335.3
00:48:24.152 INFO  ProgressMeter -       chr21:18686018             24.6                229350           9322.3
00:48:34.171 INFO  ProgressMeter -       chr21:37093999             24.8                230680           9313.2
00:48:44.221 INFO  ProgressMeter -       chr21:44094216             24.9                231860           9298.0
00:48:54.259 INFO  ProgressMeter -       chr22:17159250             25.1                233110           9285.8
00:49:04.304 INFO  ProgressMeter -       chr22:22369936             25.3                234830           9292.3
00:49:14.367 INFO  ProgressMeter -       chr22:29978392             25.4                236420           9293.6
00:49:24.397 INFO  ProgressMeter -       chr22:37089518             25.6                237880           9289.9
00:49:34.424 INFO  ProgressMeter -       chr22:41325528             25.8                239310           9285.2
00:49:44.478 INFO  ProgressMeter -       chr22:50033192             25.9                240850           9284.5
00:49:54.530 INFO  ProgressMeter -         chr3:9743837             26.1                242230           9277.8
00:50:04.566 INFO  ProgressMeter -        chr3:16370055             26.3                243640           9272.4
00:50:14.579 INFO  ProgressMeter -        chr3:39118001             26.4                245340           9278.2
00:50:24.606 INFO  ProgressMeter -        chr3:47163840             26.6                246830           9275.9
00:50:34.682 INFO  ProgressMeter -        chr3:49728148             26.8                248120           9265.9
00:50:44.690 INFO  ProgressMeter -        chr3:52687237             26.9                249430           9257.2
00:50:54.743 INFO  ProgressMeter -        chr3:68538703             27.1                251040           9259.4
00:51:04.761 INFO  ProgressMeter -       chr3:100829560             27.3                252240           9246.7
00:51:14.799 INFO  ProgressMeter -       chr3:120670507             27.4                253920           9251.5
00:51:24.850 INFO  ProgressMeter -       chr3:127621046             27.6                255350           9247.2
00:51:34.882 INFO  ProgressMeter -       chr3:138162383             27.8                256880           9246.6
00:51:44.886 INFO  ProgressMeter -       chr3:159886319             27.9                258710           9256.9
00:51:54.911 INFO  ProgressMeter -       chr3:184234602             28.1                260430           9263.1
00:52:04.977 INFO  ProgressMeter -       chr3:196242109             28.3                262010           9264.0
00:52:15.011 INFO  ProgressMeter -         chr4:3463513             28.4                263530           9263.0
00:52:25.046 INFO  ProgressMeter -        chr4:17597073             28.6                265130           9264.8
00:52:35.108 INFO  ProgressMeter -        chr4:47678106             28.8                266830           9269.8
00:52:45.164 INFO  ProgressMeter -        chr4:73854171             29.0                268810           9284.6
00:52:55.208 INFO  ProgressMeter -        chr4:88469164             29.1                270460           9287.8
00:53:05.223 INFO  ProgressMeter -       chr4:113232148             29.3                272180           9293.6
00:53:15.257 INFO  ProgressMeter -       chr4:143873416             29.5                273800           9295.9
00:53:25.276 INFO  ProgressMeter -       chr4:174766950             29.6                275660           9306.3
00:53:35.344 INFO  ProgressMeter -         chr5:5461814             29.8                277350           9310.6
00:53:45.386 INFO  ProgressMeter -        chr5:36984662             30.0                279080           9316.3
00:53:55.421 INFO  ProgressMeter -        chr5:65822773             30.1                281000           9328.3
00:54:05.425 INFO  ProgressMeter -        chr5:80672247             30.3                282870           9338.7
00:54:15.429 INFO  ProgressMeter -       chr5:108364700             30.5                284220           9331.9
00:54:25.501 INFO  ProgressMeter -       chr5:128395339             30.6                285550           9324.2
00:54:35.534 INFO  ProgressMeter -       chr5:138178474             30.8                286740           9312.2
00:54:45.613 INFO  ProgressMeter -       chr5:141673787             31.0                288150           9307.2
00:54:55.627 INFO  ProgressMeter -       chr5:150202666             31.1                289250           9292.7
00:55:05.684 INFO  ProgressMeter -       chr5:157490521             31.3                290290           9276.1
00:55:15.733 INFO  ProgressMeter -       chr5:173318138             31.5                291460           9263.9
00:55:25.746 INFO  ProgressMeter -       chr5:178931317             31.6                292480           9247.3
00:55:35.782 INFO  ProgressMeter -         chr6:7888732             31.8                293930           9244.2
00:55:45.805 INFO  ProgressMeter -        chr6:27815236             32.0                295650           9249.7
00:55:55.879 INFO  ProgressMeter -        chr6:36914615             32.1                299120           9309.4
00:56:05.900 INFO  ProgressMeter -        chr6:43283440             32.3                300540           9305.2
00:56:15.922 INFO  ProgressMeter -        chr6:54124473             32.5                302010           9302.6
00:56:25.935 INFO  ProgressMeter -        chr6:84201673             32.6                303880           9312.4
00:56:36.007 INFO  ProgressMeter -       chr6:110614557             32.8                305660           9319.0
00:56:46.055 INFO  ProgressMeter -       chr6:133984221             33.0                307520           9328.0
00:56:56.076 INFO  ProgressMeter -       chr6:151405732             33.1                309100           9328.7
00:57:06.122 INFO  ProgressMeter -       chr6:166160904             33.3                310650           9328.4
00:57:16.128 INFO  ProgressMeter -         chr7:4788749             33.5                312120           9325.8
00:57:26.152 INFO  ProgressMeter -        chr7:21880631             33.6                313780           9328.8
00:57:36.211 INFO  ProgressMeter -        chr7:38317286             33.8                315470           9332.6
00:57:46.227 INFO  ProgressMeter -        chr7:51029404             34.0                317010           9332.0
00:57:56.275 INFO  ProgressMeter -        chr7:76995501             34.1                319110           9347.8
00:58:06.333 INFO  ProgressMeter -        chr7:98217766             34.3                320920           9354.8
00:58:17.111 INFO  ProgressMeter -       chr7:100959473             34.5                322220           9343.8
00:58:27.153 INFO  ProgressMeter -       chr7:111863607             34.7                323850           9345.7
00:58:37.219 INFO  ProgressMeter -       chr7:130385159             34.8                325490           9347.8
00:58:47.248 INFO  ProgressMeter -       chr7:143356593             35.0                327400           9357.7
00:58:57.249 INFO  ProgressMeter -       chr7:152648685             35.2                329010           9359.2
00:59:07.288 INFO  ProgressMeter -        chr8:19364200             35.3                331260           9378.5
00:59:17.341 INFO  ProgressMeter -        chr8:25507482             35.5                332320           9364.1
00:59:27.370 INFO  ProgressMeter -        chr8:37965340             35.7                333430           9351.3
00:59:37.405 INFO  ProgressMeter -        chr8:54459951             35.8                334790           9345.7
00:59:47.419 INFO  ProgressMeter -        chr8:73747455             36.0                336120           9339.3
00:59:57.494 INFO  ProgressMeter -        chr8:97686648             36.2                337530           9334.9
01:00:07.530 INFO  ProgressMeter -       chr8:118379451             36.3                338840           9328.0
01:00:17.585 INFO  ProgressMeter -       chr8:135293760             36.5                340140           9320.8
01:00:27.639 INFO  ProgressMeter -       chr8:143984996             36.7                341320           9310.3
01:00:37.649 INFO  ProgressMeter -         chr9:4722421             36.8                342540           9301.3
01:00:47.676 INFO  ProgressMeter -        chr9:33462718             37.0                344230           9305.0
01:00:57.700 INFO  ProgressMeter -        chr9:39457103             37.2                345690           9302.4
01:01:07.719 INFO  ProgressMeter -        chr9:87773587             37.3                347890           9319.7
01:01:17.720 INFO  ProgressMeter -       chr9:110728683             37.5                350510           9348.2
01:01:27.732 INFO  ProgressMeter -       chr9:127166089             37.7                352810           9367.8
01:01:37.774 INFO  ProgressMeter -       chr9:133155927             37.8                355040           9385.3
01:01:47.779 INFO  ProgressMeter -         chrX:2875618             38.0                357380           9405.7
01:01:57.845 INFO  ProgressMeter -        chrX:21843279             38.2                358960           9405.8
01:02:07.949 INFO  ProgressMeter -        chrX:47410155             38.3                360510           9404.9
01:02:18.014 INFO  ProgressMeter -        chrX:54926277             38.5                362200           9407.8
01:02:28.047 INFO  ProgressMeter -        chrX:75069472             38.7                363660           9404.9
01:02:38.071 INFO  ProgressMeter -       chrX:107981957             38.8                365260           9405.6
01:02:48.127 INFO  ProgressMeter -       chrX:131283022             39.0                366980           9409.3
01:02:58.224 INFO  ProgressMeter -       chrX:153775729             39.2                368630           9411.0
01:03:04.855 INFO  HaplotypeCaller - 3555829 read(s) filtered by: MappingQualityReadFilter 
0 read(s) filtered by: MappingQualityAvailableReadFilter 
0 read(s) filtered by: MappedReadFilter 
1917083 read(s) filtered by: NotSecondaryAlignmentReadFilter 
3549879 read(s) filtered by: NotDuplicateReadFilter 
0 read(s) filtered by: PassesVendorQualityCheckReadFilter 
0 read(s) filtered by: NonZeroReferenceLengthAlignmentReadFilter 
0 read(s) filtered by: GoodCigarReadFilter 
0 read(s) filtered by: WellformedReadFilter 
9022791 total reads filtered out of 59004263 reads processed
01:03:04.855 INFO  ProgressMeter -        chrY:57210673             39.3                370506           9432.3
01:03:04.855 INFO  ProgressMeter - Traversal complete. Processed 370506 total regions in 39.3 minutes.
01:03:05.166 INFO  VectorLoglessPairHMM - Time spent in setup for JNI call : 1.6484840280000002
01:03:05.166 INFO  PairHMM - Total compute time in PairHMM computeLogLikelihoods() : 60.680034547000005
01:03:05.166 INFO  SmithWatermanAligner - Total compute time in native Smith-Waterman : 29.40 sec
01:03:05.167 INFO  HaplotypeCaller - Shutting down engine
[September 21, 2026 at 1:03:05 AM CST] org.broadinstitute.hellbender.tools.walkers.haplotypecaller.HaplotypeCaller done. Elapsed time: 39.31 minutes.
Runtime.totalMemory()=2164260864
