Detecting adapter sequence for read1...
No adapter detected for read1

Detecting adapter sequence for read2...
No adapter detected for read2

Read1 before filtering:
total reads: 52629169
total bases: 7500835664
Q20 bases: 7433543791(99.1029%)
Q30 bases: 7287788780(97.1597%)

Read2 before filtering:
total reads: 52629169
total bases: 7501212877
Q20 bases: 7420107113(98.9188%)
Q30 bases: 7254738737(96.7142%)

Read1 after filtering:
total reads: 51635220
total bases: 7328201652
Q20 bases: 7284027070(99.3972%)
Q30 bases: 7169612855(97.8359%)

Read2 after filtering:
total reads: 51635220
total bases: 7327275091
Q20 bases: 7280652731(99.3637%)
Q30 bases: 7158247139(97.6932%)

Filtering result:
reads passed filter: 103270440
reads failed due to low quality: 14504
reads failed due to too many N: 0
reads failed due to too short: 1973394
reads with adapter trimmed: 35540
bases trimmed due to adapters: 2145827

Duplication rate: 8.97002%

Insert size peak (evaluated by paired-end reads): 150

JSON report: /lustre1/user/bjx131_pkuhpc/wes_run_full_20260920/0_fastq/PBMC/blood.fastp.json
HTML report: /lustre1/user/bjx131_pkuhpc/wes_run_full_20260920/0_fastq/PBMC/blood.fastp.html

fastp -i /lustre1/user/bjx131_pkuhpc/wes_run_full_20260920/0_fastq/PBMC_R1.fq.gz -I /lustre1/user/bjx131_pkuhpc/wes_run_full_20260920/0_fastq/PBMC_R2.fq.gz -o /lustre1/user/bjx131_pkuhpc/wes_run_full_20260920/0_fastq/PBMC_R1.clean.fq.gz -O /lustre1/user/bjx131_pkuhpc/wes_run_full_20260920/0_fastq/PBMC_R2.clean.fq.gz --detect_adapter_for_pe --cut_right --cut_right_window_size 4 --cut_right_mean_quality 20 --qualified_quality_phred 20 --unqualified_percent_limit 40 --n_base_limit 5 --length_required 50 --thread 8 --html /lustre1/user/bjx131_pkuhpc/wes_run_full_20260920/0_fastq/PBMC/blood.fastp.html --json /lustre1/user/bjx131_pkuhpc/wes_run_full_20260920/0_fastq/PBMC/blood.fastp.json 
fastp v0.23.2, time used: 222 seconds
[M::bwa_idx_load_from_disk] read 0 ALT contigs
[M::process] read 565826 sequences (80000136 bp)...
[M::process] read 564524 sequences (80000009 bp)...
[M::mem_pestat] # candidate unique pairs for (FF, FR, RF, RR): (19, 246007, 0, 2)
[M::mem_pestat] analyzing insert size distribution for orientation FF...
[M::mem_pestat] (25, 50, 75) percentile: (158, 206, 1158)
[M::mem_pestat] low and high boundaries for computing mean and std.dev: (1, 3158)
[M::mem_pestat] mean and std.dev: (512.00, 447.00)
[M::mem_pestat] low and high boundaries for proper pairs: (1, 4158)
[M::mem_pestat] analyzing insert size distribution for orientation FR...
[M::mem_pestat] (25, 50, 75) percentile: (147, 197, 263)
[M::mem_pestat] low and high boundaries for computing mean and std.dev: (1, 495)
[M::mem_pestat] mean and std.dev: (210.95, 84.95)
[M::mem_pestat] low and high boundaries for proper pairs: (1, 611)
[M::mem_pestat] skip orientation RF as there are not enough pairs
[M::mem_pestat] skip orientation RR as there are not enough pairs
[M::mem_pestat] skip orientation FF
[M::mem_process_seqs] Processed 565826 reads in 76.708 CPU sec, 9.607 real sec
[M::process] read 563844 sequences (80000173 bp)...
[M::mem_pestat] # candidate unique pairs for (FF, FR, RF, RR): (9, 245378, 0, 13)
[M::mem_pestat] skip orientation FF as there are not enough pairs
[M::mem_pestat] analyzing insert size distribution for orientation FR...
[M::mem_pestat] (25, 50, 75) percentile: (149, 199, 266)
[M::mem_pestat] low and high boundaries for computing mean and std.dev: (1, 500)
[M::mem_pestat] mean and std.dev: (213.27, 86.05)
[M::mem_pestat] low and high boundaries for proper pairs: (1, 617)
[M::mem_pestat] skip orientation RF as there are not enough pairs
[M::mem_pestat] analyzing insert size distribution for orientation RR...
[M::mem_pestat] (25, 50, 75) percentile: (135, 201, 343)
[M::mem_pestat] low and high boundaries for computing mean and std.dev: (1, 759)
[M::mem_pestat] mean and std.dev: (230.00, 101.51)
[M::mem_pestat] low and high boundaries for proper pairs: (1, 967)
[M::mem_pestat] skip orientation RR
[M::mem_process_seqs] Processed 564524 reads in 75.769 CPU sec, 9.427 real sec
[M::process] read 563878 sequences (80000131 bp)...
[M::mem_pestat] # candidate unique pairs for (FF, FR, RF, RR): (11, 244958, 1, 7)
[M::mem_pestat] analyzing insert size distribution for orientation FF...
[M::mem_pestat] (25, 50, 75) percentile: (230, 230, 314)
[M::mem_pestat] low and high boundaries for computing mean and std.dev: (62, 482)
[M::mem_pestat] mean and std.dev: (272.80, 92.78)
[M::mem_pestat] low and high boundaries for proper pairs: (1, 644)
[M::mem_pestat] analyzing insert size distribution for orientation FR...
[M::mem_pestat] (25, 50, 75) percentile: (150, 201, 269)
[M::mem_pestat] low and high boundaries for computing mean and std.dev: (1, 507)
[M::mem_pestat] mean and std.dev: (215.30, 87.44)
[M::mem_pestat] low and high boundaries for proper pairs: (1, 626)
[M::mem_pestat] skip orientation RF as there are not enough pairs
[M::mem_pestat] skip orientation RR as there are not enough pairs
[M::mem_pestat] skip orientation FF
[M::mem_process_seqs] Processed 563844 reads in 77.851 CPU sec, 9.771 real sec
[M::process] read 563668 sequences (80000089 bp)...
[M::mem_pestat] # candidate unique pairs for (FF, FR, RF, RR): (14, 244855, 0, 11)
[M::mem_pestat] analyzing insert size distribution for orientation FF...
[M::mem_pestat] (25, 50, 75) percentile: (135, 290, 397)
[M::mem_pestat] low and high boundaries for computing mean and std.dev: (1, 921)
[M::mem_pestat] mean and std.dev: (251.58, 108.74)
[M::mem_pestat] low and high boundaries for proper pairs: (1, 1183)
[M::mem_pestat] analyzing insert size distribution for orientation FR...
[M::mem_pestat] (25, 50, 75) percentile: (150, 201, 271)
[M::mem_pestat] low and high boundaries for computing mean and std.dev: (1, 513)
[M::mem_pestat] mean and std.dev: (216.46, 88.73)
[M::mem_pestat] low and high boundaries for proper pairs: (1, 634)
[M::mem_pestat] skip orientation RF as there are not enough pairs
[M::mem_pestat] analyzing insert size distribution for orientation RR...
[M::mem_pestat] (25, 50, 75) percentile: (135, 198, 343)
[M::mem_pestat] low and high boundaries for computing mean and std.dev: (1, 759)
[M::mem_pestat] mean and std.dev: (213.60, 114.26)
[M::mem_pestat] low and high boundaries for proper pairs: (1, 967)
[M::mem_pestat] skip orientation FF
[M::mem_pestat] skip orientation RR
[M::mem_process_seqs] Processed 563878 reads in 76.419 CPU sec, 9.477 real sec
[M::process] read 563642 sequences (80000016 bp)...
[M::mem_pestat] # candidate unique pairs for (FF, FR, RF, RR): (8, 244733, 0, 7)
[M::mem_pestat] skip orientation FF as there are not enough pairs
[M::mem_pestat] analyzing insert size distribution for orientation FR...
[M::mem_pestat] (25, 50, 75) percentile: (150, 201, 270)
[M::mem_pestat] low and high boundaries for computing mean and std.dev: (1, 510)
[M::mem_pestat] mean and std.dev: (216.06, 87.99)
[M::mem_pestat] low and high boundaries for proper pairs: (1, 630)
[M::mem_pestat] skip orientation RF as there are not enough pairs
[M::mem_pestat] skip orientation RR as there are not enough pairs
[M::mem_process_seqs] Processed 563668 reads in 76.051 CPU sec, 9.455 real sec
[M::process] read 563322 sequences (80000134 bp)...
[M::mem_pestat] # candidate unique pairs for (FF, FR, RF, RR): (10, 244822, 3, 6)
[M::mem_pestat] analyzing insert size distribution for orientation FF...
[M::mem_pestat] (25, 50, 75) percentile: (259, 894, 2325)
[M::mem_pestat] low and high boundaries for computing mean and std.dev: (1, 6457)
[M::mem_pestat] mean and std.dev: (1048.90, 869.94)
[M::mem_pestat] low and high boundaries for proper pairs: (1, 8523)
[M::mem_pestat] analyzing insert size distribution for orientation FR...
[M::mem_pestat] (25, 50, 75) percentile: (150, 200, 269)
[M::mem_pestat] low and high boundaries for computing mean and std.dev: (1, 507)
[M::mem_pestat] mean and std.dev: (215.31, 87.71)
[M::mem_pestat] low and high boundaries for proper pairs: (1, 626)
[M::mem_pestat] skip orientation RF as there are not enough pairs
[M::mem_pestat] skip orientation RR as there are not enough pairs
[M::mem_pestat] skip orientation FF
[M::mem_process_seqs] Processed 563642 reads in 76.307 CPU sec, 9.525 real sec
[M::process] read 563090 sequences (80000098 bp)...
[M::mem_pestat] # candidate unique pairs for (FF, FR, RF, RR): (12, 244731, 1, 14)
[M::mem_pestat] analyzing insert size distribution for orientation FF...
[M::mem_pestat] (25, 50, 75) percentile: (178, 423, 1653)
[M::mem_pestat] low and high boundaries for computing mean and std.dev: (1, 4603)
[M::mem_pestat] mean and std.dev: (921.58, 1206.20)
[M::mem_pestat] low and high boundaries for proper pairs: (1, 6078)
[M::mem_pestat] analyzing insert size distribution for orientation FR...
[M::mem_pestat] (25, 50, 75) percentile: (150, 201, 269)
[M::mem_pestat] low and high boundaries for computing mean and std.dev: (1, 507)
[M::mem_pestat] mean and std.dev: (215.55, 87.24)
[M::mem_pestat] low and high boundaries for proper pairs: (1, 626)
[M::mem_pestat] skip orientation RF as there are not enough pairs
[M::mem_pestat] analyzing insert size distribution for orientation RR...
[M::mem_pestat] (25, 50, 75) percentile: (155, 268, 289)
[M::mem_pestat] low and high boundaries for computing mean and std.dev: (1, 557)
[M::mem_pestat] mean and std.dev: (234.75, 70.27)
[M::mem_pestat] low and high boundaries for proper pairs: (1, 691)
[M::mem_pestat] skip orientation FF
[M::mem_pestat] skip orientation RR
[M::mem_process_seqs] Processed 563322 reads in 75.762 CPU sec, 9.457 real sec
[M::process] read 562384 sequences (80000091 bp)...
[M::mem_pestat] # candidate unique pairs for (FF, FR, RF, RR): (9, 244567, 0, 11)
[M::mem_pestat] skip orientation FF as there are not enough pairs
[M::mem_pestat] analyzing insert size distribution for orientation FR...
[M::mem_pestat] (25, 50, 75) percentile: (151, 202, 269)
[M::mem_pestat] low and high boundaries for computing mean and std.dev: (1, 505)
[M::mem_pestat] mean and std.dev: (215.59, 86.80)
[M::mem_pestat] low and high boundaries for proper pairs: (1, 623)
[M::mem_pestat] skip orientation RF as there are not enough pairs
[M::mem_pestat] analyzing insert size distribution for orientation RR...
[M::mem_pestat] (25, 50, 75) percentile: (147, 205, 760)
[M::mem_pestat] low and high boundaries for computing mean and std.dev: (1, 1986)
[M::mem_pestat] mean and std.dev: (400.45, 358.92)
[M::mem_pestat] low and high boundaries for proper pairs: (1, 2599)
[M::mem_pestat] skip orientation RR
[M::mem_process_seqs] Processed 563090 reads in 76.691 CPU sec, 9.375 real sec
[M::process] read 562620 sequences (80000046 bp)...
[M::mem_pestat] # candidate unique pairs for (FF, FR, RF, RR): (13, 244203, 0, 9)
[M::mem_pestat] analyzing insert size distribution for orientation FF...
[M::mem_pestat] (25, 50, 75) percentile: (129, 253, 2825)
[M::mem_pestat] low and high boundaries for computing mean and std.dev: (1, 8217)
[M::mem_pestat] mean and std.dev: (1207.62, 1283.79)
[M::mem_pestat] low and high boundaries for proper pairs: (1, 10913)
[M::mem_pestat] analyzing insert size distribution for orientation FR...
[M::mem_pestat] (25, 50, 75) percentile: (151, 203, 271)
[M::mem_pestat] low and high boundaries for computing mean and std.dev: (1, 511)
[M::mem_pestat] mean and std.dev: (217.23, 87.86)
[M::mem_pestat] low and high boundaries for proper pairs: (1, 631)
[M::mem_pestat] skip orientation RF as there are not enough pairs
[M::mem_pestat] skip orientation RR as there are not enough pairs
[M::mem_pestat] skip orientation FF
[M::mem_process_seqs] Processed 562384 reads in 75.876 CPU sec, 9.444 real sec
[M::process] read 562412 sequences (80000205 bp)...
[M::mem_pestat] # candidate unique pairs for (FF, FR, RF, RR): (16, 244537, 0, 7)
[M::mem_pestat] analyzing insert size distribution for orientation FF...
[M::mem_pestat] (25, 50, 75) percentile: (236, 510, 928)
[M::mem_pestat] low and high boundaries for computing mean and std.dev: (1, 2312)
[M::mem_pestat] mean and std.dev: (538.27, 472.52)
[M::mem_pestat] low and high boundaries for proper pairs: (1, 3004)
[M::mem_pestat] analyzing insert size distribution for orientation FR...
[M::mem_pestat] (25, 50, 75) percentile: (152, 202, 270)
[M::mem_pestat] low and high boundaries for computing mean and std.dev: (1, 506)
[M::mem_pestat] mean and std.dev: (216.14, 86.58)
[M::mem_pestat] low and high boundaries for proper pairs: (1, 624)
[M::mem_pestat] skip orientation RF as there are not enough pairs
[M::mem_pestat] skip orientation RR as there are not enough pairs
[M::mem_pestat] skip orientation FF
[M::mem_process_seqs] Processed 562620 reads in 76.489 CPU sec, 9.591 real sec
[M::process] read 562028 sequences (80000017 bp)...
[M::mem_pestat] # candidate unique pairs for (FF, FR, RF, RR): (8, 244583, 0, 9)
[M::mem_pestat] skip orientation FF as there are not enough pairs
[M::mem_pestat] analyzing insert size distribution for orientation FR...
[M::mem_pestat] (25, 50, 75) percentile: (152, 203, 272)
[M::mem_pestat] low and high boundaries for computing mean and std.dev: (1, 512)
[M::mem_pestat] mean and std.dev: (217.80, 88.34)
[M::mem_pestat] low and high boundaries for proper pairs: (1, 632)
[M::mem_pestat] skip orientation RF as there are not enough pairs
[M::mem_pestat] skip orientation RR as there are not enough pairs
[M::mem_process_seqs] Processed 562412 reads in 77.568 CPU sec, 9.564 real sec
[M::process] read 561488 sequences (80000037 bp)...
[M::mem_pestat] # candidate unique pairs for (FF, FR, RF, RR): (13, 244420, 3, 8)
[M::mem_pestat] analyzing insert size distribution for orientation FF...
[M::mem_pestat] (25, 50, 75) percentile: (302, 347, 447)
[M::mem_pestat] low and high boundaries for computing mean and std.dev: (12, 737)
[M::mem_pestat] mean and std.dev: (321.45, 108.06)
[M::mem_pestat] low and high boundaries for proper pairs: (1, 882)
[M::mem_pestat] analyzing insert size distribution for orientation FR...
[M::mem_pestat] (25, 50, 75) percentile: (152, 205, 275)
[M::mem_pestat] low and high boundaries for computing mean and std.dev: (1, 521)
[M::mem_pestat] mean and std.dev: (219.74, 89.66)
[M::mem_pestat] low and high boundaries for proper pairs: (1, 644)
[M::mem_pestat] skip orientation RF as there are not enough pairs
[M::mem_pestat] skip orientation RR as there are not enough pairs
[M::mem_pestat] skip orientation FF
[M::mem_process_seqs] Processed 562028 reads in 76.812 CPU sec, 9.527 real sec
[M::process] read 562902 sequences (80000084 bp)...
[M::mem_pestat] # candidate unique pairs for (FF, FR, RF, RR): (13, 243931, 1, 10)
[M::mem_pestat] analyzing insert size distribution for orientation FF...
[M::mem_pestat] (25, 50, 75) percentile: (120, 214, 444)
[M::mem_pestat] low and high boundaries for computing mean and std.dev: (1, 1092)
[M::mem_pestat] mean and std.dev: (241.55, 132.82)
[M::mem_pestat] low and high boundaries for proper pairs: (1, 1416)
[M::mem_pestat] analyzing insert size distribution for orientation FR...
[M::mem_pestat] (25, 50, 75) percentile: (153, 206, 276)
[M::mem_pestat] low and high boundaries for computing mean and std.dev: (1, 522)
[M::mem_pestat] mean and std.dev: (220.84, 89.95)
[M::mem_pestat] low and high boundaries for proper pairs: (1, 645)
[M::mem_pestat] skip orientation RF as there are not enough pairs
[M::mem_pestat] analyzing insert size distribution for orientation RR...
[M::mem_pestat] (25, 50, 75) percentile: (95, 188, 240)
[M::mem_pestat] low and high boundaries for computing mean and std.dev: (1, 530)
[M::mem_pestat] mean and std.dev: (170.67, 102.49)
[M::mem_pestat] low and high boundaries for proper pairs: (1, 675)
[M::mem_pestat] skip orientation FF
[M::mem_pestat] skip orientation RR
[M::mem_process_seqs] Processed 561488 reads in 77.054 CPU sec, 9.594 real sec
[M::process] read 562692 sequences (80000068 bp)...
[M::mem_pestat] # candidate unique pairs for (FF, FR, RF, RR): (9, 244504, 1, 3)
[M::mem_pestat] skip orientation FF as there are not enough pairs
[M::mem_pestat] analyzing insert size distribution for orientation FR...
[M::mem_pestat] (25, 50, 75) percentile: (151, 201, 268)
[M::mem_pestat] low and high boundaries for computing mean and std.dev: (1, 502)
[M::mem_pestat] mean and std.dev: (215.27, 86.11)
[M::mem_pestat] low and high boundaries for proper pairs: (1, 619)
[M::mem_pestat] skip orientation RF as there are not enough pairs
[M::mem_pestat] skip orientation RR as there are not enough pairs
[M::mem_process_seqs] Processed 562902 reads in 76.724 CPU sec, 9.595 real sec
[M::process] read 562660 sequences (80000245 bp)...
[M::mem_pestat] # candidate unique pairs for (FF, FR, RF, RR): (11, 244452, 1, 6)
[M::mem_pestat] analyzing insert size distribution for orientation FF...
[M::mem_pestat] (25, 50, 75) percentile: (166, 278, 399)
[M::mem_pestat] low and high boundaries for computing mean and std.dev: (1, 865)
[M::mem_pestat] mean and std.dev: (264.10, 131.60)
[M::mem_pestat] low and high boundaries for proper pairs: (1, 1098)
[M::mem_pestat] analyzing insert size distribution for orientation FR...
[M::mem_pestat] (25, 50, 75) percentile: (151, 202, 269)
[M::mem_pestat] low and high boundaries for computing mean and std.dev: (1, 505)
[M::mem_pestat] mean and std.dev: (215.79, 86.25)
[M::mem_pestat] low and high boundaries for proper pairs: (1, 623)
[M::mem_pestat] skip orientation RF as there are not enough pairs
[M::mem_pestat] skip orientation RR as there are not enough pairs
[M::mem_pestat] skip orientation FF
[M::mem_process_seqs] Processed 562692 reads in 76.925 CPU sec, 9.570 real sec
[M::process] read 562602 sequences (80000251 bp)...
[M::mem_pestat] # candidate unique pairs for (FF, FR, RF, RR): (15, 244389, 0, 8)
[M::mem_pestat] analyzing insert size distribution for orientation FF...
[M::mem_pestat] (25, 50, 75) percentile: (179, 220, 1189)
[M::mem_pestat] low and high boundaries for computing mean and std.dev: (1, 3209)
[M::mem_pestat] mean and std.dev: (327.50, 339.21)
[M::mem_pestat] low and high boundaries for proper pairs: (1, 4219)
[M::mem_pestat] analyzing insert size distribution for orientation FR...
[M::mem_pestat] (25, 50, 75) percentile: (151, 202, 270)
[M::mem_pestat] low and high boundaries for computing mean and std.dev: (1, 508)
[M::mem_pestat] mean and std.dev: (216.52, 87.22)
[M::mem_pestat] low and high boundaries for proper pairs: (1, 627)
[M::mem_pestat] skip orientation RF as there are not enough pairs
[M::mem_pestat] skip orientation RR as there are not enough pairs
[M::mem_pestat] skip orientation FF
[M::mem_process_seqs] Processed 562660 reads in 77.703 CPU sec, 9.501 real sec
[M::process] read 562422 sequences (80000075 bp)...
[M::mem_pestat] # candidate unique pairs for (FF, FR, RF, RR): (11, 244568, 0, 9)
[M::mem_pestat] analyzing insert size distribution for orientation FF...
[M::mem_pestat] (25, 50, 75) percentile: (240, 406, 526)
[M::mem_pestat] low and high boundaries for computing mean and std.dev: (1, 1098)
[M::mem_pestat] mean and std.dev: (363.82, 151.88)
[M::mem_pestat] low and high boundaries for proper pairs: (1, 1384)
[M::mem_pestat] analyzing insert size distribution for orientation FR...
[M::mem_pestat] (25, 50, 75) percentile: (151, 202, 270)
[M::mem_pestat] low and high boundaries for computing mean and std.dev: (1, 508)
[M::mem_pestat] mean and std.dev: (216.48, 86.99)
[M::mem_pestat] low and high boundaries for proper pairs: (1, 627)
[M::mem_pestat] skip orientation RF as there are not enough pairs
[M::mem_pestat] skip orientation RR as there are not enough pairs
[M::mem_pestat] skip orientation FF
[M::mem_process_seqs] Processed 562602 reads in 78.184 CPU sec, 9.775 real sec
[M::process] read 561946 sequences (80000145 bp)...
[M::mem_pestat] # candidate unique pairs for (FF, FR, RF, RR): (5, 244324, 3, 10)
[M::mem_pestat] skip orientation FF as there are not enough pairs
[M::mem_pestat] analyzing insert size distribution for orientation FR...
[M::mem_pestat] (25, 50, 75) percentile: (152, 202, 270)
[M::mem_pestat] low and high boundaries for computing mean and std.dev: (1, 506)
[M::mem_pestat] mean and std.dev: (216.66, 86.88)
[M::mem_pestat] low and high boundaries for proper pairs: (1, 624)
[M::mem_pestat] skip orientation RF as there are not enough pairs
[M::mem_pestat] analyzing insert size distribution for orientation RR...
[M::mem_pestat] (25, 50, 75) percentile: (212, 255, 303)
[M::mem_pestat] low and high boundaries for computing mean and std.dev: (30, 485)
[M::mem_pestat] mean and std.dev: (234.88, 41.65)
[M::mem_pestat] low and high boundaries for proper pairs: (1, 576)
[M::mem_pestat] skip orientation RR
[M::mem_process_seqs] Processed 562422 reads in 78.570 CPU sec, 9.644 real sec
[M::process] read 562204 sequences (80000274 bp)...
[M::mem_pestat] # candidate unique pairs for (FF, FR, RF, RR): (11, 244369, 0, 16)
[M::mem_pestat] analyzing insert size distribution for orientation FF...
[M::mem_pestat] (25, 50, 75) percentile: (168, 276, 542)
[M::mem_pestat] low and high boundaries for computing mean and std.dev: (1, 1290)
[M::mem_pestat] mean and std.dev: (361.40, 313.93)
[M::mem_pestat] low and high boundaries for proper pairs: (1, 1664)
[M::mem_pestat] analyzing insert size distribution for orientation FR...
[M::mem_pestat] (25, 50, 75) percentile: (152, 203, 271)
[M::mem_pestat] low and high boundaries for computing mean and std.dev: (1, 509)
[M::mem_pestat] mean and std.dev: (217.45, 87.22)
[M::mem_pestat] low and high boundaries for proper pairs: (1, 628)
[M::mem_pestat] skip orientation RF as there are not enough pairs
[M::mem_pestat] analyzing insert size distribution for orientation RR...
[M::mem_pestat] (25, 50, 75) percentile: (271, 336, 392)
[M::mem_pestat] low and high boundaries for computing mean and std.dev: (29, 634)
[M::mem_pestat] mean and std.dev: (316.53, 120.73)
[M::mem_pestat] low and high boundaries for proper pairs: (1, 799)
[M::mem_pestat] skip orientation FF
[M::mem_pestat] skip orientation RR
[M::mem_process_seqs] Processed 561946 reads in 77.995 CPU sec, 9.562 real sec
[M::process] read 562508 sequences (80000024 bp)...
[M::mem_pestat] # candidate unique pairs for (FF, FR, RF, RR): (17, 244090, 1, 5)
[M::mem_pestat] analyzing insert size distribution for orientation FF...
[M::mem_pestat] (25, 50, 75) percentile: (132, 222, 1667)
[M::mem_pestat] low and high boundaries for computing mean and std.dev: (1, 4737)
[M::mem_pestat] mean and std.dev: (863.35, 1228.99)
[M::mem_pestat] low and high boundaries for proper pairs: (1, 6272)
[M::mem_pestat] analyzing insert size distribution for orientation FR...
[M::mem_pestat] (25, 50, 75) percentile: (152, 202, 270)
[M::mem_pestat] low and high boundaries for computing mean and std.dev: (1, 506)
[M::mem_pestat] mean and std.dev: (216.83, 86.80)
[M::mem_pestat] low and high boundaries for proper pairs: (1, 624)
[M::mem_pestat] skip orientation RF as there are not enough pairs
[M::mem_pestat] skip orientation RR as there are not enough pairs
[M::mem_pestat] skip orientation FF
[M::mem_process_seqs] Processed 562204 reads in 77.850 CPU sec, 9.632 real sec
[M::process] read 565154 sequences (80000110 bp)...
[M::mem_pestat] # candidate unique pairs for (FF, FR, RF, RR): (3, 244746, 0, 12)
[M::mem_pestat] skip orientation FF as there are not enough pairs
[M::mem_pestat] analyzing insert size distribution for orientation FR...
[M::mem_pestat] (25, 50, 75) percentile: (151, 202, 270)
[M::mem_pestat] low and high boundaries for computing mean and std.dev: (1, 508)
[M::mem_pestat] mean and std.dev: (216.83, 86.99)
[M::mem_pestat] low and high boundaries for proper pairs: (1, 627)
[M::mem_pestat] skip orientation RF as there are not enough pairs
[M::mem_pestat] analyzing insert size distribution for orientation RR...
[M::mem_pestat] (25, 50, 75) percentile: (166, 221, 943)
[M::mem_pestat] low and high boundaries for computing mean and std.dev: (1, 2497)
[M::mem_pestat] mean and std.dev: (495.17, 570.24)
[M::mem_pestat] low and high boundaries for proper pairs: (1, 3274)
[M::mem_pestat] skip orientation RR
[M::mem_process_seqs] Processed 562508 reads in 80.276 CPU sec, 9.925 real sec
[M::process] read 565544 sequences (80000161 bp)...
[M::mem_pestat] # candidate unique pairs for (FF, FR, RF, RR): (8, 246074, 1, 4)
[M::mem_pestat] skip orientation FF as there are not enough pairs
[M::mem_pestat] analyzing insert size distribution for orientation FR...
[M::mem_pestat] (25, 50, 75) percentile: (149, 198, 265)
[M::mem_pestat] low and high boundaries for computing mean and std.dev: (1, 497)
[M::mem_pestat] mean and std.dev: (213.05, 85.33)
[M::mem_pestat] low and high boundaries for proper pairs: (1, 613)
[M::mem_pestat] skip orientation RF as there are not enough pairs
[M::mem_pestat] skip orientation RR as there are not enough pairs
[M::mem_process_seqs] Processed 565154 reads in 80.642 CPU sec, 9.964 real sec
[M::process] read 564116 sequences (80000025 bp)...
[M::mem_pestat] # candidate unique pairs for (FF, FR, RF, RR): (10, 245647, 1, 6)
[M::mem_pestat] analyzing insert size distribution for orientation FF...
[M::mem_pestat] (25, 50, 75) percentile: (221, 1025, 1025)
[M::mem_pestat] low and high boundaries for computing mean and std.dev: (1, 2633)
[M::mem_pestat] mean and std.dev: (733.20, 508.96)
[M::mem_pestat] low and high boundaries for proper pairs: (1, 3437)
[M::mem_pestat] analyzing insert size distribution for orientation FR...
[M::mem_pestat] (25, 50, 75) percentile: (148, 197, 264)
[M::mem_pestat] low and high boundaries for computing mean and std.dev: (1, 496)
[M::mem_pestat] mean and std.dev: (211.70, 85.48)
[M::mem_pestat] low and high boundaries for proper pairs: (1, 612)
[M::mem_pestat] skip orientation RF as there are not enough pairs
[M::mem_pestat] skip orientation RR as there are not enough pairs
[M::mem_pestat] skip orientation FF
[M::mem_process_seqs] Processed 565544 reads in 75.504 CPU sec, 9.385 real sec
[M::process] read 563726 sequences (80000264 bp)...
[M::mem_pestat] # candidate unique pairs for (FF, FR, RF, RR): (10, 245307, 1, 7)
[M::mem_pestat] analyzing insert size distribution for orientation FF...
[M::mem_pestat] (25, 50, 75) percentile: (128, 343, 746)
[M::mem_pestat] low and high boundaries for computing mean and std.dev: (1, 1982)
[M::mem_pestat] mean and std.dev: (398.20, 268.55)
[M::mem_pestat] low and high boundaries for proper pairs: (1, 2600)
[M::mem_pestat] analyzing insert size distribution for orientation FR...
[M::mem_pestat] (25, 50, 75) percentile: (149, 199, 267)
[M::mem_pestat] low and high boundaries for computing mean and std.dev: (1, 503)
[M::mem_pestat] mean and std.dev: (213.82, 86.35)
[M::mem_pestat] low and high boundaries for proper pairs: (1, 621)
[M::mem_pestat] skip orientation RF as there are not enough pairs
[M::mem_pestat] skip orientation RR as there are not enough pairs
[M::mem_pestat] skip orientation FF
[M::mem_process_seqs] Processed 564116 reads in 77.219 CPU sec, 9.512 real sec
[M::process] read 563302 sequences (80000035 bp)...
[M::mem_pestat] # candidate unique pairs for (FF, FR, RF, RR): (9, 244756, 3, 14)
[M::mem_pestat] skip orientation FF as there are not enough pairs
[M::mem_pestat] analyzing insert size distribution for orientation FR...
[M::mem_pestat] (25, 50, 75) percentile: (150, 201, 270)
[M::mem_pestat] low and high boundaries for computing mean and std.dev: (1, 510)
[M::mem_pestat] mean and std.dev: (216.09, 88.34)
[M::mem_pestat] low and high boundaries for proper pairs: (1, 630)
[M::mem_pestat] skip orientation RF as there are not enough pairs
[M::mem_pestat] analyzing insert size distribution for orientation RR...
[M::mem_pestat] (25, 50, 75) percentile: (120, 354, 1527)
[M::mem_pestat] low and high boundaries for computing mean and std.dev: (1, 4341)
[M::mem_pestat] mean and std.dev: (611.64, 586.94)
[M::mem_pestat] low and high boundaries for proper pairs: (1, 5748)
[M::mem_pestat] skip orientation RR
[M::mem_process_seqs] Processed 563726 reads in 76.158 CPU sec, 9.403 real sec
[M::process] read 563844 sequences (80000025 bp)...
[M::mem_pestat] # candidate unique pairs for (FF, FR, RF, RR): (8, 244443, 0, 7)
[M::mem_pestat] skip orientation FF as there are not enough pairs
[M::mem_pestat] analyzing insert size distribution for orientation FR...
[M::mem_pestat] (25, 50, 75) percentile: (151, 202, 273)
[M::mem_pestat] low and high boundaries for computing mean and std.dev: (1, 517)
[M::mem_pestat] mean and std.dev: (217.68, 89.46)
[M::mem_pestat] low and high boundaries for proper pairs: (1, 639)
[M::mem_pestat] skip orientation RF as there are not enough pairs
[M::mem_pestat] skip orientation RR as there are not enough pairs
[M::mem_process_seqs] Processed 563302 reads in 74.763 CPU sec, 9.261 real sec
[M::process] read 562966 sequences (80000163 bp)...
[M::mem_pestat] # candidate unique pairs for (FF, FR, RF, RR): (6, 244812, 0, 20)
[M::mem_pestat] skip orientation FF as there are not enough pairs
[M::mem_pestat] analyzing insert size distribution for orientation FR...
[M::mem_pestat] (25, 50, 75) percentile: (150, 201, 270)
[M::mem_pestat] low and high boundaries for computing mean and std.dev: (1, 510)
[M::mem_pestat] mean and std.dev: (215.96, 88.24)
[M::mem_pestat] low and high boundaries for proper pairs: (1, 630)
[M::mem_pestat] skip orientation RF as there are not enough pairs
[M::mem_pestat] analyzing insert size distribution for orientation RR...
[M::mem_pestat] (25, 50, 75) percentile: (282, 308, 564)
[M::mem_pestat] low and high boundaries for computing mean and std.dev: (1, 1128)
[M::mem_pestat] mean and std.dev: (286.06, 131.11)
[M::mem_pestat] low and high boundaries for proper pairs: (1, 1410)
[M::mem_pestat] skip orientation RR
[M::mem_process_seqs] Processed 563844 reads in 74.657 CPU sec, 9.279 real sec
[M::process] read 562880 sequences (80000104 bp)...
[M::mem_pestat] # candidate unique pairs for (FF, FR, RF, RR): (12, 244770, 0, 8)
[M::mem_pestat] analyzing insert size distribution for orientation FF...
[M::mem_pestat] (25, 50, 75) percentile: (237, 493, 2681)
[M::mem_pestat] low and high boundaries for computing mean and std.dev: (1, 7569)
[M::mem_pestat] mean and std.dev: (1132.67, 1436.45)
[M::mem_pestat] low and high boundaries for proper pairs: (1, 10013)
[M::mem_pestat] analyzing insert size distribution for orientation FR...
[M::mem_pestat] (25, 50, 75) percentile: (151, 202, 272)
[M::mem_pestat] low and high boundaries for computing mean and std.dev: (1, 514)
[M::mem_pestat] mean and std.dev: (217.60, 89.26)
[M::mem_pestat] low and high boundaries for proper pairs: (1, 635)
[M::mem_pestat] skip orientation RF as there are not enough pairs
[M::mem_pestat] skip orientation RR as there are not enough pairs
[M::mem_pestat] skip orientation FF
[M::mem_process_seqs] Processed 562966 reads in 76.637 CPU sec, 9.435 real sec
[M::process] read 563422 sequences (80000120 bp)...
[M::mem_pestat] # candidate unique pairs for (FF, FR, RF, RR): (7, 244875, 0, 8)
[M::mem_pestat] skip orientation FF as there are not enough pairs
[M::mem_pestat] analyzing insert size distribution for orientation FR...
[M::mem_pestat] (25, 50, 75) percentile: (151, 202, 270)
[M::mem_pestat] low and high boundaries for computing mean and std.dev: (1, 508)
[M::mem_pestat] mean and std.dev: (216.23, 87.49)
[M::mem_pestat] low and high boundaries for proper pairs: (1, 627)
[M::mem_pestat] skip orientation RF as there are not enough pairs
[M::mem_pestat] skip orientation RR as there are not enough pairs
[M::mem_process_seqs] Processed 562880 reads in 76.003 CPU sec, 9.393 real sec
[M::process] read 563040 sequences (80000140 bp)...
[M::mem_pestat] # candidate unique pairs for (FF, FR, RF, RR): (9, 244964, 0, 8)
[M::mem_pestat] skip orientation FF as there are not enough pairs
[M::mem_pestat] analyzing insert size distribution for orientation FR...
[M::mem_pestat] (25, 50, 75) percentile: (150, 201, 269)
[M::mem_pestat] low and high boundaries for computing mean and std.dev: (1, 507)
[M::mem_pestat] mean and std.dev: (215.61, 87.57)
[M::mem_pestat] low and high boundaries for proper pairs: (1, 626)
[M::mem_pestat] skip orientation RF as there are not enough pairs
[M::mem_pestat] skip orientation RR as there are not enough pairs
[M::mem_process_seqs] Processed 563422 reads in 76.824 CPU sec, 9.405 real sec
[M::process] read 562696 sequences (80000090 bp)...
[M::mem_pestat] # candidate unique pairs for (FF, FR, RF, RR): (6, 244627, 0, 12)
[M::mem_pestat] skip orientation FF as there are not enough pairs
[M::mem_pestat] analyzing insert size distribution for orientation FR...
[M::mem_pestat] (25, 50, 75) percentile: (151, 202, 270)
[M::mem_pestat] low and high boundaries for computing mean and std.dev: (1, 508)
[M::mem_pestat] mean and std.dev: (216.48, 87.58)
[M::mem_pestat] low and high boundaries for proper pairs: (1, 627)
[M::mem_pestat] skip orientation RF as there are not enough pairs
[M::mem_pestat] analyzing insert size distribution for orientation RR...
[M::mem_pestat] (25, 50, 75) percentile: (169, 269, 854)
[M::mem_pestat] low and high boundaries for computing mean and std.dev: (1, 2224)
[M::mem_pestat] mean and std.dev: (499.92, 481.62)
[M::mem_pestat] low and high boundaries for proper pairs: (1, 2909)
[M::mem_pestat] skip orientation RR
[M::mem_process_seqs] Processed 563040 reads in 76.453 CPU sec, 9.364 real sec
[M::process] read 563142 sequences (80000254 bp)...
[M::mem_pestat] # candidate unique pairs for (FF, FR, RF, RR): (14, 244414, 0, 9)
[M::mem_pestat] analyzing insert size distribution for orientation FF...
[M::mem_pestat] (25, 50, 75) percentile: (116, 130, 234)
[M::mem_pestat] low and high boundaries for computing mean and std.dev: (1, 470)
[M::mem_pestat] mean and std.dev: (146.75, 52.59)
[M::mem_pestat] low and high boundaries for proper pairs: (1, 588)
[M::mem_pestat] analyzing insert size distribution for orientation FR...
[M::mem_pestat] (25, 50, 75) percentile: (151, 202, 270)
[M::mem_pestat] low and high boundaries for computing mean and std.dev: (1, 508)
[M::mem_pestat] mean and std.dev: (216.30, 87.33)
[M::mem_pestat] low and high boundaries for proper pairs: (1, 627)
[M::mem_pestat] skip orientation RF as there are not enough pairs
[M::mem_pestat] skip orientation RR as there are not enough pairs
[M::mem_pestat] skip orientation FF
[M::mem_process_seqs] Processed 562696 reads in 75.561 CPU sec, 9.371 real sec
[M::process] read 563030 sequences (80000258 bp)...
[M::mem_pestat] # candidate unique pairs for (FF, FR, RF, RR): (7, 244789, 1, 10)
[M::mem_pestat] skip orientation FF as there are not enough pairs
[M::mem_pestat] analyzing insert size distribution for orientation FR...
[M::mem_pestat] (25, 50, 75) percentile: (151, 201, 269)
[M::mem_pestat] low and high boundaries for computing mean and std.dev: (1, 505)
[M::mem_pestat] mean and std.dev: (215.48, 87.08)
[M::mem_pestat] low and high boundaries for proper pairs: (1, 623)
[M::mem_pestat] skip orientation RF as there are not enough pairs
[M::mem_pestat] analyzing insert size distribution for orientation RR...
[M::mem_pestat] (25, 50, 75) percentile: (211, 270, 336)
[M::mem_pestat] low and high boundaries for computing mean and std.dev: (1, 586)
[M::mem_pestat] mean and std.dev: (230.88, 60.20)
[M::mem_pestat] low and high boundaries for proper pairs: (1, 711)
[M::mem_pestat] skip orientation RR
[M::mem_process_seqs] Processed 563142 reads in 76.600 CPU sec, 9.464 real sec
[M::process] read 562148 sequences (80000070 bp)...
[M::mem_pestat] # candidate unique pairs for (FF, FR, RF, RR): (9, 244384, 0, 8)
[M::mem_pestat] skip orientation FF as there are not enough pairs
[M::mem_pestat] analyzing insert size distribution for orientation FR...
[M::mem_pestat] (25, 50, 75) percentile: (151, 201, 268)
[M::mem_pestat] low and high boundaries for computing mean and std.dev: (1, 502)
[M::mem_pestat] mean and std.dev: (215.31, 86.71)
[M::mem_pestat] low and high boundaries for proper pairs: (1, 619)
[M::mem_pestat] skip orientation RF as there are not enough pairs
[M::mem_pestat] skip orientation RR as there are not enough pairs
[M::mem_process_seqs] Processed 563030 reads in 74.351 CPU sec, 9.193 real sec
[M::process] read 563202 sequences (80000210 bp)...
[M::mem_pestat] # candidate unique pairs for (FF, FR, RF, RR): (9, 244630, 0, 8)
[M::mem_pestat] skip orientation FF as there are not enough pairs
[M::mem_pestat] analyzing insert size distribution for orientation FR...
[M::mem_pestat] (25, 50, 75) percentile: (152, 203, 271)
[M::mem_pestat] low and high boundaries for computing mean and std.dev: (1, 509)
[M::mem_pestat] mean and std.dev: (217.26, 87.62)
[M::mem_pestat] low and high boundaries for proper pairs: (1, 628)
[M::mem_pestat] skip orientation RF as there are not enough pairs
[M::mem_pestat] skip orientation RR as there are not enough pairs
[M::mem_process_seqs] Processed 562148 reads in 75.366 CPU sec, 9.310 real sec
[M::process] read 563514 sequences (80000189 bp)...
[M::mem_pestat] # candidate unique pairs for (FF, FR, RF, RR): (6, 244901, 1, 8)
[M::mem_pestat] skip orientation FF as there are not enough pairs
[M::mem_pestat] analyzing insert size distribution for orientation FR...
[M::mem_pestat] (25, 50, 75) percentile: (151, 201, 269)
[M::mem_pestat] low and high boundaries for computing mean and std.dev: (1, 505)
[M::mem_pestat] mean and std.dev: (215.61, 87.03)
[M::mem_pestat] low and high boundaries for proper pairs: (1, 623)
[M::mem_pestat] skip orientation RF as there are not enough pairs
[M::mem_pestat] skip orientation RR as there are not enough pairs
[M::mem_process_seqs] Processed 563202 reads in 76.739 CPU sec, 9.385 real sec
[M::process] read 563622 sequences (80000114 bp)...
[M::mem_pestat] # candidate unique pairs for (FF, FR, RF, RR): (14, 245039, 0, 12)
[M::mem_pestat] analyzing insert size distribution for orientation FF...
[M::mem_pestat] (25, 50, 75) percentile: (164, 250, 530)
[M::mem_pestat] low and high boundaries for computing mean and std.dev: (1, 1262)
[M::mem_pestat] mean and std.dev: (220.36, 117.56)
[M::mem_pestat] low and high boundaries for proper pairs: (1, 1628)
[M::mem_pestat] analyzing insert size distribution for orientation FR...
[M::mem_pestat] (25, 50, 75) percentile: (150, 199, 265)
[M::mem_pestat] low and high boundaries for computing mean and std.dev: (1, 495)
[M::mem_pestat] mean and std.dev: (212.82, 84.36)
[M::mem_pestat] low and high boundaries for proper pairs: (1, 610)
[M::mem_pestat] skip orientation RF as there are not enough pairs
[M::mem_pestat] analyzing insert size distribution for orientation RR...
[M::mem_pestat] (25, 50, 75) percentile: (203, 379, 592)
[M::mem_pestat] low and high boundaries for computing mean and std.dev: (1, 1370)
[M::mem_pestat] mean and std.dev: (296.00, 134.17)
[M::mem_pestat] low and high boundaries for proper pairs: (1, 1759)
[M::mem_pestat] skip orientation FF
[M::mem_pestat] skip orientation RR
[M::mem_process_seqs] Processed 563514 reads in 75.572 CPU sec, 9.437 real sec
[M::process] read 563358 sequences (80000153 bp)...
[M::mem_pestat] # candidate unique pairs for (FF, FR, RF, RR): (7, 244870, 0, 8)
[M::mem_pestat] skip orientation FF as there are not enough pairs
[M::mem_pestat] analyzing insert size distribution for orientation FR...
[M::mem_pestat] (25, 50, 75) percentile: (150, 200, 266)
[M::mem_pestat] low and high boundaries for computing mean and std.dev: (1, 498)
[M::mem_pestat] mean and std.dev: (213.64, 85.15)
[M::mem_pestat] low and high boundaries for proper pairs: (1, 614)
[M::mem_pestat] skip orientation RF as there are not enough pairs
[M::mem_pestat] skip orientation RR as there are not enough pairs
[M::mem_process_seqs] Processed 563622 reads in 77.023 CPU sec, 9.445 real sec
[M::process] read 562392 sequences (80000085 bp)...
[M::mem_pestat] # candidate unique pairs for (FF, FR, RF, RR): (12, 244982, 1, 9)
[M::mem_pestat] analyzing insert size distribution for orientation FF...
[M::mem_pestat] (25, 50, 75) percentile: (176, 234, 480)
[M::mem_pestat] low and high boundaries for computing mean and std.dev: (1, 1088)
[M::mem_pestat] mean and std.dev: (270.33, 138.66)
[M::mem_pestat] low and high boundaries for proper pairs: (1, 1392)
[M::mem_pestat] analyzing insert size distribution for orientation FR...
[M::mem_pestat] (25, 50, 75) percentile: (151, 201, 268)
[M::mem_pestat] low and high boundaries for computing mean and std.dev: (1, 502)
[M::mem_pestat] mean and std.dev: (214.90, 86.00)
[M::mem_pestat] low and high boundaries for proper pairs: (1, 619)
[M::mem_pestat] skip orientation RF as there are not enough pairs
[M::mem_pestat] skip orientation RR as there are not enough pairs
[M::mem_pestat] skip orientation FF
[M::mem_process_seqs] Processed 563358 reads in 76.640 CPU sec, 9.591 real sec
[M::process] read 562792 sequences (80000171 bp)...
[M::mem_pestat] # candidate unique pairs for (FF, FR, RF, RR): (12, 244652, 1, 16)
[M::mem_pestat] analyzing insert size distribution for orientation FF...
[M::mem_pestat] (25, 50, 75) percentile: (193, 382, 811)
[M::mem_pestat] low and high boundaries for computing mean and std.dev: (1, 2047)
[M::mem_pestat] mean and std.dev: (449.00, 389.29)
[M::mem_pestat] low and high boundaries for proper pairs: (1, 2665)
[M::mem_pestat] analyzing insert size distribution for orientation FR...
[M::mem_pestat] (25, 50, 75) percentile: (152, 203, 271)
[M::mem_pestat] low and high boundaries for computing mean and std.dev: (1, 509)
[M::mem_pestat] mean and std.dev: (217.55, 87.55)
[M::mem_pestat] low and high boundaries for proper pairs: (1, 628)
[M::mem_pestat] skip orientation RF as there are not enough pairs
[M::mem_pestat] analyzing insert size distribution for orientation RR...
[M::mem_pestat] (25, 50, 75) percentile: (234, 295, 612)
[M::mem_pestat] low and high boundaries for computing mean and std.dev: (1, 1368)
[M::mem_pestat] mean and std.dev: (303.38, 139.16)
[M::mem_pestat] low and high boundaries for proper pairs: (1, 1746)
[M::mem_pestat] skip orientation FF
[M::mem_pestat] skip orientation RR
[M::mem_process_seqs] Processed 562392 reads in 77.121 CPU sec, 9.550 real sec
[M::process] read 562888 sequences (80000219 bp)...
[M::mem_pestat] # candidate unique pairs for (FF, FR, RF, RR): (12, 244416, 2, 7)
[M::mem_pestat] analyzing insert size distribution for orientation FF...
[M::mem_pestat] (25, 50, 75) percentile: (246, 461, 3127)
[M::mem_pestat] low and high boundaries for computing mean and std.dev: (1, 8889)
[M::mem_pestat] mean and std.dev: (1719.92, 2077.95)
[M::mem_pestat] low and high boundaries for proper pairs: (1, 11770)
[M::mem_pestat] analyzing insert size distribution for orientation FR...
[M::mem_pestat] (25, 50, 75) percentile: (151, 202, 269)
[M::mem_pestat] low and high boundaries for computing mean and std.dev: (1, 505)
[M::mem_pestat] mean and std.dev: (215.93, 86.46)
[M::mem_pestat] low and high boundaries for proper pairs: (1, 623)
[M::mem_pestat] skip orientation RF as there are not enough pairs
[M::mem_pestat] skip orientation RR as there are not enough pairs
[M::mem_pestat] skip orientation FF
[M::mem_process_seqs] Processed 562792 reads in 77.544 CPU sec, 9.597 real sec
[M::process] read 561858 sequences (80000043 bp)...
[M::mem_pestat] # candidate unique pairs for (FF, FR, RF, RR): (14, 244935, 1, 20)
[M::mem_pestat] analyzing insert size distribution for orientation FF...
[M::mem_pestat] (25, 50, 75) percentile: (136, 250, 385)
[M::mem_pestat] low and high boundaries for computing mean and std.dev: (1, 883)
[M::mem_pestat] mean and std.dev: (253.15, 135.43)
[M::mem_pestat] low and high boundaries for proper pairs: (1, 1132)
[M::mem_pestat] analyzing insert size distribution for orientation FR...
[M::mem_pestat] (25, 50, 75) percentile: (151, 200, 267)
[M::mem_pestat] low and high boundaries for computing mean and std.dev: (1, 499)
[M::mem_pestat] mean and std.dev: (214.62, 85.35)
[M::mem_pestat] low and high boundaries for proper pairs: (1, 615)
[M::mem_pestat] skip orientation RF as there are not enough pairs
[M::mem_pestat] analyzing insert size distribution for orientation RR...
[M::mem_pestat] (25, 50, 75) percentile: (193, 292, 455)
[M::mem_pestat] low and high boundaries for computing mean and std.dev: (1, 979)
[M::mem_pestat] mean and std.dev: (296.28, 181.37)
[M::mem_pestat] low and high boundaries for proper pairs: (1, 1241)
[M::mem_pestat] skip orientation FF
[M::mem_pestat] skip orientation RR
[M::mem_process_seqs] Processed 562888 reads in 77.215 CPU sec, 9.536 real sec
[M::process] read 563790 sequences (80000237 bp)...
[M::mem_pestat] # candidate unique pairs for (FF, FR, RF, RR): (8, 244191, 0, 9)
[M::mem_pestat] skip orientation FF as there are not enough pairs
[M::mem_pestat] analyzing insert size distribution for orientation FR...
[M::mem_pestat] (25, 50, 75) percentile: (152, 203, 271)
[M::mem_pestat] low and high boundaries for computing mean and std.dev: (1, 509)
[M::mem_pestat] mean and std.dev: (217.75, 86.73)
[M::mem_pestat] low and high boundaries for proper pairs: (1, 628)
[M::mem_pestat] skip orientation RF as there are not enough pairs
[M::mem_pestat] skip orientation RR as there are not enough pairs
[M::mem_process_seqs] Processed 561858 reads in 78.750 CPU sec, 9.765 real sec
[M::process] read 565306 sequences (80000115 bp)...
[M::mem_pestat] # candidate unique pairs for (FF, FR, RF, RR): (6, 245129, 0, 9)
[M::mem_pestat] skip orientation FF as there are not enough pairs
[M::mem_pestat] analyzing insert size distribution for orientation FR...
[M::mem_pestat] (25, 50, 75) percentile: (150, 199, 266)
[M::mem_pestat] low and high boundaries for computing mean and std.dev: (1, 498)
[M::mem_pestat] mean and std.dev: (213.52, 85.25)
[M::mem_pestat] low and high boundaries for proper pairs: (1, 614)
[M::mem_pestat] skip orientation RF as there are not enough pairs
[M::mem_pestat] skip orientation RR as there are not enough pairs
[M::mem_process_seqs] Processed 563790 reads in 78.272 CPU sec, 9.781 real sec
[M::process] read 564918 sequences (80000263 bp)...
[M::mem_pestat] # candidate unique pairs for (FF, FR, RF, RR): (8, 246029, 0, 11)
[M::mem_pestat] skip orientation FF as there are not enough pairs
[M::mem_pestat] analyzing insert size distribution for orientation FR...
[M::mem_pestat] (25, 50, 75) percentile: (148, 197, 263)
[M::mem_pestat] low and high boundaries for computing mean and std.dev: (1, 493)
[M::mem_pestat] mean and std.dev: (210.98, 84.68)
[M::mem_pestat] low and high boundaries for proper pairs: (1, 608)
[M::mem_pestat] skip orientation RF as there are not enough pairs
[M::mem_pestat] analyzing insert size distribution for orientation RR...
[M::mem_pestat] (25, 50, 75) percentile: (140, 283, 457)
[M::mem_pestat] low and high boundaries for computing mean and std.dev: (1, 1091)
[M::mem_pestat] mean and std.dev: (255.20, 122.16)
[M::mem_pestat] low and high boundaries for proper pairs: (1, 1408)
[M::mem_pestat] skip orientation RR
[M::mem_process_seqs] Processed 565306 reads in 76.079 CPU sec, 9.422 real sec
[M::process] read 564750 sequences (80000034 bp)...
[M::mem_pestat] # candidate unique pairs for (FF, FR, RF, RR): (5, 245495, 0, 3)
[M::mem_pestat] skip orientation FF as there are not enough pairs
[M::mem_pestat] analyzing insert size distribution for orientation FR...
[M::mem_pestat] (25, 50, 75) percentile: (148, 198, 265)
[M::mem_pestat] low and high boundaries for computing mean and std.dev: (1, 499)
[M::mem_pestat] mean and std.dev: (212.19, 85.31)
[M::mem_pestat] low and high boundaries for proper pairs: (1, 616)
[M::mem_pestat] skip orientation RF as there are not enough pairs
[M::mem_pestat] skip orientation RR as there are not enough pairs
[M::mem_process_seqs] Processed 564918 reads in 75.389 CPU sec, 9.338 real sec
[M::process] read 564542 sequences (80000050 bp)...
[M::mem_pestat] # candidate unique pairs for (FF, FR, RF, RR): (7, 245264, 0, 7)
[M::mem_pestat] skip orientation FF as there are not enough pairs
[M::mem_pestat] analyzing insert size distribution for orientation FR...
[M::mem_pestat] (25, 50, 75) percentile: (148, 198, 264)
[M::mem_pestat] low and high boundaries for computing mean and std.dev: (1, 496)
[M::mem_pestat] mean and std.dev: (211.85, 84.93)
[M::mem_pestat] low and high boundaries for proper pairs: (1, 612)
[M::mem_pestat] skip orientation RF as there are not enough pairs
[M::mem_pestat] skip orientation RR as there are not enough pairs
[M::mem_process_seqs] Processed 564750 reads in 76.290 CPU sec, 9.371 real sec
[M::process] read 564488 sequences (80000044 bp)...
[M::mem_pestat] # candidate unique pairs for (FF, FR, RF, RR): (14, 245508, 0, 20)
[M::mem_pestat] analyzing insert size distribution for orientation FF...
[M::mem_pestat] (25, 50, 75) percentile: (131, 332, 716)
[M::mem_pestat] low and high boundaries for computing mean and std.dev: (1, 1886)
[M::mem_pestat] mean and std.dev: (443.92, 392.03)
[M::mem_pestat] low and high boundaries for proper pairs: (1, 2471)
[M::mem_pestat] analyzing insert size distribution for orientation FR...
[M::mem_pestat] (25, 50, 75) percentile: (149, 199, 266)
[M::mem_pestat] low and high boundaries for computing mean and std.dev: (1, 500)
[M::mem_pestat] mean and std.dev: (213.60, 86.77)
[M::mem_pestat] low and high boundaries for proper pairs: (1, 617)
[M::mem_pestat] skip orientation RF as there are not enough pairs
[M::mem_pestat] analyzing insert size distribution for orientation RR...
[M::mem_pestat] (25, 50, 75) percentile: (80, 198, 547)
[M::mem_pestat] low and high boundaries for computing mean and std.dev: (1, 1481)
[M::mem_pestat] mean and std.dev: (306.21, 323.87)
[M::mem_pestat] low and high boundaries for proper pairs: (1, 1948)
[M::mem_pestat] skip orientation FF
[M::mem_pestat] skip orientation RR
[M::mem_process_seqs] Processed 564542 reads in 75.576 CPU sec, 9.307 real sec
[M::process] read 564226 sequences (80000101 bp)...
[M::mem_pestat] # candidate unique pairs for (FF, FR, RF, RR): (13, 245284, 0, 11)
[M::mem_pestat] analyzing insert size distribution for orientation FF...
[M::mem_pestat] (25, 50, 75) percentile: (137, 279, 521)
[M::mem_pestat] low and high boundaries for computing mean and std.dev: (1, 1289)
[M::mem_pestat] mean and std.dev: (265.17, 141.39)
[M::mem_pestat] low and high boundaries for proper pairs: (1, 1673)
[M::mem_pestat] analyzing insert size distribution for orientation FR...
[M::mem_pestat] (25, 50, 75) percentile: (149, 199, 266)
[M::mem_pestat] low and high boundaries for computing mean and std.dev: (1, 500)
[M::mem_pestat] mean and std.dev: (213.36, 86.46)
[M::mem_pestat] low and high boundaries for proper pairs: (1, 617)
[M::mem_pestat] skip orientation RF as there are not enough pairs
[M::mem_pestat] analyzing insert size distribution for orientation RR...
[M::mem_pestat] (25, 50, 75) percentile: (170, 247, 898)
[M::mem_pestat] low and high boundaries for computing mean and std.dev: (1, 2354)
[M::mem_pestat] mean and std.dev: (401.73, 317.26)
[M::mem_pestat] low and high boundaries for proper pairs: (1, 3082)
[M::mem_pestat] skip orientation FF
[M::mem_pestat] skip orientation RR
[M::mem_process_seqs] Processed 564488 reads in 76.434 CPU sec, 9.404 real sec
[M::process] read 563372 sequences (80000270 bp)...
[M::mem_pestat] # candidate unique pairs for (FF, FR, RF, RR): (6, 244651, 0, 3)
[M::mem_pestat] skip orientation FF as there are not enough pairs
[M::mem_pestat] analyzing insert size distribution for orientation FR...
[M::mem_pestat] (25, 50, 75) percentile: (149, 200, 268)
[M::mem_pestat] low and high boundaries for computing mean and std.dev: (1, 506)
[M::mem_pestat] mean and std.dev: (214.31, 87.32)
[M::mem_pestat] low and high boundaries for proper pairs: (1, 625)
[M::mem_pestat] skip orientation RF as there are not enough pairs
[M::mem_pestat] skip orientation RR as there are not enough pairs
[M::mem_process_seqs] Processed 564226 reads in 75.854 CPU sec, 9.378 real sec
[M::process] read 563188 sequences (80000172 bp)...
[M::mem_pestat] # candidate unique pairs for (FF, FR, RF, RR): (7, 244578, 0, 19)
[M::mem_pestat] skip orientation FF as there are not enough pairs
[M::mem_pestat] analyzing insert size distribution for orientation FR...
[M::mem_pestat] (25, 50, 75) percentile: (150, 201, 269)
[M::mem_pestat] low and high boundaries for computing mean and std.dev: (1, 507)
[M::mem_pestat] mean and std.dev: (215.50, 87.27)
[M::mem_pestat] low and high boundaries for proper pairs: (1, 626)
[M::mem_pestat] skip orientation RF as there are not enough pairs
[M::mem_pestat] analyzing insert size distribution for orientation RR...
[M::mem_pestat] (25, 50, 75) percentile: (207, 317, 856)
[M::mem_pestat] low and high boundaries for computing mean and std.dev: (1, 2154)
[M::mem_pestat] mean and std.dev: (655.84, 649.65)
[M::mem_pestat] low and high boundaries for proper pairs: (1, 3254)
[M::mem_pestat] skip orientation RR
[M::mem_process_seqs] Processed 563372 reads in 75.724 CPU sec, 9.408 real sec
[M::process] read 563176 sequences (80000259 bp)...
[M::mem_pestat] # candidate unique pairs for (FF, FR, RF, RR): (9, 244620, 0, 12)
[M::mem_pestat] skip orientation FF as there are not enough pairs
[M::mem_pestat] analyzing insert size distribution for orientation FR...
[M::mem_pestat] (25, 50, 75) percentile: (150, 201, 269)
[M::mem_pestat] low and high boundaries for computing mean and std.dev: (1, 507)
[M::mem_pestat] mean and std.dev: (215.71, 87.17)
[M::mem_pestat] low and high boundaries for proper pairs: (1, 626)
[M::mem_pestat] skip orientation RF as there are not enough pairs
[M::mem_pestat] analyzing insert size distribution for orientation RR...
[M::mem_pestat] (25, 50, 75) percentile: (201, 525, 2386)
[M::mem_pestat] low and high boundaries for computing mean and std.dev: (1, 6756)
[M::mem_pestat] mean and std.dev: (948.45, 1410.73)
[M::mem_pestat] low and high boundaries for proper pairs: (1, 8941)
[M::mem_pestat] skip orientation RR
[M::mem_process_seqs] Processed 563188 reads in 75.970 CPU sec, 9.416 real sec
[M::process] read 561772 sequences (80000230 bp)...
[M::mem_pestat] # candidate unique pairs for (FF, FR, RF, RR): (4, 244804, 0, 11)
[M::mem_pestat] skip orientation FF as there are not enough pairs
[M::mem_pestat] analyzing insert size distribution for orientation FR...
[M::mem_pestat] (25, 50, 75) percentile: (151, 202, 269)
[M::mem_pestat] low and high boundaries for computing mean and std.dev: (1, 505)
[M::mem_pestat] mean and std.dev: (215.77, 86.97)
[M::mem_pestat] low and high boundaries for proper pairs: (1, 623)
[M::mem_pestat] skip orientation RF as there are not enough pairs
[M::mem_pestat] analyzing insert size distribution for orientation RR...
[M::mem_pestat] (25, 50, 75) percentile: (340, 838, 1167)
[M::mem_pestat] low and high boundaries for computing mean and std.dev: (1, 2821)
[M::mem_pestat] mean and std.dev: (693.45, 427.03)
[M::mem_pestat] low and high boundaries for proper pairs: (1, 3648)
[M::mem_pestat] skip orientation RR
[M::mem_process_seqs] Processed 563176 reads in 76.224 CPU sec, 9.425 real sec
[M::process] read 561842 sequences (80000118 bp)...
[M::mem_pestat] # candidate unique pairs for (FF, FR, RF, RR): (6, 244238, 0, 19)
[M::mem_pestat] skip orientation FF as there are not enough pairs
[M::mem_pestat] analyzing insert size distribution for orientation FR...
[M::mem_pestat] (25, 50, 75) percentile: (153, 206, 277)
[M::mem_pestat] low and high boundaries for computing mean and std.dev: (1, 525)
[M::mem_pestat] mean and std.dev: (221.24, 91.18)
[M::mem_pestat] low and high boundaries for proper pairs: (1, 649)
[M::mem_pestat] skip orientation RF as there are not enough pairs
[M::mem_pestat] analyzing insert size distribution for orientation RR...
[M::mem_pestat] (25, 50, 75) percentile: (226, 321, 924)
[M::mem_pestat] low and high boundaries for computing mean and std.dev: (1, 2320)
[M::mem_pestat] mean and std.dev: (568.00, 473.84)
[M::mem_pestat] low and high boundaries for proper pairs: (1, 3018)
[M::mem_pestat] skip orientation RR
[M::mem_process_seqs] Processed 561772 reads in 76.366 CPU sec, 9.474 real sec
[M::process] read 562082 sequences (80000175 bp)...
[M::mem_pestat] # candidate unique pairs for (FF, FR, RF, RR): (10, 244378, 0, 7)
[M::mem_pestat] analyzing insert size distribution for orientation FF...
[M::mem_pestat] (25, 50, 75) percentile: (214, 368, 612)
[M::mem_pestat] low and high boundaries for computing mean and std.dev: (1, 1408)
[M::mem_pestat] mean and std.dev: (295.12, 157.57)
[M::mem_pestat] low and high boundaries for proper pairs: (1, 1806)
[M::mem_pestat] analyzing insert size distribution for orientation FR...
[M::mem_pestat] (25, 50, 75) percentile: (153, 205, 276)
[M::mem_pestat] low and high boundaries for computing mean and std.dev: (1, 522)
[M::mem_pestat] mean and std.dev: (220.60, 90.57)
[M::mem_pestat] low and high boundaries for proper pairs: (1, 645)
[M::mem_pestat] skip orientation RF as there are not enough pairs
[M::mem_pestat] skip orientation RR as there are not enough pairs
[M::mem_pestat] skip orientation FF
[M::mem_process_seqs] Processed 561842 reads in 75.830 CPU sec, 9.527 real sec
[M::process] read 561388 sequences (80000251 bp)...
[M::mem_pestat] # candidate unique pairs for (FF, FR, RF, RR): (13, 244076, 1, 8)
[M::mem_pestat] analyzing insert size distribution for orientation FF...
[M::mem_pestat] (25, 50, 75) percentile: (179, 632, 3948)
[M::mem_pestat] low and high boundaries for computing mean and std.dev: (1, 11486)
[M::mem_pestat] mean and std.dev: (1623.38, 2181.49)
[M::mem_pestat] low and high boundaries for proper pairs: (1, 15255)
[M::mem_pestat] analyzing insert size distribution for orientation FR...
[M::mem_pestat] (25, 50, 75) percentile: (152, 204, 274)
[M::mem_pestat] low and high boundaries for computing mean and std.dev: (1, 518)
[M::mem_pestat] mean and std.dev: (219.19, 89.31)
[M::mem_pestat] low and high boundaries for proper pairs: (1, 640)
[M::mem_pestat] skip orientation RF as there are not enough pairs
[M::mem_pestat] skip orientation RR as there are not enough pairs
[M::mem_pestat] skip orientation FF
[M::mem_process_seqs] Processed 562082 reads in 76.519 CPU sec, 9.519 real sec
[M::process] read 561864 sequences (80000249 bp)...
[M::mem_pestat] # candidate unique pairs for (FF, FR, RF, RR): (8, 243868, 0, 6)
[M::mem_pestat] skip orientation FF as there are not enough pairs
[M::mem_pestat] analyzing insert size distribution for orientation FR...
[M::mem_pestat] (25, 50, 75) percentile: (153, 205, 275)
[M::mem_pestat] low and high boundaries for computing mean and std.dev: (1, 519)
[M::mem_pestat] mean and std.dev: (219.74, 89.28)
[M::mem_pestat] low and high boundaries for proper pairs: (1, 641)
[M::mem_pestat] skip orientation RF as there are not enough pairs
[M::mem_pestat] skip orientation RR as there are not enough pairs
[M::mem_process_seqs] Processed 561388 reads in 77.389 CPU sec, 9.569 real sec
[M::process] read 563058 sequences (80000038 bp)...
[M::mem_pestat] # candidate unique pairs for (FF, FR, RF, RR): (11, 244215, 0, 5)
[M::mem_pestat] analyzing insert size distribution for orientation FF...
[M::mem_pestat] (25, 50, 75) percentile: (162, 207, 1318)
[M::mem_pestat] low and high boundaries for computing mean and std.dev: (1, 3630)
[M::mem_pestat] mean and std.dev: (540.30, 569.33)
[M::mem_pestat] low and high boundaries for proper pairs: (1, 4786)
[M::mem_pestat] analyzing insert size distribution for orientation FR...
[M::mem_pestat] (25, 50, 75) percentile: (152, 204, 274)
[M::mem_pestat] low and high boundaries for computing mean and std.dev: (1, 518)
[M::mem_pestat] mean and std.dev: (219.33, 89.76)
[M::mem_pestat] low and high boundaries for proper pairs: (1, 640)
[M::mem_pestat] skip orientation RF as there are not enough pairs
[M::mem_pestat] skip orientation RR as there are not enough pairs
[M::mem_pestat] skip orientation FF
[M::mem_process_seqs] Processed 561864 reads in 77.070 CPU sec, 9.558 real sec
[M::process] read 562532 sequences (80000115 bp)...
[M::mem_pestat] # candidate unique pairs for (FF, FR, RF, RR): (6, 244846, 0, 7)
[M::mem_pestat] skip orientation FF as there are not enough pairs
[M::mem_pestat] analyzing insert size distribution for orientation FR...
[M::mem_pestat] (25, 50, 75) percentile: (151, 201, 268)
[M::mem_pestat] low and high boundaries for computing mean and std.dev: (1, 502)
[M::mem_pestat] mean and std.dev: (215.18, 86.19)
[M::mem_pestat] low and high boundaries for proper pairs: (1, 619)
[M::mem_pestat] skip orientation RF as there are not enough pairs
[M::mem_pestat] skip orientation RR as there are not enough pairs
[M::mem_process_seqs] Processed 563058 reads in 76.555 CPU sec, 9.504 real sec
[M::process] read 562506 sequences (80000216 bp)...
[M::mem_pestat] # candidate unique pairs for (FF, FR, RF, RR): (5, 244640, 1, 8)
[M::mem_pestat] skip orientation FF as there are not enough pairs
[M::mem_pestat] analyzing insert size distribution for orientation FR...
[M::mem_pestat] (25, 50, 75) percentile: (152, 202, 270)
[M::mem_pestat] low and high boundaries for computing mean and std.dev: (1, 506)
[M::mem_pestat] mean and std.dev: (216.37, 86.84)
[M::mem_pestat] low and high boundaries for proper pairs: (1, 624)
[M::mem_pestat] skip orientation RF as there are not enough pairs
[M::mem_pestat] skip orientation RR as there are not enough pairs
[M::mem_process_seqs] Processed 562532 reads in 76.498 CPU sec, 9.563 real sec
[M::process] read 560300 sequences (80000274 bp)...
[M::mem_pestat] # candidate unique pairs for (FF, FR, RF, RR): (4, 244334, 1, 7)
[M::mem_pestat] skip orientation FF as there are not enough pairs
[M::mem_pestat] analyzing insert size distribution for orientation FR...
[M::mem_pestat] (25, 50, 75) percentile: (151, 202, 270)
[M::mem_pestat] low and high boundaries for computing mean and std.dev: (1, 508)
[M::mem_pestat] mean and std.dev: (216.52, 86.80)
[M::mem_pestat] low and high boundaries for proper pairs: (1, 627)
[M::mem_pestat] skip orientation RF as there are not enough pairs
[M::mem_pestat] skip orientation RR as there are not enough pairs
[M::mem_process_seqs] Processed 562506 reads in 77.394 CPU sec, 9.668 real sec
[M::process] read 561532 sequences (80000172 bp)...
[M::mem_pestat] # candidate unique pairs for (FF, FR, RF, RR): (11, 243637, 0, 10)
[M::mem_pestat] analyzing insert size distribution for orientation FF...
[M::mem_pestat] (25, 50, 75) percentile: (108, 254, 287)
[M::mem_pestat] low and high boundaries for computing mean and std.dev: (1, 645)
[M::mem_pestat] mean and std.dev: (214.90, 142.78)
[M::mem_pestat] low and high boundaries for proper pairs: (1, 824)
[M::mem_pestat] analyzing insert size distribution for orientation FR...
[M::mem_pestat] (25, 50, 75) percentile: (155, 208, 280)
[M::mem_pestat] low and high boundaries for computing mean and std.dev: (1, 530)
[M::mem_pestat] mean and std.dev: (223.66, 91.79)
[M::mem_pestat] low and high boundaries for proper pairs: (1, 655)
[M::mem_pestat] skip orientation RF as there are not enough pairs
[M::mem_pestat] analyzing insert size distribution for orientation RR...
[M::mem_pestat] (25, 50, 75) percentile: (121, 369, 579)
[M::mem_pestat] low and high boundaries for computing mean and std.dev: (1, 1495)
[M::mem_pestat] mean and std.dev: (421.44, 381.54)
[M::mem_pestat] low and high boundaries for proper pairs: (1, 1953)
[M::mem_pestat] skip orientation FF
[M::mem_pestat] skip orientation RR
[M::mem_process_seqs] Processed 560300 reads in 76.802 CPU sec, 9.544 real sec
[M::process] read 562872 sequences (80000010 bp)...
[M::mem_pestat] # candidate unique pairs for (FF, FR, RF, RR): (10, 244434, 0, 18)
[M::mem_pestat] analyzing insert size distribution for orientation FF...
[M::mem_pestat] (25, 50, 75) percentile: (303, 1055, 1098)
[M::mem_pestat] low and high boundaries for computing mean and std.dev: (1, 2688)
[M::mem_pestat] mean and std.dev: (615.38, 391.69)
[M::mem_pestat] low and high boundaries for proper pairs: (1, 3483)
[M::mem_pestat] analyzing insert size distribution for orientation FR...
[M::mem_pestat] (25, 50, 75) percentile: (152, 203, 272)
[M::mem_pestat] low and high boundaries for computing mean and std.dev: (1, 512)
[M::mem_pestat] mean and std.dev: (218.39, 88.25)
[M::mem_pestat] low and high boundaries for proper pairs: (1, 632)
[M::mem_pestat] skip orientation RF as there are not enough pairs
[M::mem_pestat] analyzing insert size distribution for orientation RR...
[M::mem_pestat] (25, 50, 75) percentile: (177, 259, 633)
[M::mem_pestat] low and high boundaries for computing mean and std.dev: (1, 1545)
[M::mem_pestat] mean and std.dev: (446.94, 432.68)
[M::mem_pestat] low and high boundaries for proper pairs: (1, 2178)
[M::mem_pestat] skip orientation FF
[M::mem_pestat] skip orientation RR
[M::mem_process_seqs] Processed 561532 reads in 76.862 CPU sec, 9.619 real sec
[M::process] read 562684 sequences (80000255 bp)...
[M::mem_pestat] # candidate unique pairs for (FF, FR, RF, RR): (18, 244770, 1, 3)
[M::mem_pestat] analyzing insert size distribution for orientation FF...
[M::mem_pestat] (25, 50, 75) percentile: (150, 267, 509)
[M::mem_pestat] low and high boundaries for computing mean and std.dev: (1, 1227)
[M::mem_pestat] mean and std.dev: (376.50, 297.60)
[M::mem_pestat] low and high boundaries for proper pairs: (1, 1586)
[M::mem_pestat] analyzing insert size distribution for orientation FR...
[M::mem_pestat] (25, 50, 75) percentile: (151, 200, 267)
[M::mem_pestat] low and high boundaries for computing mean and std.dev: (1, 499)
[M::mem_pestat] mean and std.dev: (214.72, 85.36)
[M::mem_pestat] low and high boundaries for proper pairs: (1, 615)
[M::mem_pestat] skip orientation RF as there are not enough pairs
[M::mem_pestat] skip orientation RR as there are not enough pairs
[M::mem_pestat] skip orientation FF
[M::mem_process_seqs] Processed 562872 reads in 79.140 CPU sec, 9.774 real sec
[M::process] read 564610 sequences (80000264 bp)...
[M::mem_pestat] # candidate unique pairs for (FF, FR, RF, RR): (18, 244555, 1, 6)
[M::mem_pestat] analyzing insert size distribution for orientation FF...
[M::mem_pestat] (25, 50, 75) percentile: (95, 206, 278)
[M::mem_pestat] low and high boundaries for computing mean and std.dev: (1, 644)
[M::mem_pestat] mean and std.dev: (159.33, 76.55)
[M::mem_pestat] low and high boundaries for proper pairs: (1, 827)
[M::mem_pestat] analyzing insert size distribution for orientation FR...
[M::mem_pestat] (25, 50, 75) percentile: (152, 201, 269)
[M::mem_pestat] low and high boundaries for computing mean and std.dev: (1, 503)
[M::mem_pestat] mean and std.dev: (216.17, 85.65)
[M::mem_pestat] low and high boundaries for proper pairs: (1, 620)
[M::mem_pestat] skip orientation RF as there are not enough pairs
[M::mem_pestat] skip orientation RR as there are not enough pairs
[M::mem_pestat] skip orientation FF
[M::mem_process_seqs] Processed 562684 reads in 82.092 CPU sec, 10.265 real sec
[M::process] read 563724 sequences (80000001 bp)...
[M::mem_pestat] # candidate unique pairs for (FF, FR, RF, RR): (10, 245565, 0, 9)
[M::mem_pestat] analyzing insert size distribution for orientation FF...
[M::mem_pestat] (25, 50, 75) percentile: (101, 261, 634)
[M::mem_pestat] low and high boundaries for computing mean and std.dev: (1, 1700)
[M::mem_pestat] mean and std.dev: (380.00, 339.20)
[M::mem_pestat] low and high boundaries for proper pairs: (1, 2233)
[M::mem_pestat] analyzing insert size distribution for orientation FR...
[M::mem_pestat] (25, 50, 75) percentile: (149, 198, 265)
[M::mem_pestat] low and high boundaries for computing mean and std.dev: (1, 497)
[M::mem_pestat] mean and std.dev: (212.53, 85.30)
[M::mem_pestat] low and high boundaries for proper pairs: (1, 613)
[M::mem_pestat] skip orientation RF as there are not enough pairs
[M::mem_pestat] skip orientation RR as there are not enough pairs
[M::mem_pestat] skip orientation FF
[M::mem_process_seqs] Processed 564610 reads in 75.778 CPU sec, 9.364 real sec
[M::process] read 563428 sequences (80000157 bp)...
[M::mem_pestat] # candidate unique pairs for (FF, FR, RF, RR): (9, 245068, 0, 4)
[M::mem_pestat] skip orientation FF as there are not enough pairs
[M::mem_pestat] analyzing insert size distribution for orientation FR...
[M::mem_pestat] (25, 50, 75) percentile: (149, 200, 267)
[M::mem_pestat] low and high boundaries for computing mean and std.dev: (1, 503)
[M::mem_pestat] mean and std.dev: (214.15, 86.34)
[M::mem_pestat] low and high boundaries for proper pairs: (1, 621)
[M::mem_pestat] skip orientation RF as there are not enough pairs
[M::mem_pestat] skip orientation RR as there are not enough pairs
[M::mem_process_seqs] Processed 563724 reads in 74.970 CPU sec, 9.374 real sec
[M::process] read 563202 sequences (80000178 bp)...
[M::mem_pestat] # candidate unique pairs for (FF, FR, RF, RR): (7, 244525, 1, 11)
[M::mem_pestat] skip orientation FF as there are not enough pairs
[M::mem_pestat] analyzing insert size distribution for orientation FR...
[M::mem_pestat] (25, 50, 75) percentile: (150, 201, 269)
[M::mem_pestat] low and high boundaries for computing mean and std.dev: (1, 507)
[M::mem_pestat] mean and std.dev: (215.27, 86.92)
[M::mem_pestat] low and high boundaries for proper pairs: (1, 626)
[M::mem_pestat] skip orientation RF as there are not enough pairs
[M::mem_pestat] analyzing insert size distribution for orientation RR...
[M::mem_pestat] (25, 50, 75) percentile: (127, 152, 494)
[M::mem_pestat] low and high boundaries for computing mean and std.dev: (1, 1228)
[M::mem_pestat] mean and std.dev: (254.10, 205.27)
[M::mem_pestat] low and high boundaries for proper pairs: (1, 1595)
[M::mem_pestat] skip orientation RR
[M::mem_process_seqs] Processed 563428 reads in 76.228 CPU sec, 9.403 real sec
[M::process] read 563608 sequences (80000096 bp)...
[M::mem_pestat] # candidate unique pairs for (FF, FR, RF, RR): (7, 244893, 0, 6)
[M::mem_pestat] skip orientation FF as there are not enough pairs
[M::mem_pestat] analyzing insert size distribution for orientation FR...
[M::mem_pestat] (25, 50, 75) percentile: (151, 202, 270)
[M::mem_pestat] low and high boundaries for computing mean and std.dev: (1, 508)
[M::mem_pestat] mean and std.dev: (216.29, 87.86)
[M::mem_pestat] low and high boundaries for proper pairs: (1, 627)
[M::mem_pestat] skip orientation RF as there are not enough pairs
[M::mem_pestat] skip orientation RR as there are not enough pairs
[M::mem_process_seqs] Processed 563202 reads in 75.939 CPU sec, 9.354 real sec
[M::process] read 563720 sequences (80000154 bp)...
[M::mem_pestat] # candidate unique pairs for (FF, FR, RF, RR): (9, 244706, 1, 3)
[M::mem_pestat] skip orientation FF as there are not enough pairs
[M::mem_pestat] analyzing insert size distribution for orientation FR...
[M::mem_pestat] (25, 50, 75) percentile: (150, 201, 270)
[M::mem_pestat] low and high boundaries for computing mean and std.dev: (1, 510)
[M::mem_pestat] mean and std.dev: (215.76, 88.07)
[M::mem_pestat] low and high boundaries for proper pairs: (1, 630)
[M::mem_pestat] skip orientation RF as there are not enough pairs
[M::mem_pestat] skip orientation RR as there are not enough pairs
[M::mem_process_seqs] Processed 563608 reads in 73.952 CPU sec, 9.144 real sec
[M::process] read 563064 sequences (80000003 bp)...
[M::mem_pestat] # candidate unique pairs for (FF, FR, RF, RR): (12, 244732, 1, 12)
[M::mem_pestat] analyzing insert size distribution for orientation FF...
[M::mem_pestat] (25, 50, 75) percentile: (162, 197, 303)
[M::mem_pestat] low and high boundaries for computing mean and std.dev: (1, 585)
[M::mem_pestat] mean and std.dev: (195.80, 50.58)
[M::mem_pestat] low and high boundaries for proper pairs: (1, 726)
[M::mem_pestat] analyzing insert size distribution for orientation FR...
[M::mem_pestat] (25, 50, 75) percentile: (150, 200, 269)
[M::mem_pestat] low and high boundaries for computing mean and std.dev: (1, 507)
[M::mem_pestat] mean and std.dev: (215.00, 87.72)
[M::mem_pestat] low and high boundaries for proper pairs: (1, 626)
[M::mem_pestat] skip orientation RF as there are not enough pairs
[M::mem_pestat] analyzing insert size distribution for orientation RR...
[M::mem_pestat] (25, 50, 75) percentile: (271, 281, 384)
[M::mem_pestat] low and high boundaries for computing mean and std.dev: (45, 610)
[M::mem_pestat] mean and std.dev: (269.50, 105.77)
[M::mem_pestat] low and high boundaries for proper pairs: (1, 723)
[M::mem_pestat] skip orientation FF
[M::mem_pestat] skip orientation RR
[M::mem_process_seqs] Processed 563720 reads in 73.697 CPU sec, 9.145 real sec
[M::process] read 562988 sequences (80000137 bp)...
[M::mem_pestat] # candidate unique pairs for (FF, FR, RF, RR): (4, 244315, 1, 12)
[M::mem_pestat] skip orientation FF as there are not enough pairs
[M::mem_pestat] analyzing insert size distribution for orientation FR...
[M::mem_pestat] (25, 50, 75) percentile: (151, 202, 272)
[M::mem_pestat] low and high boundaries for computing mean and std.dev: (1, 514)
[M::mem_pestat] mean and std.dev: (217.27, 89.30)
[M::mem_pestat] low and high boundaries for proper pairs: (1, 635)
[M::mem_pestat] skip orientation RF as there are not enough pairs
[M::mem_pestat] analyzing insert size distribution for orientation RR...
[M::mem_pestat] (25, 50, 75) percentile: (118, 185, 2658)
[M::mem_pestat] low and high boundaries for computing mean and std.dev: (1, 7738)
[M::mem_pestat] mean and std.dev: (1521.42, 2584.26)
[M::mem_pestat] low and high boundaries for proper pairs: (1, 11858)
[M::mem_pestat] skip orientation RR
[M::mem_process_seqs] Processed 563064 reads in 75.143 CPU sec, 9.325 real sec
[M::process] read 562638 sequences (80000005 bp)...
[M::mem_pestat] # candidate unique pairs for (FF, FR, RF, RR): (5, 244557, 1, 12)
[M::mem_pestat] skip orientation FF as there are not enough pairs
[M::mem_pestat] analyzing insert size distribution for orientation FR...
[M::mem_pestat] (25, 50, 75) percentile: (151, 202, 271)
[M::mem_pestat] low and high boundaries for computing mean and std.dev: (1, 511)
[M::mem_pestat] mean and std.dev: (216.49, 87.89)
[M::mem_pestat] low and high boundaries for proper pairs: (1, 631)
[M::mem_pestat] skip orientation RF as there are not enough pairs
[M::mem_pestat] analyzing insert size distribution for orientation RR...
[M::mem_pestat] (25, 50, 75) percentile: (169, 206, 458)
[M::mem_pestat] low and high boundaries for computing mean and std.dev: (1, 1036)
[M::mem_pestat] mean and std.dev: (234.55, 110.96)
[M::mem_pestat] low and high boundaries for proper pairs: (1, 1325)
[M::mem_pestat] skip orientation RR
[M::mem_process_seqs] Processed 562988 reads in 74.960 CPU sec, 9.322 real sec
[M::process] read 562680 sequences (80000135 bp)...
[M::mem_pestat] # candidate unique pairs for (FF, FR, RF, RR): (10, 244296, 2, 11)
[M::mem_pestat] analyzing insert size distribution for orientation FF...
[M::mem_pestat] (25, 50, 75) percentile: (118, 227, 241)
[M::mem_pestat] low and high boundaries for computing mean and std.dev: (1, 487)
[M::mem_pestat] mean and std.dev: (212.50, 79.66)
[M::mem_pestat] low and high boundaries for proper pairs: (1, 610)
[M::mem_pestat] analyzing insert size distribution for orientation FR...
[M::mem_pestat] (25, 50, 75) percentile: (151, 203, 273)
[M::mem_pestat] low and high boundaries for computing mean and std.dev: (1, 517)
[M::mem_pestat] mean and std.dev: (218.19, 89.40)
[M::mem_pestat] low and high boundaries for proper pairs: (1, 639)
[M::mem_pestat] skip orientation RF as there are not enough pairs
[M::mem_pestat] analyzing insert size distribution for orientation RR...
[M::mem_pestat] (25, 50, 75) percentile: (127, 312, 350)
[M::mem_pestat] low and high boundaries for computing mean and std.dev: (1, 796)
[M::mem_pestat] mean and std.dev: (234.20, 110.82)
[M::mem_pestat] low and high boundaries for proper pairs: (1, 1019)
[M::mem_pestat] skip orientation FF
[M::mem_pestat] skip orientation RR
[M::mem_process_seqs] Processed 562638 reads in 74.443 CPU sec, 9.254 real sec
[M::process] read 561022 sequences (80000213 bp)...
[M::mem_pestat] # candidate unique pairs for (FF, FR, RF, RR): (17, 244548, 3, 7)
[M::mem_pestat] analyzing insert size distribution for orientation FF...
[M::mem_pestat] (25, 50, 75) percentile: (213, 614, 1242)
[M::mem_pestat] low and high boundaries for computing mean and std.dev: (1, 3300)
[M::mem_pestat] mean and std.dev: (586.88, 427.80)
[M::mem_pestat] low and high boundaries for proper pairs: (1, 4329)
[M::mem_pestat] analyzing insert size distribution for orientation FR...
[M::mem_pestat] (25, 50, 75) percentile: (152, 203, 272)
[M::mem_pestat] low and high boundaries for computing mean and std.dev: (1, 512)
[M::mem_pestat] mean and std.dev: (217.64, 88.37)
[M::mem_pestat] low and high boundaries for proper pairs: (1, 632)
[M::mem_pestat] skip orientation RF as there are not enough pairs
[M::mem_pestat] skip orientation RR as there are not enough pairs
[M::mem_pestat] skip orientation FF
[M::mem_process_seqs] Processed 562680 reads in 75.511 CPU sec, 9.322 real sec
[M::process] read 560858 sequences (80000228 bp)...
[M::mem_pestat] # candidate unique pairs for (FF, FR, RF, RR): (8, 243570, 0, 13)
[M::mem_pestat] skip orientation FF as there are not enough pairs
[M::mem_pestat] analyzing insert size distribution for orientation FR...
[M::mem_pestat] (25, 50, 75) percentile: (154, 207, 280)
[M::mem_pestat] low and high boundaries for computing mean and std.dev: (1, 532)
[M::mem_pestat] mean and std.dev: (223.17, 92.36)
[M::mem_pestat] low and high boundaries for proper pairs: (1, 658)
[M::mem_pestat] skip orientation RF as there are not enough pairs
[M::mem_pestat] analyzing insert size distribution for orientation RR...
[M::mem_pestat] (25, 50, 75) percentile: (326, 378, 407)
[M::mem_pestat] low and high boundaries for computing mean and std.dev: (164, 569)
[M::mem_pestat] mean and std.dev: (371.89, 37.90)
[M::mem_pestat] low and high boundaries for proper pairs: (83, 650)
[M::mem_pestat] skip orientation RR
[M::mem_process_seqs] Processed 561022 reads in 75.937 CPU sec, 9.496 real sec
[M::process] read 561502 sequences (80000055 bp)...
[M::mem_pestat] # candidate unique pairs for (FF, FR, RF, RR): (10, 243338, 0, 11)
[M::mem_pestat] analyzing insert size distribution for orientation FF...
[M::mem_pestat] (25, 50, 75) percentile: (257, 267, 584)
[M::mem_pestat] low and high boundaries for computing mean and std.dev: (1, 1238)
[M::mem_pestat] mean and std.dev: (303.50, 173.33)
[M::mem_pestat] low and high boundaries for proper pairs: (1, 1565)
[M::mem_pestat] analyzing insert size distribution for orientation FR...
[M::mem_pestat] (25, 50, 75) percentile: (154, 208, 281)
[M::mem_pestat] low and high boundaries for computing mean and std.dev: (1, 535)
[M::mem_pestat] mean and std.dev: (224.07, 93.17)
[M::mem_pestat] low and high boundaries for proper pairs: (1, 662)
[M::mem_pestat] skip orientation RF as there are not enough pairs
[M::mem_pestat] analyzing insert size distribution for orientation RR...
[M::mem_pestat] (25, 50, 75) percentile: (199, 202, 370)
[M::mem_pestat] low and high boundaries for computing mean and std.dev: (1, 712)
[M::mem_pestat] mean and std.dev: (231.00, 72.64)
[M::mem_pestat] low and high boundaries for proper pairs: (1, 883)
[M::mem_pestat] skip orientation FF
[M::mem_pestat] skip orientation RR
[M::mem_process_seqs] Processed 560858 reads in 76.320 CPU sec, 9.373 real sec
[M::process] read 560716 sequences (80000028 bp)...
[M::mem_pestat] # candidate unique pairs for (FF, FR, RF, RR): (12, 243961, 0, 10)
[M::mem_pestat] analyzing insert size distribution for orientation FF...
[M::mem_pestat] (25, 50, 75) percentile: (309, 365, 874)
[M::mem_pestat] low and high boundaries for computing mean and std.dev: (1, 2004)
[M::mem_pestat] mean and std.dev: (499.09, 322.57)
[M::mem_pestat] low and high boundaries for proper pairs: (1, 2569)
[M::mem_pestat] analyzing insert size distribution for orientation FR...
[M::mem_pestat] (25, 50, 75) percentile: (153, 206, 277)
[M::mem_pestat] low and high boundaries for computing mean and std.dev: (1, 525)
[M::mem_pestat] mean and std.dev: (221.35, 90.91)
[M::mem_pestat] low and high boundaries for proper pairs: (1, 649)
[M::mem_pestat] skip orientation RF as there are not enough pairs
[M::mem_pestat] analyzing insert size distribution for orientation RR...
[M::mem_pestat] (25, 50, 75) percentile: (255, 353, 393)
[M::mem_pestat] low and high boundaries for computing mean and std.dev: (1, 669)
[M::mem_pestat] mean and std.dev: (286.78, 105.20)
[M::mem_pestat] low and high boundaries for proper pairs: (1, 807)
[M::mem_pestat] skip orientation FF
[M::mem_pestat] skip orientation RR
[M::mem_process_seqs] Processed 561502 reads in 74.915 CPU sec, 9.264 real sec
[M::process] read 560164 sequences (80000056 bp)...
[M::mem_pestat] # candidate unique pairs for (FF, FR, RF, RR): (11, 243900, 1, 16)
[M::mem_pestat] analyzing insert size distribution for orientation FF...
[M::mem_pestat] (25, 50, 75) percentile: (111, 136, 463)
[M::mem_pestat] low and high boundaries for computing mean and std.dev: (1, 1167)
[M::mem_pestat] mean and std.dev: (261.91, 243.39)
[M::mem_pestat] low and high boundaries for proper pairs: (1, 1519)
[M::mem_pestat] analyzing insert size distribution for orientation FR...
[M::mem_pestat] (25, 50, 75) percentile: (154, 207, 278)
[M::mem_pestat] low and high boundaries for computing mean and std.dev: (1, 526)
[M::mem_pestat] mean and std.dev: (222.17, 90.94)
[M::mem_pestat] low and high boundaries for proper pairs: (1, 650)
[M::mem_pestat] skip orientation RF as there are not enough pairs
[M::mem_pestat] analyzing insert size distribution for orientation RR...
[M::mem_pestat] (25, 50, 75) percentile: (199, 301, 497)
[M::mem_pestat] low and high boundaries for computing mean and std.dev: (1, 1093)
[M::mem_pestat] mean and std.dev: (283.43, 130.97)
[M::mem_pestat] low and high boundaries for proper pairs: (1, 1391)
[M::mem_pestat] skip orientation FF
[M::mem_pestat] skip orientation RR
[M::mem_process_seqs] Processed 560716 reads in 74.861 CPU sec, 9.316 real sec
[M::process] read 561884 sequences (80000151 bp)...
[M::mem_pestat] # candidate unique pairs for (FF, FR, RF, RR): (27, 243497, 0, 6)
[M::mem_pestat] analyzing insert size distribution for orientation FF...
[M::mem_pestat] (25, 50, 75) percentile: (287, 446, 457)
[M::mem_pestat] low and high boundaries for computing mean and std.dev: (1, 797)
[M::mem_pestat] mean and std.dev: (357.05, 111.51)
[M::mem_pestat] low and high boundaries for proper pairs: (1, 967)
[M::mem_pestat] analyzing insert size distribution for orientation FR...
[M::mem_pestat] (25, 50, 75) percentile: (155, 209, 283)
[M::mem_pestat] low and high boundaries for computing mean and std.dev: (1, 539)
[M::mem_pestat] mean and std.dev: (225.81, 94.09)
[M::mem_pestat] low and high boundaries for proper pairs: (1, 667)
[M::mem_pestat] skip orientation RF as there are not enough pairs
[M::mem_pestat] skip orientation RR as there are not enough pairs
[M::mem_pestat] skip orientation FF
[M::mem_process_seqs] Processed 560164 reads in 76.442 CPU sec, 9.421 real sec
[M::process] read 562598 sequences (80000208 bp)...
[M::mem_pestat] # candidate unique pairs for (FF, FR, RF, RR): (17, 244227, 1, 5)
[M::mem_pestat] analyzing insert size distribution for orientation FF...
[M::mem_pestat] (25, 50, 75) percentile: (223, 469, 1202)
[M::mem_pestat] low and high boundaries for computing mean and std.dev: (1, 3160)
[M::mem_pestat] mean and std.dev: (798.18, 943.88)
[M::mem_pestat] low and high boundaries for proper pairs: (1, 4574)
[M::mem_pestat] analyzing insert size distribution for orientation FR...
[M::mem_pestat] (25, 50, 75) percentile: (152, 203, 272)
[M::mem_pestat] low and high boundaries for computing mean and std.dev: (1, 512)
[M::mem_pestat] mean and std.dev: (217.91, 87.88)
[M::mem_pestat] low and high boundaries for proper pairs: (1, 632)
[M::mem_pestat] skip orientation RF as there are not enough pairs
[M::mem_pestat] skip orientation RR as there are not enough pairs
[M::mem_pestat] skip orientation FF
[M::mem_process_seqs] Processed 561884 reads in 76.920 CPU sec, 9.455 real sec
[M::process] read 561734 sequences (80000009 bp)...
[M::mem_pestat] # candidate unique pairs for (FF, FR, RF, RR): (15, 244618, 1, 6)
[M::mem_pestat] analyzing insert size distribution for orientation FF...
[M::mem_pestat] (25, 50, 75) percentile: (164, 205, 370)
[M::mem_pestat] low and high boundaries for computing mean and std.dev: (1, 782)
[M::mem_pestat] mean and std.dev: (236.31, 132.44)
[M::mem_pestat] low and high boundaries for proper pairs: (1, 988)
[M::mem_pestat] analyzing insert size distribution for orientation FR...
[M::mem_pestat] (25, 50, 75) percentile: (151, 202, 269)
[M::mem_pestat] low and high boundaries for computing mean and std.dev: (1, 505)
[M::mem_pestat] mean and std.dev: (215.89, 86.43)
[M::mem_pestat] low and high boundaries for proper pairs: (1, 623)
[M::mem_pestat] skip orientation RF as there are not enough pairs
[M::mem_pestat] skip orientation RR as there are not enough pairs
[M::mem_pestat] skip orientation FF
[M::mem_process_seqs] Processed 562598 reads in 75.885 CPU sec, 9.355 real sec
[M::process] read 560062 sequences (80000129 bp)...
[M::mem_pestat] # candidate unique pairs for (FF, FR, RF, RR): (11, 244054, 1, 11)
[M::mem_pestat] analyzing insert size distribution for orientation FF...
[M::mem_pestat] (25, 50, 75) percentile: (218, 354, 1464)
[M::mem_pestat] low and high boundaries for computing mean and std.dev: (1, 3956)
[M::mem_pestat] mean and std.dev: (804.73, 850.41)
[M::mem_pestat] low and high boundaries for proper pairs: (1, 5202)
[M::mem_pestat] analyzing insert size distribution for orientation FR...
[M::mem_pestat] (25, 50, 75) percentile: (153, 204, 273)
[M::mem_pestat] low and high boundaries for computing mean and std.dev: (1, 513)
[M::mem_pestat] mean and std.dev: (218.95, 88.23)
[M::mem_pestat] low and high boundaries for proper pairs: (1, 633)
[M::mem_pestat] skip orientation RF as there are not enough pairs
[M::mem_pestat] analyzing insert size distribution for orientation RR...
[M::mem_pestat] (25, 50, 75) percentile: (145, 159, 231)
[M::mem_pestat] low and high boundaries for computing mean and std.dev: (1, 403)
[M::mem_pestat] mean and std.dev: (158.89, 35.29)
[M::mem_pestat] low and high boundaries for proper pairs: (1, 489)
[M::mem_pestat] skip orientation FF
[M::mem_pestat] skip orientation RR
[M::mem_process_seqs] Processed 561734 reads in 76.602 CPU sec, 9.409 real sec
[M::process] read 561648 sequences (80000281 bp)...
[M::mem_pestat] # candidate unique pairs for (FF, FR, RF, RR): (5, 243581, 0, 10)
[M::mem_pestat] skip orientation FF as there are not enough pairs
[M::mem_pestat] analyzing insert size distribution for orientation FR...
[M::mem_pestat] (25, 50, 75) percentile: (155, 209, 281)
[M::mem_pestat] low and high boundaries for computing mean and std.dev: (1, 533)
[M::mem_pestat] mean and std.dev: (224.25, 91.81)
[M::mem_pestat] low and high boundaries for proper pairs: (1, 659)
[M::mem_pestat] skip orientation RF as there are not enough pairs
[M::mem_pestat] analyzing insert size distribution for orientation RR...
[M::mem_pestat] (25, 50, 75) percentile: (169, 249, 321)
[M::mem_pestat] low and high boundaries for computing mean and std.dev: (1, 625)
[M::mem_pestat] mean and std.dev: (220.11, 76.81)
[M::mem_pestat] low and high boundaries for proper pairs: (1, 777)
[M::mem_pestat] skip orientation RR
[M::mem_process_seqs] Processed 560062 reads in 76.944 CPU sec, 9.566 real sec
[M::process] read 562262 sequences (80000062 bp)...
[M::mem_pestat] # candidate unique pairs for (FF, FR, RF, RR): (13, 243976, 0, 11)
[M::mem_pestat] analyzing insert size distribution for orientation FF...
[M::mem_pestat] (25, 50, 75) percentile: (137, 243, 635)
[M::mem_pestat] low and high boundaries for computing mean and std.dev: (1, 1631)
[M::mem_pestat] mean and std.dev: (378.85, 339.86)
[M::mem_pestat] low and high boundaries for proper pairs: (1, 2129)
[M::mem_pestat] analyzing insert size distribution for orientation FR...
[M::mem_pestat] (25, 50, 75) percentile: (153, 204, 273)
[M::mem_pestat] low and high boundaries for computing mean and std.dev: (1, 513)
[M::mem_pestat] mean and std.dev: (218.71, 88.21)
[M::mem_pestat] low and high boundaries for proper pairs: (1, 633)
[M::mem_pestat] skip orientation RF as there are not enough pairs
[M::mem_pestat] analyzing insert size distribution for orientation RR...
[M::mem_pestat] (25, 50, 75) percentile: (185, 209, 420)
[M::mem_pestat] low and high boundaries for computing mean and std.dev: (1, 890)
[M::mem_pestat] mean and std.dev: (273.30, 165.04)
[M::mem_pestat] low and high boundaries for proper pairs: (1, 1125)
[M::mem_pestat] skip orientation FF
[M::mem_pestat] skip orientation RR
[M::mem_process_seqs] Processed 561648 reads in 77.734 CPU sec, 9.581 real sec
[M::process] read 561428 sequences (80000286 bp)...
[M::mem_pestat] # candidate unique pairs for (FF, FR, RF, RR): (15, 244333, 1, 10)
[M::mem_pestat] analyzing insert size distribution for orientation FF...
[M::mem_pestat] (25, 50, 75) percentile: (232, 288, 321)
[M::mem_pestat] low and high boundaries for computing mean and std.dev: (54, 499)
[M::mem_pestat] mean and std.dev: (252.58, 67.13)
[M::mem_pestat] low and high boundaries for proper pairs: (1, 588)
[M::mem_pestat] analyzing insert size distribution for orientation FR...
[M::mem_pestat] (25, 50, 75) percentile: (151, 202, 269)
[M::mem_pestat] low and high boundaries for computing mean and std.dev: (1, 505)
[M::mem_pestat] mean and std.dev: (216.10, 86.28)
[M::mem_pestat] low and high boundaries for proper pairs: (1, 623)
[M::mem_pestat] skip orientation RF as there are not enough pairs
[M::mem_pestat] analyzing insert size distribution for orientation RR...
[M::mem_pestat] (25, 50, 75) percentile: (199, 284, 1472)
[M::mem_pestat] low and high boundaries for computing mean and std.dev: (1, 4018)
[M::mem_pestat] mean and std.dev: (796.70, 756.87)
[M::mem_pestat] low and high boundaries for proper pairs: (1, 5291)
[M::mem_pestat] skip orientation FF
[M::mem_pestat] skip orientation RR
[M::mem_process_seqs] Processed 562262 reads in 76.588 CPU sec, 9.434 real sec
[M::process] read 564990 sequences (80000118 bp)...
[M::mem_pestat] # candidate unique pairs for (FF, FR, RF, RR): (6, 244213, 0, 8)
[M::mem_pestat] skip orientation FF as there are not enough pairs
[M::mem_pestat] analyzing insert size distribution for orientation FR...
[M::mem_pestat] (25, 50, 75) percentile: (153, 204, 272)
[M::mem_pestat] low and high boundaries for computing mean and std.dev: (1, 510)
[M::mem_pestat] mean and std.dev: (218.09, 86.76)
[M::mem_pestat] low and high boundaries for proper pairs: (1, 629)
[M::mem_pestat] skip orientation RF as there are not enough pairs
[M::mem_pestat] skip orientation RR as there are not enough pairs
[M::mem_process_seqs] Processed 561428 reads in 77.852 CPU sec, 9.666 real sec
[M::process] read 566678 sequences (80000169 bp)...
[M::mem_pestat] # candidate unique pairs for (FF, FR, RF, RR): (15, 245493, 0, 11)
[M::mem_pestat] analyzing insert size distribution for orientation FF...
[M::mem_pestat] (25, 50, 75) percentile: (186, 386, 2152)
[M::mem_pestat] low and high boundaries for computing mean and std.dev: (1, 6084)
[M::mem_pestat] mean and std.dev: (768.36, 1012.48)
[M::mem_pestat] low and high boundaries for proper pairs: (1, 8050)
[M::mem_pestat] analyzing insert size distribution for orientation FR...
[M::mem_pestat] (25, 50, 75) percentile: (149, 198, 264)
[M::mem_pestat] low and high boundaries for computing mean and std.dev: (1, 494)
[M::mem_pestat] mean and std.dev: (212.23, 84.65)
[M::mem_pestat] low and high boundaries for proper pairs: (1, 609)
[M::mem_pestat] skip orientation RF as there are not enough pairs
[M::mem_pestat] analyzing insert size distribution for orientation RR...
[M::mem_pestat] (25, 50, 75) percentile: (198, 235, 1050)
[M::mem_pestat] low and high boundaries for computing mean and std.dev: (1, 2754)
[M::mem_pestat] mean and std.dev: (495.91, 521.58)
[M::mem_pestat] low and high boundaries for proper pairs: (1, 3606)
[M::mem_pestat] skip orientation FF
[M::mem_pestat] skip orientation RR
[M::mem_process_seqs] Processed 564990 reads in 77.682 CPU sec, 9.646 real sec
[M::process] read 565516 sequences (80000102 bp)...
[M::mem_pestat] # candidate unique pairs for (FF, FR, RF, RR): (6, 246323, 2, 8)
[M::mem_pestat] skip orientation FF as there are not enough pairs
[M::mem_pestat] analyzing insert size distribution for orientation FR...
[M::mem_pestat] (25, 50, 75) percentile: (146, 195, 260)
[M::mem_pestat] low and high boundaries for computing mean and std.dev: (1, 488)
[M::mem_pestat] mean and std.dev: (208.44, 83.86)
[M::mem_pestat] low and high boundaries for proper pairs: (1, 602)
[M::mem_pestat] skip orientation RF as there are not enough pairs
[M::mem_pestat] skip orientation RR as there are not enough pairs
[M::mem_process_seqs] Processed 566678 reads in 74.895 CPU sec, 9.310 real sec
[M::process] read 565196 sequences (80000066 bp)...
[M::mem_pestat] # candidate unique pairs for (FF, FR, RF, RR): (5, 245598, 1, 10)
[M::mem_pestat] skip orientation FF as there are not enough pairs
[M::mem_pestat] analyzing insert size distribution for orientation FR...
[M::mem_pestat] (25, 50, 75) percentile: (147, 197, 263)
[M::mem_pestat] low and high boundaries for computing mean and std.dev: (1, 495)
[M::mem_pestat] mean and std.dev: (210.86, 85.08)
[M::mem_pestat] low and high boundaries for proper pairs: (1, 611)
[M::mem_pestat] skip orientation RF as there are not enough pairs
[M::mem_pestat] analyzing insert size distribution for orientation RR...
[M::mem_pestat] (25, 50, 75) percentile: (86, 193, 785)
[M::mem_pestat] low and high boundaries for computing mean and std.dev: (1, 2183)
[M::mem_pestat] mean and std.dev: (400.90, 417.65)
[M::mem_pestat] low and high boundaries for proper pairs: (1, 2882)
[M::mem_pestat] skip orientation RR
[M::mem_process_seqs] Processed 565516 reads in 73.689 CPU sec, 9.140 real sec
[M::process] read 565482 sequences (80000004 bp)...
[M::mem_pestat] # candidate unique pairs for (FF, FR, RF, RR): (11, 245102, 0, 15)
[M::mem_pestat] analyzing insert size distribution for orientation FF...
[M::mem_pestat] (25, 50, 75) percentile: (150, 258, 280)
[M::mem_pestat] low and high boundaries for computing mean and std.dev: (1, 540)
[M::mem_pestat] mean and std.dev: (195.56, 80.38)
[M::mem_pestat] low and high boundaries for proper pairs: (1, 670)
[M::mem_pestat] analyzing insert size distribution for orientation FR...
[M::mem_pestat] (25, 50, 75) percentile: (148, 198, 266)
[M::mem_pestat] low and high boundaries for computing mean and std.dev: (1, 502)
[M::mem_pestat] mean and std.dev: (212.59, 86.84)
[M::mem_pestat] low and high boundaries for proper pairs: (1, 620)
[M::mem_pestat] skip orientation RF as there are not enough pairs
[M::mem_pestat] analyzing insert size distribution for orientation RR...
[M::mem_pestat] (25, 50, 75) percentile: (260, 288, 537)
[M::mem_pestat] low and high boundaries for computing mean and std.dev: (1, 1091)
[M::mem_pestat] mean and std.dev: (350.00, 157.88)
[M::mem_pestat] low and high boundaries for proper pairs: (1, 1368)
[M::mem_pestat] skip orientation FF
[M::mem_pestat] skip orientation RR
[M::mem_process_seqs] Processed 565196 reads in 73.629 CPU sec, 9.103 real sec
[M::process] read 564898 sequences (80000162 bp)...
[M::mem_pestat] # candidate unique pairs for (FF, FR, RF, RR): (14, 245488, 0, 13)
[M::mem_pestat] analyzing insert size distribution for orientation FF...
[M::mem_pestat] (25, 50, 75) percentile: (147, 249, 375)
[M::mem_pestat] low and high boundaries for computing mean and std.dev: (1, 831)
[M::mem_pestat] mean and std.dev: (265.92, 181.33)
[M::mem_pestat] low and high boundaries for proper pairs: (1, 1059)
[M::mem_pestat] analyzing insert size distribution for orientation FR...
[M::mem_pestat] (25, 50, 75) percentile: (147, 197, 265)
[M::mem_pestat] low and high boundaries for computing mean and std.dev: (1, 501)
[M::mem_pestat] mean and std.dev: (211.75, 86.86)
[M::mem_pestat] low and high boundaries for proper pairs: (1, 619)
[M::mem_pestat] skip orientation RF as there are not enough pairs
[M::mem_pestat] analyzing insert size distribution for orientation RR...
[M::mem_pestat] (25, 50, 75) percentile: (200, 200, 458)
[M::mem_pestat] low and high boundaries for computing mean and std.dev: (1, 974)
[M::mem_pestat] mean and std.dev: (289.54, 174.40)
[M::mem_pestat] low and high boundaries for proper pairs: (1, 1232)
[M::mem_pestat] skip orientation FF
[M::mem_pestat] skip orientation RR
[M::mem_process_seqs] Processed 565482 reads in 74.569 CPU sec, 9.209 real sec
[M::process] read 564648 sequences (80000190 bp)...
[M::mem_pestat] # candidate unique pairs for (FF, FR, RF, RR): (9, 244877, 0, 8)
[M::mem_pestat] skip orientation FF as there are not enough pairs
[M::mem_pestat] analyzing insert size distribution for orientation FR...
[M::mem_pestat] (25, 50, 75) percentile: (148, 198, 265)
[M::mem_pestat] low and high boundaries for computing mean and std.dev: (1, 499)
[M::mem_pestat] mean and std.dev: (212.22, 86.37)
[M::mem_pestat] low and high boundaries for proper pairs: (1, 616)
[M::mem_pestat] skip orientation RF as there are not enough pairs
[M::mem_pestat] skip orientation RR as there are not enough pairs
[M::mem_process_seqs] Processed 564898 reads in 74.325 CPU sec, 9.187 real sec
[M::process] read 564356 sequences (80000159 bp)...
[M::mem_pestat] # candidate unique pairs for (FF, FR, RF, RR): (19, 245090, 0, 7)
[M::mem_pestat] analyzing insert size distribution for orientation FF...
[M::mem_pestat] (25, 50, 75) percentile: (428, 895, 4654)
[M::mem_pestat] low and high boundaries for computing mean and std.dev: (1, 13106)
[M::mem_pestat] mean and std.dev: (2230.95, 2075.56)
[M::mem_pestat] low and high boundaries for proper pairs: (1, 17332)
[M::mem_pestat] analyzing insert size distribution for orientation FR...
[M::mem_pestat] (25, 50, 75) percentile: (149, 199, 267)
[M::mem_pestat] low and high boundaries for computing mean and std.dev: (1, 503)
[M::mem_pestat] mean and std.dev: (213.64, 87.38)
[M::mem_pestat] low and high boundaries for proper pairs: (1, 621)
[M::mem_pestat] skip orientation RF as there are not enough pairs
[M::mem_pestat] skip orientation RR as there are not enough pairs
[M::mem_pestat] skip orientation FF
[M::mem_process_seqs] Processed 564648 reads in 74.086 CPU sec, 9.120 real sec
[M::process] read 564038 sequences (80000188 bp)...
[M::mem_pestat] # candidate unique pairs for (FF, FR, RF, RR): (9, 244938, 0, 7)
[M::mem_pestat] skip orientation FF as there are not enough pairs
[M::mem_pestat] analyzing insert size distribution for orientation FR...
[M::mem_pestat] (25, 50, 75) percentile: (149, 199, 267)
[M::mem_pestat] low and high boundaries for computing mean and std.dev: (1, 503)
[M::mem_pestat] mean and std.dev: (214.20, 87.67)
[M::mem_pestat] low and high boundaries for proper pairs: (1, 621)
[M::mem_pestat] skip orientation RF as there are not enough pairs
[M::mem_pestat] skip orientation RR as there are not enough pairs
[M::mem_process_seqs] Processed 564356 reads in 73.977 CPU sec, 9.152 real sec
[M::process] read 563542 sequences (80000279 bp)...
[M::mem_pestat] # candidate unique pairs for (FF, FR, RF, RR): (19, 244835, 1, 11)
[M::mem_pestat] analyzing insert size distribution for orientation FF...
[M::mem_pestat] (25, 50, 75) percentile: (151, 285, 323)
[M::mem_pestat] low and high boundaries for computing mean and std.dev: (1, 667)
[M::mem_pestat] mean and std.dev: (245.53, 96.33)
[M::mem_pestat] low and high boundaries for proper pairs: (1, 839)
[M::mem_pestat] analyzing insert size distribution for orientation FR...
[M::mem_pestat] (25, 50, 75) percentile: (149, 200, 269)
[M::mem_pestat] low and high boundaries for computing mean and std.dev: (1, 509)
[M::mem_pestat] mean and std.dev: (215.28, 88.63)
[M::mem_pestat] low and high boundaries for proper pairs: (1, 629)
[M::mem_pestat] skip orientation RF as there are not enough pairs
[M::mem_pestat] analyzing insert size distribution for orientation RR...
[M::mem_pestat] (25, 50, 75) percentile: (108, 175, 230)
[M::mem_pestat] low and high boundaries for computing mean and std.dev: (1, 474)
[M::mem_pestat] mean and std.dev: (169.91, 64.55)
[M::mem_pestat] low and high boundaries for proper pairs: (1, 596)
[M::mem_pestat] skip orientation FF
[M::mem_pestat] skip orientation RR
[M::mem_process_seqs] Processed 564038 reads in 74.647 CPU sec, 9.193 real sec
[M::process] read 563756 sequences (80000066 bp)...
[M::mem_pestat] # candidate unique pairs for (FF, FR, RF, RR): (7, 244963, 0, 7)
[M::mem_pestat] skip orientation FF as there are not enough pairs
[M::mem_pestat] analyzing insert size distribution for orientation FR...
[M::mem_pestat] (25, 50, 75) percentile: (150, 201, 272)
[M::mem_pestat] low and high boundaries for computing mean and std.dev: (1, 516)
[M::mem_pestat] mean and std.dev: (217.15, 89.68)
[M::mem_pestat] low and high boundaries for proper pairs: (1, 638)
[M::mem_pestat] skip orientation RF as there are not enough pairs
[M::mem_pestat] skip orientation RR as there are not enough pairs
[M::mem_process_seqs] Processed 563542 reads in 75.011 CPU sec, 9.319 real sec
[M::process] read 563386 sequences (80000021 bp)...
[M::mem_pestat] # candidate unique pairs for (FF, FR, RF, RR): (7, 244871, 0, 8)
[M::mem_pestat] skip orientation FF as there are not enough pairs
[M::mem_pestat] analyzing insert size distribution for orientation FR...
[M::mem_pestat] (25, 50, 75) percentile: (150, 201, 271)
[M::mem_pestat] low and high boundaries for computing mean and std.dev: (1, 513)
[M::mem_pestat] mean and std.dev: (216.26, 88.98)
[M::mem_pestat] low and high boundaries for proper pairs: (1, 634)
[M::mem_pestat] skip orientation RF as there are not enough pairs
[M::mem_pestat] skip orientation RR as there are not enough pairs
[M::mem_process_seqs] Processed 563756 reads in 75.322 CPU sec, 9.283 real sec
[M::process] read 563706 sequences (80000202 bp)...
[M::mem_pestat] # candidate unique pairs for (FF, FR, RF, RR): (4, 244841, 0, 14)
[M::mem_pestat] skip orientation FF as there are not enough pairs
[M::mem_pestat] analyzing insert size distribution for orientation FR...
[M::mem_pestat] (25, 50, 75) percentile: (150, 201, 271)
[M::mem_pestat] low and high boundaries for computing mean and std.dev: (1, 513)
[M::mem_pestat] mean and std.dev: (216.49, 88.58)
[M::mem_pestat] low and high boundaries for proper pairs: (1, 634)
[M::mem_pestat] skip orientation RF as there are not enough pairs
[M::mem_pestat] analyzing insert size distribution for orientation RR...
[M::mem_pestat] (25, 50, 75) percentile: (131, 333, 453)
[M::mem_pestat] low and high boundaries for computing mean and std.dev: (1, 1097)
[M::mem_pestat] mean and std.dev: (287.14, 143.25)
[M::mem_pestat] low and high boundaries for proper pairs: (1, 1419)
[M::mem_pestat] skip orientation RR
[M::mem_process_seqs] Processed 563386 reads in 75.425 CPU sec, 9.336 real sec
[M::process] read 563084 sequences (80000229 bp)...
[M::mem_pestat] # candidate unique pairs for (FF, FR, RF, RR): (19, 244263, 2, 5)
[M::mem_pestat] analyzing insert size distribution for orientation FF...
[M::mem_pestat] (25, 50, 75) percentile: (185, 525, 1350)
[M::mem_pestat] low and high boundaries for computing mean and std.dev: (1, 3680)
[M::mem_pestat] mean and std.dev: (777.42, 799.01)
[M::mem_pestat] low and high boundaries for proper pairs: (1, 4845)
[M::mem_pestat] analyzing insert size distribution for orientation FR...
[M::mem_pestat] (25, 50, 75) percentile: (150, 201, 270)
[M::mem_pestat] low and high boundaries for computing mean and std.dev: (1, 510)
[M::mem_pestat] mean and std.dev: (215.88, 88.80)
[M::mem_pestat] low and high boundaries for proper pairs: (1, 630)
[M::mem_pestat] skip orientation RF as there are not enough pairs
[M::mem_pestat] skip orientation RR as there are not enough pairs
[M::mem_pestat] skip orientation FF
[M::mem_process_seqs] Processed 563706 reads in 74.635 CPU sec, 9.279 real sec
[M::process] read 562828 sequences (80000070 bp)...
[M::mem_pestat] # candidate unique pairs for (FF, FR, RF, RR): (7, 244244, 0, 7)
[M::mem_pestat] skip orientation FF as there are not enough pairs
[M::mem_pestat] analyzing insert size distribution for orientation FR...
[M::mem_pestat] (25, 50, 75) percentile: (151, 202, 272)
[M::mem_pestat] low and high boundaries for computing mean and std.dev: (1, 514)
[M::mem_pestat] mean and std.dev: (217.50, 89.54)
[M::mem_pestat] low and high boundaries for proper pairs: (1, 635)
[M::mem_pestat] skip orientation RF as there are not enough pairs
[M::mem_pestat] skip orientation RR as there are not enough pairs
[M::mem_process_seqs] Processed 563084 reads in 74.989 CPU sec, 9.228 real sec
[M::process] read 563432 sequences (80000135 bp)...
[M::mem_pestat] # candidate unique pairs for (FF, FR, RF, RR): (5, 244547, 1, 9)
[M::mem_pestat] skip orientation FF as there are not enough pairs
[M::mem_pestat] analyzing insert size distribution for orientation FR...
[M::mem_pestat] (25, 50, 75) percentile: (151, 203, 274)
[M::mem_pestat] low and high boundaries for computing mean and std.dev: (1, 520)
[M::mem_pestat] mean and std.dev: (218.69, 90.33)
[M::mem_pestat] low and high boundaries for proper pairs: (1, 643)
[M::mem_pestat] skip orientation RF as there are not enough pairs
[M::mem_pestat] skip orientation RR as there are not enough pairs
[M::mem_process_seqs] Processed 562828 reads in 73.810 CPU sec, 9.126 real sec
[M::process] read 563920 sequences (80000003 bp)...
[M::mem_pestat] # candidate unique pairs for (FF, FR, RF, RR): (13, 244518, 0, 7)
[M::mem_pestat] analyzing insert size distribution for orientation FF...
[M::mem_pestat] (25, 50, 75) percentile: (232, 297, 2158)
[M::mem_pestat] low and high boundaries for computing mean and std.dev: (1, 6010)
[M::mem_pestat] mean and std.dev: (550.36, 611.35)
[M::mem_pestat] low and high boundaries for proper pairs: (1, 7936)
[M::mem_pestat] analyzing insert size distribution for orientation FR...
[M::mem_pestat] (25, 50, 75) percentile: (150, 202, 272)
[M::mem_pestat] low and high boundaries for computing mean and std.dev: (1, 516)
[M::mem_pestat] mean and std.dev: (217.22, 89.41)
[M::mem_pestat] low and high boundaries for proper pairs: (1, 638)
[M::mem_pestat] skip orientation RF as there are not enough pairs
[M::mem_pestat] skip orientation RR as there are not enough pairs
[M::mem_pestat] skip orientation FF
[M::mem_process_seqs] Processed 563432 reads in 74.683 CPU sec, 9.186 real sec
[M::process] read 564036 sequences (80000065 bp)...
[M::mem_pestat] # candidate unique pairs for (FF, FR, RF, RR): (12, 244831, 0, 2)
[M::mem_pestat] analyzing insert size distribution for orientation FF...
[M::mem_pestat] (25, 50, 75) percentile: (216, 231, 361)
[M::mem_pestat] low and high boundaries for computing mean and std.dev: (1, 651)
[M::mem_pestat] mean and std.dev: (253.42, 103.36)
[M::mem_pestat] low and high boundaries for proper pairs: (1, 796)
[M::mem_pestat] analyzing insert size distribution for orientation FR...
[M::mem_pestat] (25, 50, 75) percentile: (149, 200, 267)
[M::mem_pestat] low and high boundaries for computing mean and std.dev: (1, 503)
[M::mem_pestat] mean and std.dev: (214.35, 86.82)
[M::mem_pestat] low and high boundaries for proper pairs: (1, 621)
[M::mem_pestat] skip orientation RF as there are not enough pairs
[M::mem_pestat] skip orientation RR as there are not enough pairs
[M::mem_pestat] skip orientation FF
[M::mem_process_seqs] Processed 563920 reads in 75.284 CPU sec, 9.386 real sec
[M::process] read 563686 sequences (80000137 bp)...
[M::mem_pestat] # candidate unique pairs for (FF, FR, RF, RR): (10, 244965, 0, 8)
[M::mem_pestat] analyzing insert size distribution for orientation FF...
[M::mem_pestat] (25, 50, 75) percentile: (336, 3024, 3024)
[M::mem_pestat] low and high boundaries for computing mean and std.dev: (1, 8400)
[M::mem_pestat] mean and std.dev: (1764.80, 1287.59)
[M::mem_pestat] low and high boundaries for proper pairs: (1, 11088)
[M::mem_pestat] analyzing insert size distribution for orientation FR...
[M::mem_pestat] (25, 50, 75) percentile: (149, 200, 267)
[M::mem_pestat] low and high boundaries for computing mean and std.dev: (1, 503)
[M::mem_pestat] mean and std.dev: (213.99, 86.39)
[M::mem_pestat] low and high boundaries for proper pairs: (1, 621)
[M::mem_pestat] skip orientation RF as there are not enough pairs
[M::mem_pestat] skip orientation RR as there are not enough pairs
[M::mem_pestat] skip orientation FF
[M::mem_process_seqs] Processed 564036 reads in 73.912 CPU sec, 9.177 real sec
[M::process] read 563302 sequences (80000198 bp)...
[M::mem_pestat] # candidate unique pairs for (FF, FR, RF, RR): (6, 244869, 1, 15)
[M::mem_pestat] skip orientation FF as there are not enough pairs
[M::mem_pestat] analyzing insert size distribution for orientation FR...
[M::mem_pestat] (25, 50, 75) percentile: (150, 201, 268)
[M::mem_pestat] low and high boundaries for computing mean and std.dev: (1, 504)
[M::mem_pestat] mean and std.dev: (215.16, 87.04)
[M::mem_pestat] low and high boundaries for proper pairs: (1, 622)
[M::mem_pestat] skip orientation RF as there are not enough pairs
[M::mem_pestat] analyzing insert size distribution for orientation RR...
[M::mem_pestat] (25, 50, 75) percentile: (170, 197, 381)
[M::mem_pestat] low and high boundaries for computing mean and std.dev: (1, 803)
[M::mem_pestat] mean and std.dev: (236.00, 127.91)
[M::mem_pestat] low and high boundaries for proper pairs: (1, 1014)
[M::mem_pestat] skip orientation RR
[M::mem_process_seqs] Processed 563686 reads in 75.491 CPU sec, 9.353 real sec
[M::process] read 563494 sequences (80000223 bp)...
[M::mem_pestat] # candidate unique pairs for (FF, FR, RF, RR): (12, 244763, 0, 5)
[M::mem_pestat] analyzing insert size distribution for orientation FF...
[M::mem_pestat] (25, 50, 75) percentile: (286, 1371, 2407)
[M::mem_pestat] low and high boundaries for computing mean and std.dev: (1, 6649)
[M::mem_pestat] mean and std.dev: (1393.67, 1205.51)
[M::mem_pestat] low and high boundaries for proper pairs: (1, 8770)
[M::mem_pestat] analyzing insert size distribution for orientation FR...
[M::mem_pestat] (25, 50, 75) percentile: (151, 201, 269)
[M::mem_pestat] low and high boundaries for computing mean and std.dev: (1, 505)
[M::mem_pestat] mean and std.dev: (215.73, 86.88)
[M::mem_pestat] low and high boundaries for proper pairs: (1, 623)
[M::mem_pestat] skip orientation RF as there are not enough pairs
[M::mem_pestat] skip orientation RR as there are not enough pairs
[M::mem_pestat] skip orientation FF
[M::mem_process_seqs] Processed 563302 reads in 76.017 CPU sec, 9.364 real sec
[M::process] read 563164 sequences (80000220 bp)...
[M::mem_pestat] # candidate unique pairs for (FF, FR, RF, RR): (7, 244950, 0, 11)
[M::mem_pestat] skip orientation FF as there are not enough pairs
[M::mem_pestat] analyzing insert size distribution for orientation FR...
[M::mem_pestat] (25, 50, 75) percentile: (150, 200, 268)
[M::mem_pestat] low and high boundaries for computing mean and std.dev: (1, 504)
[M::mem_pestat] mean and std.dev: (214.49, 86.07)
[M::mem_pestat] low and high boundaries for proper pairs: (1, 622)
[M::mem_pestat] skip orientation RF as there are not enough pairs
[M::mem_pestat] analyzing insert size distribution for orientation RR...
[M::mem_pestat] (25, 50, 75) percentile: (174, 248, 1928)
[M::mem_pestat] low and high boundaries for computing mean and std.dev: (1, 5436)
[M::mem_pestat] mean and std.dev: (928.09, 1219.96)
[M::mem_pestat] low and high boundaries for proper pairs: (1, 7190)
[M::mem_pestat] skip orientation RR
[M::mem_process_seqs] Processed 563494 reads in 76.125 CPU sec, 9.453 real sec
[M::process] read 562856 sequences (80000129 bp)...
[M::mem_pestat] # candidate unique pairs for (FF, FR, RF, RR): (12, 245539, 0, 5)
[M::mem_pestat] analyzing insert size distribution for orientation FF...
[M::mem_pestat] (25, 50, 75) percentile: (174, 233, 279)
[M::mem_pestat] low and high boundaries for computing mean and std.dev: (1, 489)
[M::mem_pestat] mean and std.dev: (209.00, 69.90)
[M::mem_pestat] low and high boundaries for proper pairs: (1, 594)
[M::mem_pestat] analyzing insert size distribution for orientation FR...
[M::mem_pestat] (25, 50, 75) percentile: (151, 201, 268)
[M::mem_pestat] low and high boundaries for computing mean and std.dev: (1, 502)
[M::mem_pestat] mean and std.dev: (214.89, 85.78)
[M::mem_pestat] low and high boundaries for proper pairs: (1, 619)
[M::mem_pestat] skip orientation RF as there are not enough pairs
[M::mem_pestat] skip orientation RR as there are not enough pairs
[M::mem_pestat] skip orientation FF
[M::mem_process_seqs] Processed 563164 reads in 75.000 CPU sec, 9.321 real sec
[M::process] read 563598 sequences (80000158 bp)...
[M::mem_pestat] # candidate unique pairs for (FF, FR, RF, RR): (4, 244792, 0, 6)
[M::mem_pestat] skip orientation FF as there are not enough pairs
[M::mem_pestat] analyzing insert size distribution for orientation FR...
[M::mem_pestat] (25, 50, 75) percentile: (151, 201, 268)
[M::mem_pestat] low and high boundaries for computing mean and std.dev: (1, 502)
[M::mem_pestat] mean and std.dev: (214.86, 85.61)
[M::mem_pestat] low and high boundaries for proper pairs: (1, 619)
[M::mem_pestat] skip orientation RF as there are not enough pairs
[M::mem_pestat] skip orientation RR as there are not enough pairs
[M::mem_process_seqs] Processed 562856 reads in 74.881 CPU sec, 9.226 real sec
[M::process] read 562714 sequences (80000209 bp)...
[M::mem_pestat] # candidate unique pairs for (FF, FR, RF, RR): (8, 245185, 1, 4)
[M::mem_pestat] skip orientation FF as there are not enough pairs
[M::mem_pestat] analyzing insert size distribution for orientation FR...
[M::mem_pestat] (25, 50, 75) percentile: (150, 199, 265)
[M::mem_pestat] low and high boundaries for computing mean and std.dev: (1, 495)
[M::mem_pestat] mean and std.dev: (212.97, 84.54)
[M::mem_pestat] low and high boundaries for proper pairs: (1, 610)
[M::mem_pestat] skip orientation RF as there are not enough pairs
[M::mem_pestat] skip orientation RR as there are not enough pairs
[M::mem_process_seqs] Processed 563598 reads in 75.299 CPU sec, 9.386 real sec
[M::process] read 564280 sequences (80000280 bp)...
[M::mem_pestat] # candidate unique pairs for (FF, FR, RF, RR): (3, 244671, 2, 7)
[M::mem_pestat] skip orientation FF as there are not enough pairs
[M::mem_pestat] analyzing insert size distribution for orientation FR...
[M::mem_pestat] (25, 50, 75) percentile: (151, 200, 266)
[M::mem_pestat] low and high boundaries for computing mean and std.dev: (1, 496)
[M::mem_pestat] mean and std.dev: (214.12, 84.63)
[M::mem_pestat] low and high boundaries for proper pairs: (1, 611)
[M::mem_pestat] skip orientation RF as there are not enough pairs
[M::mem_pestat] skip orientation RR as there are not enough pairs
[M::mem_process_seqs] Processed 562714 reads in 77.302 CPU sec, 9.478 real sec
[M::process] read 567440 sequences (80000297 bp)...
[M::mem_pestat] # candidate unique pairs for (FF, FR, RF, RR): (5, 245369, 0, 9)
[M::mem_pestat] skip orientation FF as there are not enough pairs
[M::mem_pestat] analyzing insert size distribution for orientation FR...
[M::mem_pestat] (25, 50, 75) percentile: (148, 197, 262)
[M::mem_pestat] low and high boundaries for computing mean and std.dev: (1, 490)
[M::mem_pestat] mean and std.dev: (210.70, 83.32)
[M::mem_pestat] low and high boundaries for proper pairs: (1, 604)
[M::mem_pestat] skip orientation RF as there are not enough pairs
[M::mem_pestat] skip orientation RR as there are not enough pairs
[M::mem_process_seqs] Processed 564280 reads in 76.262 CPU sec, 9.409 real sec
[M::process] read 566256 sequences (80000144 bp)...
[M::mem_pestat] # candidate unique pairs for (FF, FR, RF, RR): (13, 246830, 0, 9)
[M::mem_pestat] analyzing insert size distribution for orientation FF...
[M::mem_pestat] (25, 50, 75) percentile: (142, 231, 275)
[M::mem_pestat] low and high boundaries for computing mean and std.dev: (1, 541)
[M::mem_pestat] mean and std.dev: (214.25, 91.97)
[M::mem_pestat] low and high boundaries for proper pairs: (1, 674)
[M::mem_pestat] analyzing insert size distribution for orientation FR...
[M::mem_pestat] (25, 50, 75) percentile: (145, 193, 258)
[M::mem_pestat] low and high boundaries for computing mean and std.dev: (1, 484)
[M::mem_pestat] mean and std.dev: (207.09, 82.94)
[M::mem_pestat] low and high boundaries for proper pairs: (1, 597)
[M::mem_pestat] skip orientation RF as there are not enough pairs
[M::mem_pestat] skip orientation RR as there are not enough pairs
[M::mem_pestat] skip orientation FF
[M::mem_process_seqs] Processed 567440 reads in 74.209 CPU sec, 9.084 real sec
[M::process] read 565910 sequences (80000050 bp)...
[M::mem_pestat] # candidate unique pairs for (FF, FR, RF, RR): (8, 246029, 0, 9)
[M::mem_pestat] skip orientation FF as there are not enough pairs
[M::mem_pestat] analyzing insert size distribution for orientation FR...
[M::mem_pestat] (25, 50, 75) percentile: (147, 196, 262)
[M::mem_pestat] low and high boundaries for computing mean and std.dev: (1, 492)
[M::mem_pestat] mean and std.dev: (209.91, 84.52)
[M::mem_pestat] low and high boundaries for proper pairs: (1, 607)
[M::mem_pestat] skip orientation RF as there are not enough pairs
[M::mem_pestat] skip orientation RR as there are not enough pairs
[M::mem_process_seqs] Processed 566256 reads in 75.194 CPU sec, 9.330 real sec
[M::process] read 565882 sequences (80000100 bp)...
[M::mem_pestat] # candidate unique pairs for (FF, FR, RF, RR): (10, 245735, 0, 9)
[M::mem_pestat] analyzing insert size distribution for orientation FF...
[M::mem_pestat] (25, 50, 75) percentile: (96, 203, 203)
[M::mem_pestat] low and high boundaries for computing mean and std.dev: (1, 417)
[M::mem_pestat] mean and std.dev: (158.30, 59.59)
[M::mem_pestat] low and high boundaries for proper pairs: (1, 524)
[M::mem_pestat] analyzing insert size distribution for orientation FR...
[M::mem_pestat] (25, 50, 75) percentile: (147, 197, 265)
[M::mem_pestat] low and high boundaries for computing mean and std.dev: (1, 501)
[M::mem_pestat] mean and std.dev: (212.03, 86.41)
[M::mem_pestat] low and high boundaries for proper pairs: (1, 619)
[M::mem_pestat] skip orientation RF as there are not enough pairs
[M::mem_pestat] skip orientation RR as there are not enough pairs
[M::mem_pestat] skip orientation FF
[M::mem_process_seqs] Processed 565910 reads in 75.416 CPU sec, 9.310 real sec
[M::process] read 565258 sequences (80000223 bp)...
[M::mem_pestat] # candidate unique pairs for (FF, FR, RF, RR): (6, 245514, 0, 11)
[M::mem_pestat] skip orientation FF as there are not enough pairs
[M::mem_pestat] analyzing insert size distribution for orientation FR...
[M::mem_pestat] (25, 50, 75) percentile: (147, 196, 264)
[M::mem_pestat] low and high boundaries for computing mean and std.dev: (1, 498)
[M::mem_pestat] mean and std.dev: (211.11, 85.93)
[M::mem_pestat] low and high boundaries for proper pairs: (1, 615)
[M::mem_pestat] skip orientation RF as there are not enough pairs
[M::mem_pestat] analyzing insert size distribution for orientation RR...
[M::mem_pestat] (25, 50, 75) percentile: (171, 282, 516)
[M::mem_pestat] low and high boundaries for computing mean and std.dev: (1, 1206)
[M::mem_pestat] mean and std.dev: (255.33, 116.04)
[M::mem_pestat] low and high boundaries for proper pairs: (1, 1551)
[M::mem_pestat] skip orientation RR
[M::mem_process_seqs] Processed 565882 reads in 73.961 CPU sec, 9.171 real sec
[M::process] read 565326 sequences (80000198 bp)...
[M::mem_pestat] # candidate unique pairs for (FF, FR, RF, RR): (9, 245426, 2, 14)
[M::mem_pestat] skip orientation FF as there are not enough pairs
[M::mem_pestat] analyzing insert size distribution for orientation FR...
[M::mem_pestat] (25, 50, 75) percentile: (148, 198, 266)
[M::mem_pestat] low and high boundaries for computing mean and std.dev: (1, 502)
[M::mem_pestat] mean and std.dev: (212.49, 86.57)
[M::mem_pestat] low and high boundaries for proper pairs: (1, 620)
[M::mem_pestat] skip orientation RF as there are not enough pairs
[M::mem_pestat] analyzing insert size distribution for orientation RR...
[M::mem_pestat] (25, 50, 75) percentile: (236, 326, 327)
[M::mem_pestat] low and high boundaries for computing mean and std.dev: (54, 509)
[M::mem_pestat] mean and std.dev: (277.31, 84.05)
[M::mem_pestat] low and high boundaries for proper pairs: (1, 613)
[M::mem_pestat] skip orientation RR
[M::mem_process_seqs] Processed 565258 reads in 73.941 CPU sec, 9.153 real sec
[M::process] read 564970 sequences (80000092 bp)...
[M::mem_pestat] # candidate unique pairs for (FF, FR, RF, RR): (13, 245693, 1, 8)
[M::mem_pestat] analyzing insert size distribution for orientation FF...
[M::mem_pestat] (25, 50, 75) percentile: (272, 368, 425)
[M::mem_pestat] low and high boundaries for computing mean and std.dev: (1, 731)
[M::mem_pestat] mean and std.dev: (318.33, 116.96)
[M::mem_pestat] low and high boundaries for proper pairs: (1, 884)
[M::mem_pestat] analyzing insert size distribution for orientation FR...
[M::mem_pestat] (25, 50, 75) percentile: (148, 197, 264)
[M::mem_pestat] low and high boundaries for computing mean and std.dev: (1, 496)
[M::mem_pestat] mean and std.dev: (211.84, 86.28)
[M::mem_pestat] low and high boundaries for proper pairs: (1, 612)
[M::mem_pestat] skip orientation RF as there are not enough pairs
[M::mem_pestat] skip orientation RR as there are not enough pairs
[M::mem_pestat] skip orientation FF
[M::mem_process_seqs] Processed 565326 reads in 74.249 CPU sec, 9.221 real sec
[M::process] read 564896 sequences (80000299 bp)...
[M::mem_pestat] # candidate unique pairs for (FF, FR, RF, RR): (3, 245259, 0, 10)
[M::mem_pestat] skip orientation FF as there are not enough pairs
[M::mem_pestat] analyzing insert size distribution for orientation FR...
[M::mem_pestat] (25, 50, 75) percentile: (148, 198, 266)
[M::mem_pestat] low and high boundaries for computing mean and std.dev: (1, 502)
[M::mem_pestat] mean and std.dev: (212.98, 86.91)
[M::mem_pestat] low and high boundaries for proper pairs: (1, 620)
[M::mem_pestat] skip orientation RF as there are not enough pairs
[M::mem_pestat] analyzing insert size distribution for orientation RR...
[M::mem_pestat] (25, 50, 75) percentile: (284, 375, 375)
[M::mem_pestat] low and high boundaries for computing mean and std.dev: (102, 557)
[M::mem_pestat] mean and std.dev: (344.50, 70.13)
[M::mem_pestat] low and high boundaries for proper pairs: (11, 648)
[M::mem_pestat] skip orientation RR
[M::mem_process_seqs] Processed 564970 reads in 74.234 CPU sec, 9.277 real sec
[M::process] read 564610 sequences (80000189 bp)...
[M::mem_pestat] # candidate unique pairs for (FF, FR, RF, RR): (13, 245003, 0, 6)
[M::mem_pestat] analyzing insert size distribution for orientation FF...
[M::mem_pestat] (25, 50, 75) percentile: (317, 1508, 3573)
[M::mem_pestat] low and high boundaries for computing mean and std.dev: (1, 10085)
[M::mem_pestat] mean and std.dev: (1747.31, 1418.77)
[M::mem_pestat] low and high boundaries for proper pairs: (1, 13341)
[M::mem_pestat] analyzing insert size distribution for orientation FR...
[M::mem_pestat] (25, 50, 75) percentile: (148, 198, 267)
[M::mem_pestat] low and high boundaries for computing mean and std.dev: (1, 505)
[M::mem_pestat] mean and std.dev: (213.63, 87.84)
[M::mem_pestat] low and high boundaries for proper pairs: (1, 624)
[M::mem_pestat] skip orientation RF as there are not enough pairs
[M::mem_pestat] skip orientation RR as there are not enough pairs
[M::mem_pestat] skip orientation FF
[M::mem_process_seqs] Processed 564896 reads in 79.919 CPU sec, 9.845 real sec
[M::process] read 564298 sequences (80000057 bp)...
[M::mem_pestat] # candidate unique pairs for (FF, FR, RF, RR): (9, 245265, 0, 7)
[M::mem_pestat] skip orientation FF as there are not enough pairs
[M::mem_pestat] analyzing insert size distribution for orientation FR...
[M::mem_pestat] (25, 50, 75) percentile: (149, 199, 268)
[M::mem_pestat] low and high boundaries for computing mean and std.dev: (1, 506)
[M::mem_pestat] mean and std.dev: (214.30, 87.87)
[M::mem_pestat] low and high boundaries for proper pairs: (1, 625)
[M::mem_pestat] skip orientation RF as there are not enough pairs
[M::mem_pestat] skip orientation RR as there are not enough pairs
[M::mem_process_seqs] Processed 564610 reads in 76.040 CPU sec, 9.437 real sec
[M::process] read 564408 sequences (80000094 bp)...
[M::mem_pestat] # candidate unique pairs for (FF, FR, RF, RR): (19, 244998, 0, 11)
[M::mem_pestat] analyzing insert size distribution for orientation FF...
[M::mem_pestat] (25, 50, 75) percentile: (169, 227, 361)
[M::mem_pestat] low and high boundaries for computing mean and std.dev: (1, 745)
[M::mem_pestat] mean and std.dev: (252.83, 104.24)
[M::mem_pestat] low and high boundaries for proper pairs: (1, 937)
[M::mem_pestat] analyzing insert size distribution for orientation FR...
[M::mem_pestat] (25, 50, 75) percentile: (149, 199, 268)
[M::mem_pestat] low and high boundaries for computing mean and std.dev: (1, 506)
[M::mem_pestat] mean and std.dev: (214.29, 87.95)
[M::mem_pestat] low and high boundaries for proper pairs: (1, 625)
[M::mem_pestat] skip orientation RF as there are not enough pairs
[M::mem_pestat] analyzing insert size distribution for orientation RR...
[M::mem_pestat] (25, 50, 75) percentile: (124, 202, 203)
[M::mem_pestat] low and high boundaries for computing mean and std.dev: (1, 361)
[M::mem_pestat] mean and std.dev: (164.20, 46.16)
[M::mem_pestat] low and high boundaries for proper pairs: (1, 440)
[M::mem_pestat] skip orientation FF
[M::mem_pestat] skip orientation RR
[M::mem_process_seqs] Processed 564298 reads in 74.568 CPU sec, 9.112 real sec
[M::process] read 564012 sequences (80000010 bp)...
[M::mem_pestat] # candidate unique pairs for (FF, FR, RF, RR): (5, 245143, 0, 11)
[M::mem_pestat] skip orientation FF as there are not enough pairs
[M::mem_pestat] analyzing insert size distribution for orientation FR...
[M::mem_pestat] (25, 50, 75) percentile: (149, 199, 267)
[M::mem_pestat] low and high boundaries for computing mean and std.dev: (1, 503)
[M::mem_pestat] mean and std.dev: (213.72, 87.11)
[M::mem_pestat] low and high boundaries for proper pairs: (1, 621)
[M::mem_pestat] skip orientation RF as there are not enough pairs
[M::mem_pestat] analyzing insert size distribution for orientation RR...
[M::mem_pestat] (25, 50, 75) percentile: (150, 239, 309)
[M::mem_pestat] low and high boundaries for computing mean and std.dev: (1, 627)
[M::mem_pestat] mean and std.dev: (199.78, 69.78)
[M::mem_pestat] low and high boundaries for proper pairs: (1, 786)
[M::mem_pestat] skip orientation RR
[M::mem_process_seqs] Processed 564408 reads in 74.910 CPU sec, 9.289 real sec
[M::process] read 563960 sequences (80000196 bp)...
[M::mem_pestat] # candidate unique pairs for (FF, FR, RF, RR): (3, 244834, 2, 13)
[M::mem_pestat] skip orientation FF as there are not enough pairs
[M::mem_pestat] analyzing insert size distribution for orientation FR...
[M::mem_pestat] (25, 50, 75) percentile: (149, 199, 267)
[M::mem_pestat] low and high boundaries for computing mean and std.dev: (1, 503)
[M::mem_pestat] mean and std.dev: (213.98, 87.10)
[M::mem_pestat] low and high boundaries for proper pairs: (1, 621)
[M::mem_pestat] skip orientation RF as there are not enough pairs
[M::mem_pestat] analyzing insert size distribution for orientation RR...
[M::mem_pestat] (25, 50, 75) percentile: (251, 408, 2669)
[M::mem_pestat] low and high boundaries for computing mean and std.dev: (1, 7505)
[M::mem_pestat] mean and std.dev: (691.50, 890.31)
[M::mem_pestat] low and high boundaries for proper pairs: (1, 9923)
[M::mem_pestat] skip orientation RR
[M::mem_process_seqs] Processed 564012 reads in 73.954 CPU sec, 9.155 real sec
[M::process] read 563776 sequences (80000135 bp)...
[M::mem_pestat] # candidate unique pairs for (FF, FR, RF, RR): (7, 244862, 1, 14)
[M::mem_pestat] skip orientation FF as there are not enough pairs
[M::mem_pestat] analyzing insert size distribution for orientation FR...
[M::mem_pestat] (25, 50, 75) percentile: (149, 200, 268)
[M::mem_pestat] low and high boundaries for computing mean and std.dev: (1, 506)
[M::mem_pestat] mean and std.dev: (214.46, 87.38)
[M::mem_pestat] low and high boundaries for proper pairs: (1, 625)
[M::mem_pestat] skip orientation RF as there are not enough pairs
[M::mem_pestat] analyzing insert size distribution for orientation RR...
[M::mem_pestat] (25, 50, 75) percentile: (180, 307, 916)
[M::mem_pestat] low and high boundaries for computing mean and std.dev: (1, 2388)
[M::mem_pestat] mean and std.dev: (527.29, 515.43)
[M::mem_pestat] low and high boundaries for proper pairs: (1, 3124)
[M::mem_pestat] skip orientation RR
[M::mem_process_seqs] Processed 563960 reads in 74.962 CPU sec, 9.195 real sec
[M::process] read 563958 sequences (80000008 bp)...
[M::mem_pestat] # candidate unique pairs for (FF, FR, RF, RR): (12, 244611, 1, 13)
[M::mem_pestat] analyzing insert size distribution for orientation FF...
[M::mem_pestat] (25, 50, 75) percentile: (146, 330, 1396)
[M::mem_pestat] low and high boundaries for computing mean and std.dev: (1, 3896)
[M::mem_pestat] mean and std.dev: (702.42, 778.92)
[M::mem_pestat] low and high boundaries for proper pairs: (1, 5146)
[M::mem_pestat] analyzing insert size distribution for orientation FR...
[M::mem_pestat] (25, 50, 75) percentile: (150, 201, 270)
[M::mem_pestat] low and high boundaries for computing mean and std.dev: (1, 510)
[M::mem_pestat] mean and std.dev: (215.73, 88.14)
[M::mem_pestat] low and high boundaries for proper pairs: (1, 630)
[M::mem_pestat] skip orientation RF as there are not enough pairs
[M::mem_pestat] analyzing insert size distribution for orientation RR...
[M::mem_pestat] (25, 50, 75) percentile: (159, 260, 541)
[M::mem_pestat] low and high boundaries for computing mean and std.dev: (1, 1305)
[M::mem_pestat] mean and std.dev: (323.75, 299.11)
[M::mem_pestat] low and high boundaries for proper pairs: (1, 1687)
[M::mem_pestat] skip orientation FF
[M::mem_pestat] skip orientation RR
[M::mem_process_seqs] Processed 563776 reads in 75.044 CPU sec, 9.305 real sec
[M::process] read 564714 sequences (80000022 bp)...
[M::mem_pestat] # candidate unique pairs for (FF, FR, RF, RR): (16, 244856, 2, 6)
[M::mem_pestat] analyzing insert size distribution for orientation FF...
[M::mem_pestat] (25, 50, 75) percentile: (239, 601, 2821)
[M::mem_pestat] low and high boundaries for computing mean and std.dev: (1, 7985)
[M::mem_pestat] mean and std.dev: (1199.81, 1170.82)
[M::mem_pestat] low and high boundaries for proper pairs: (1, 10567)
[M::mem_pestat] analyzing insert size distribution for orientation FR...
[M::mem_pestat] (25, 50, 75) percentile: (149, 199, 267)
[M::mem_pestat] low and high boundaries for computing mean and std.dev: (1, 503)
[M::mem_pestat] mean and std.dev: (214.04, 87.00)
[M::mem_pestat] low and high boundaries for proper pairs: (1, 621)
[M::mem_pestat] skip orientation RF as there are not enough pairs
[M::mem_pestat] skip orientation RR as there are not enough pairs
[M::mem_pestat] skip orientation FF
[M::mem_process_seqs] Processed 563958 reads in 74.213 CPU sec, 9.284 real sec
[M::process] read 564898 sequences (80000054 bp)...
[M::mem_pestat] # candidate unique pairs for (FF, FR, RF, RR): (10, 244792, 1, 6)
[M::mem_pestat] analyzing insert size distribution for orientation FF...
[M::mem_pestat] (25, 50, 75) percentile: (191, 341, 601)
[M::mem_pestat] low and high boundaries for computing mean and std.dev: (1, 1421)
[M::mem_pestat] mean and std.dev: (309.11, 175.52)
[M::mem_pestat] low and high boundaries for proper pairs: (1, 1831)
[M::mem_pestat] analyzing insert size distribution for orientation FR...
[M::mem_pestat] (25, 50, 75) percentile: (148, 198, 264)
[M::mem_pestat] low and high boundaries for computing mean and std.dev: (1, 496)
[M::mem_pestat] mean and std.dev: (211.67, 85.09)
[M::mem_pestat] low and high boundaries for proper pairs: (1, 612)
[M::mem_pestat] skip orientation RF as there are not enough pairs
[M::mem_pestat] skip orientation RR as there are not enough pairs
[M::mem_pestat] skip orientation FF
[M::mem_process_seqs] Processed 564714 reads in 74.876 CPU sec, 9.243 real sec
[M::process] read 564660 sequences (80000069 bp)...
[M::mem_pestat] # candidate unique pairs for (FF, FR, RF, RR): (11, 245486, 0, 7)
[M::mem_pestat] analyzing insert size distribution for orientation FF...
[M::mem_pestat] (25, 50, 75) percentile: (162, 322, 1434)
[M::mem_pestat] low and high boundaries for computing mean and std.dev: (1, 3978)
[M::mem_pestat] mean and std.dev: (690.00, 749.83)
[M::mem_pestat] low and high boundaries for proper pairs: (1, 5250)
[M::mem_pestat] analyzing insert size distribution for orientation FR...
[M::mem_pestat] (25, 50, 75) percentile: (148, 197, 263)
[M::mem_pestat] low and high boundaries for computing mean and std.dev: (1, 493)
[M::mem_pestat] mean and std.dev: (211.14, 84.59)
[M::mem_pestat] low and high boundaries for proper pairs: (1, 608)
[M::mem_pestat] skip orientation RF as there are not enough pairs
[M::mem_pestat] skip orientation RR as there are not enough pairs
[M::mem_pestat] skip orientation FF
[M::mem_process_seqs] Processed 564898 reads in 74.578 CPU sec, 9.232 real sec
[M::process] read 564432 sequences (80000042 bp)...
[M::mem_pestat] # candidate unique pairs for (FF, FR, RF, RR): (6, 245135, 1, 13)
[M::mem_pestat] skip orientation FF as there are not enough pairs
[M::mem_pestat] analyzing insert size distribution for orientation FR...
[M::mem_pestat] (25, 50, 75) percentile: (149, 198, 265)
[M::mem_pestat] low and high boundaries for computing mean and std.dev: (1, 497)
[M::mem_pestat] mean and std.dev: (212.25, 85.49)
[M::mem_pestat] low and high boundaries for proper pairs: (1, 613)
[M::mem_pestat] skip orientation RF as there are not enough pairs
[M::mem_pestat] analyzing insert size distribution for orientation RR...
[M::mem_pestat] (25, 50, 75) percentile: (240, 245, 4737)
[M::mem_pestat] low and high boundaries for computing mean and std.dev: (1, 13731)
[M::mem_pestat] mean and std.dev: (1692.85, 2022.04)
[M::mem_pestat] low and high boundaries for proper pairs: (1, 18228)
[M::mem_pestat] skip orientation RR
[M::mem_process_seqs] Processed 564660 reads in 75.419 CPU sec, 9.300 real sec
[M::process] read 563080 sequences (80000019 bp)...
[M::mem_pestat] # candidate unique pairs for (FF, FR, RF, RR): (8, 245395, 0, 9)
[M::mem_pestat] skip orientation FF as there are not enough pairs
[M::mem_pestat] analyzing insert size distribution for orientation FR...
[M::mem_pestat] (25, 50, 75) percentile: (149, 199, 265)
[M::mem_pestat] low and high boundaries for computing mean and std.dev: (1, 497)
[M::mem_pestat] mean and std.dev: (212.71, 85.32)
[M::mem_pestat] low and high boundaries for proper pairs: (1, 613)
[M::mem_pestat] skip orientation RF as there are not enough pairs
[M::mem_pestat] skip orientation RR as there are not enough pairs
[M::mem_process_seqs] Processed 564432 reads in 75.518 CPU sec, 9.369 real sec
[M::process] read 563582 sequences (80000257 bp)...
[M::mem_pestat] # candidate unique pairs for (FF, FR, RF, RR): (14, 244884, 0, 8)
[M::mem_pestat] analyzing insert size distribution for orientation FF...
[M::mem_pestat] (25, 50, 75) percentile: (171, 678, 709)
[M::mem_pestat] low and high boundaries for computing mean and std.dev: (1, 1785)
[M::mem_pestat] mean and std.dev: (453.92, 393.96)
[M::mem_pestat] low and high boundaries for proper pairs: (1, 2323)
[M::mem_pestat] analyzing insert size distribution for orientation FR...
[M::mem_pestat] (25, 50, 75) percentile: (151, 201, 269)
[M::mem_pestat] low and high boundaries for computing mean and std.dev: (1, 505)
[M::mem_pestat] mean and std.dev: (215.70, 87.21)
[M::mem_pestat] low and high boundaries for proper pairs: (1, 623)
[M::mem_pestat] skip orientation RF as there are not enough pairs
[M::mem_pestat] skip orientation RR as there are not enough pairs
[M::mem_pestat] skip orientation FF
[M::mem_process_seqs] Processed 563080 reads in 75.721 CPU sec, 9.292 real sec
[M::process] read 563714 sequences (80000175 bp)...
[M::mem_pestat] # candidate unique pairs for (FF, FR, RF, RR): (7, 244948, 0, 9)
[M::mem_pestat] skip orientation FF as there are not enough pairs
[M::mem_pestat] analyzing insert size distribution for orientation FR...
[M::mem_pestat] (25, 50, 75) percentile: (150, 200, 266)
[M::mem_pestat] low and high boundaries for computing mean and std.dev: (1, 498)
[M::mem_pestat] mean and std.dev: (213.76, 85.13)
[M::mem_pestat] low and high boundaries for proper pairs: (1, 614)
[M::mem_pestat] skip orientation RF as there are not enough pairs
[M::mem_pestat] skip orientation RR as there are not enough pairs
[M::mem_process_seqs] Processed 563582 reads in 75.419 CPU sec, 9.351 real sec
[M::process] read 566406 sequences (80000052 bp)...
[M::mem_pestat] # candidate unique pairs for (FF, FR, RF, RR): (6, 245097, 0, 6)
[M::mem_pestat] skip orientation FF as there are not enough pairs
[M::mem_pestat] analyzing insert size distribution for orientation FR...
[M::mem_pestat] (25, 50, 75) percentile: (149, 198, 263)
[M::mem_pestat] low and high boundaries for computing mean and std.dev: (1, 491)
[M::mem_pestat] mean and std.dev: (211.58, 83.52)
[M::mem_pestat] low and high boundaries for proper pairs: (1, 605)
[M::mem_pestat] skip orientation RF as there are not enough pairs
[M::mem_pestat] skip orientation RR as there are not enough pairs
[M::mem_process_seqs] Processed 563714 reads in 75.286 CPU sec, 9.315 real sec
[M::process] read 567670 sequences (80000075 bp)...
[M::mem_pestat] # candidate unique pairs for (FF, FR, RF, RR): (10, 246246, 0, 11)
[M::mem_pestat] analyzing insert size distribution for orientation FF...
[M::mem_pestat] (25, 50, 75) percentile: (159, 277, 4630)
[M::mem_pestat] low and high boundaries for computing mean and std.dev: (1, 13572)
[M::mem_pestat] mean and std.dev: (1987.60, 2928.56)
[M::mem_pestat] low and high boundaries for proper pairs: (1, 18043)
[M::mem_pestat] analyzing insert size distribution for orientation FR...
[M::mem_pestat] (25, 50, 75) percentile: (150, 199, 264)
[M::mem_pestat] low and high boundaries for computing mean and std.dev: (1, 492)
[M::mem_pestat] mean and std.dev: (212.36, 83.76)
[M::mem_pestat] low and high boundaries for proper pairs: (1, 606)
[M::mem_pestat] skip orientation RF as there are not enough pairs
[M::mem_pestat] analyzing insert size distribution for orientation RR...
[M::mem_pestat] (25, 50, 75) percentile: (263, 265, 276)
[M::mem_pestat] low and high boundaries for computing mean and std.dev: (237, 302)
[M::mem_pestat] mean and std.dev: (267.83, 4.84)
[M::mem_pestat] low and high boundaries for proper pairs: (224, 315)
[M::mem_pestat] skip orientation FF
[M::mem_pestat] skip orientation RR
[M::mem_process_seqs] Processed 566406 reads in 79.389 CPU sec, 9.769 real sec
[M::process] read 566848 sequences (80000257 bp)...
[M::mem_pestat] # candidate unique pairs for (FF, FR, RF, RR): (8, 246836, 1, 9)
[M::mem_pestat] skip orientation FF as there are not enough pairs
[M::mem_pestat] analyzing insert size distribution for orientation FR...
[M::mem_pestat] (25, 50, 75) percentile: (147, 195, 260)
[M::mem_pestat] low and high boundaries for computing mean and std.dev: (1, 486)
[M::mem_pestat] mean and std.dev: (209.02, 82.69)
[M::mem_pestat] low and high boundaries for proper pairs: (1, 599)
[M::mem_pestat] skip orientation RF as there are not enough pairs
[M::mem_pestat] skip orientation RR as there are not enough pairs
[M::mem_process_seqs] Processed 567670 reads in 79.103 CPU sec, 9.818 real sec
[M::process] read 565970 sequences (80000257 bp)...
[M::mem_pestat] # candidate unique pairs for (FF, FR, RF, RR): (9, 246640, 0, 4)
[M::mem_pestat] skip orientation FF as there are not enough pairs
[M::mem_pestat] analyzing insert size distribution for orientation FR...
[M::mem_pestat] (25, 50, 75) percentile: (146, 195, 259)
[M::mem_pestat] low and high boundaries for computing mean and std.dev: (1, 485)
[M::mem_pestat] mean and std.dev: (208.19, 83.20)
[M::mem_pestat] low and high boundaries for proper pairs: (1, 598)
[M::mem_pestat] skip orientation RF as there are not enough pairs
[M::mem_pestat] skip orientation RR as there are not enough pairs
[M::mem_process_seqs] Processed 566848 reads in 74.807 CPU sec, 9.263 real sec
[M::process] read 566570 sequences (80000270 bp)...
[M::mem_pestat] # candidate unique pairs for (FF, FR, RF, RR): (9, 245798, 0, 5)
[M::mem_pestat] skip orientation FF as there are not enough pairs
[M::mem_pestat] analyzing insert size distribution for orientation FR...
[M::mem_pestat] (25, 50, 75) percentile: (147, 196, 261)
[M::mem_pestat] low and high boundaries for computing mean and std.dev: (1, 489)
[M::mem_pestat] mean and std.dev: (209.43, 83.95)
[M::mem_pestat] low and high boundaries for proper pairs: (1, 603)
[M::mem_pestat] skip orientation RF as there are not enough pairs
[M::mem_pestat] skip orientation RR as there are not enough pairs
[M::mem_process_seqs] Processed 565970 reads in 75.407 CPU sec, 9.316 real sec
[M::process] read 566826 sequences (80000128 bp)...
[M::mem_pestat] # candidate unique pairs for (FF, FR, RF, RR): (4, 246158, 0, 18)
[M::mem_pestat] skip orientation FF as there are not enough pairs
[M::mem_pestat] analyzing insert size distribution for orientation FR...
[M::mem_pestat] (25, 50, 75) percentile: (146, 195, 260)
[M::mem_pestat] low and high boundaries for computing mean and std.dev: (1, 488)
[M::mem_pestat] mean and std.dev: (208.81, 83.88)
[M::mem_pestat] low and high boundaries for proper pairs: (1, 602)
[M::mem_pestat] skip orientation RF as there are not enough pairs
[M::mem_pestat] analyzing insert size distribution for orientation RR...
[M::mem_pestat] (25, 50, 75) percentile: (201, 287, 702)
[M::mem_pestat] low and high boundaries for computing mean and std.dev: (1, 1704)
[M::mem_pestat] mean and std.dev: (400.19, 335.09)
[M::mem_pestat] low and high boundaries for proper pairs: (1, 2205)
[M::mem_pestat] skip orientation RR
[M::mem_process_seqs] Processed 566570 reads in 75.540 CPU sec, 9.298 real sec
[M::process] read 566016 sequences (80000197 bp)...
[M::mem_pestat] # candidate unique pairs for (FF, FR, RF, RR): (16, 245900, 0, 12)
[M::mem_pestat] analyzing insert size distribution for orientation FF...
[M::mem_pestat] (25, 50, 75) percentile: (147, 308, 944)
[M::mem_pestat] low and high boundaries for computing mean and std.dev: (1, 2538)
[M::mem_pestat] mean and std.dev: (456.19, 431.16)
[M::mem_pestat] low and high boundaries for proper pairs: (1, 3335)
[M::mem_pestat] analyzing insert size distribution for orientation FR...
[M::mem_pestat] (25, 50, 75) percentile: (145, 193, 257)
[M::mem_pestat] low and high boundaries for computing mean and std.dev: (1, 481)
[M::mem_pestat] mean and std.dev: (206.48, 82.52)
[M::mem_pestat] low and high boundaries for proper pairs: (1, 593)
[M::mem_pestat] skip orientation RF as there are not enough pairs
[M::mem_pestat] analyzing insert size distribution for orientation RR...
[M::mem_pestat] (25, 50, 75) percentile: (177, 256, 331)
[M::mem_pestat] low and high boundaries for computing mean and std.dev: (1, 639)
[M::mem_pestat] mean and std.dev: (213.64, 91.49)
[M::mem_pestat] low and high boundaries for proper pairs: (1, 793)
[M::mem_pestat] skip orientation FF
[M::mem_pestat] skip orientation RR
[M::mem_process_seqs] Processed 566826 reads in 74.151 CPU sec, 9.163 real sec
[M::process] read 565704 sequences (80000259 bp)...
[M::mem_pestat] # candidate unique pairs for (FF, FR, RF, RR): (14, 245622, 0, 8)
[M::mem_pestat] analyzing insert size distribution for orientation FF...
[M::mem_pestat] (25, 50, 75) percentile: (152, 296, 3632)
[M::mem_pestat] low and high boundaries for computing mean and std.dev: (1, 10592)
[M::mem_pestat] mean and std.dev: (1416.71, 1652.36)
[M::mem_pestat] low and high boundaries for proper pairs: (1, 14072)
[M::mem_pestat] analyzing insert size distribution for orientation FR...
[M::mem_pestat] (25, 50, 75) percentile: (147, 195, 262)
[M::mem_pestat] low and high boundaries for computing mean and std.dev: (1, 492)
[M::mem_pestat] mean and std.dev: (209.86, 85.23)
[M::mem_pestat] low and high boundaries for proper pairs: (1, 607)
[M::mem_pestat] skip orientation RF as there are not enough pairs
[M::mem_pestat] skip orientation RR as there are not enough pairs
[M::mem_pestat] skip orientation FF
[M::mem_process_seqs] Processed 566016 reads in 73.776 CPU sec, 9.174 real sec
[M::process] read 565924 sequences (80000015 bp)...
[M::mem_pestat] # candidate unique pairs for (FF, FR, RF, RR): (2, 245165, 0, 3)
[M::mem_pestat] skip orientation FF as there are not enough pairs
[M::mem_pestat] analyzing insert size distribution for orientation FR...
[M::mem_pestat] (25, 50, 75) percentile: (147, 196, 263)
[M::mem_pestat] low and high boundaries for computing mean and std.dev: (1, 495)
[M::mem_pestat] mean and std.dev: (210.68, 85.89)
[M::mem_pestat] low and high boundaries for proper pairs: (1, 611)
[M::mem_pestat] skip orientation RF as there are not enough pairs
[M::mem_pestat] skip orientation RR as there are not enough pairs
[M::mem_process_seqs] Processed 565704 reads in 74.452 CPU sec, 9.383 real sec
[M::process] read 565422 sequences (80000134 bp)...
[M::mem_pestat] # candidate unique pairs for (FF, FR, RF, RR): (10, 245924, 6, 3)
[M::mem_pestat] analyzing insert size distribution for orientation FF...
[M::mem_pestat] (25, 50, 75) percentile: (164, 332, 1346)
[M::mem_pestat] low and high boundaries for computing mean and std.dev: (1, 3710)
[M::mem_pestat] mean and std.dev: (724.20, 728.22)
[M::mem_pestat] low and high boundaries for proper pairs: (1, 4892)
[M::mem_pestat] analyzing insert size distribution for orientation FR...
[M::mem_pestat] (25, 50, 75) percentile: (147, 196, 262)
[M::mem_pestat] low and high boundaries for computing mean and std.dev: (1, 492)
[M::mem_pestat] mean and std.dev: (209.88, 85.08)
[M::mem_pestat] low and high boundaries for proper pairs: (1, 607)
[M::mem_pestat] skip orientation RF as there are not enough pairs
[M::mem_pestat] skip orientation RR as there are not enough pairs
[M::mem_pestat] skip orientation FF
[M::mem_process_seqs] Processed 565924 reads in 74.666 CPU sec, 9.298 real sec
[M::process] read 565472 sequences (80000141 bp)...
[M::mem_pestat] # candidate unique pairs for (FF, FR, RF, RR): (13, 245313, 1, 7)
[M::mem_pestat] analyzing insert size distribution for orientation FF...
[M::mem_pestat] (25, 50, 75) percentile: (101, 366, 2081)
[M::mem_pestat] low and high boundaries for computing mean and std.dev: (1, 6041)
[M::mem_pestat] mean and std.dev: (1221.62, 1726.31)
[M::mem_pestat] low and high boundaries for proper pairs: (1, 8127)
[M::mem_pestat] analyzing insert size distribution for orientation FR...
[M::mem_pestat] (25, 50, 75) percentile: (147, 197, 264)
[M::mem_pestat] low and high boundaries for computing mean and std.dev: (1, 498)
[M::mem_pestat] mean and std.dev: (211.45, 86.28)
[M::mem_pestat] low and high boundaries for proper pairs: (1, 615)
[M::mem_pestat] skip orientation RF as there are not enough pairs
[M::mem_pestat] skip orientation RR as there are not enough pairs
[M::mem_pestat] skip orientation FF
[M::mem_process_seqs] Processed 565422 reads in 74.147 CPU sec, 9.167 real sec
[M::process] read 565498 sequences (80000289 bp)...
[M::mem_pestat] # candidate unique pairs for (FF, FR, RF, RR): (17, 245221, 1, 11)
[M::mem_pestat] analyzing insert size distribution for orientation FF...
[M::mem_pestat] (25, 50, 75) percentile: (100, 179, 255)
[M::mem_pestat] low and high boundaries for computing mean and std.dev: (1, 565)
[M::mem_pestat] mean and std.dev: (189.69, 119.03)
[M::mem_pestat] low and high boundaries for proper pairs: (1, 720)
[M::mem_pestat] analyzing insert size distribution for orientation FR...
[M::mem_pestat] (25, 50, 75) percentile: (147, 196, 263)
[M::mem_pestat] low and high boundaries for computing mean and std.dev: (1, 495)
[M::mem_pestat] mean and std.dev: (210.91, 85.56)
[M::mem_pestat] low and high boundaries for proper pairs: (1, 611)
[M::mem_pestat] skip orientation RF as there are not enough pairs
[M::mem_pestat] analyzing insert size distribution for orientation RR...
[M::mem_pestat] (25, 50, 75) percentile: (174, 230, 329)
[M::mem_pestat] low and high boundaries for computing mean and std.dev: (1, 639)
[M::mem_pestat] mean and std.dev: (215.44, 59.12)
[M::mem_pestat] low and high boundaries for proper pairs: (1, 794)
[M::mem_pestat] skip orientation FF
[M::mem_pestat] skip orientation RR
[M::mem_process_seqs] Processed 565472 reads in 74.818 CPU sec, 9.363 real sec
[M::process] read 562786 sequences (80000050 bp)...
[M::mem_pestat] # candidate unique pairs for (FF, FR, RF, RR): (9, 245528, 1, 12)
[M::mem_pestat] skip orientation FF as there are not enough pairs
[M::mem_pestat] analyzing insert size distribution for orientation FR...
[M::mem_pestat] (25, 50, 75) percentile: (148, 197, 265)
[M::mem_pestat] low and high boundaries for computing mean and std.dev: (1, 499)
[M::mem_pestat] mean and std.dev: (212.03, 86.33)
[M::mem_pestat] low and high boundaries for proper pairs: (1, 616)
[M::mem_pestat] skip orientation RF as there are not enough pairs
[M::mem_pestat] analyzing insert size distribution for orientation RR...
[M::mem_pestat] (25, 50, 75) percentile: (219, 463, 964)
[M::mem_pestat] low and high boundaries for computing mean and std.dev: (1, 2454)
[M::mem_pestat] mean and std.dev: (496.92, 321.49)
[M::mem_pestat] low and high boundaries for proper pairs: (1, 3199)
[M::mem_pestat] skip orientation RR
[M::mem_process_seqs] Processed 565498 reads in 74.434 CPU sec, 9.334 real sec
[M::process] read 563692 sequences (80000111 bp)...
[M::mem_pestat] # candidate unique pairs for (FF, FR, RF, RR): (4, 244319, 1, 4)
[M::mem_pestat] skip orientation FF as there are not enough pairs
[M::mem_pestat] analyzing insert size distribution for orientation FR...
[M::mem_pestat] (25, 50, 75) percentile: (151, 203, 274)
[M::mem_pestat] low and high boundaries for computing mean and std.dev: (1, 520)
[M::mem_pestat] mean and std.dev: (218.81, 90.46)
[M::mem_pestat] low and high boundaries for proper pairs: (1, 643)
[M::mem_pestat] skip orientation RF as there are not enough pairs
[M::mem_pestat] skip orientation RR as there are not enough pairs
[M::mem_process_seqs] Processed 562786 reads in 78.539 CPU sec, 9.737 real sec
[M::process] read 563736 sequences (80000286 bp)...
[M::mem_pestat] # candidate unique pairs for (FF, FR, RF, RR): (14, 244529, 0, 7)
[M::mem_pestat] analyzing insert size distribution for orientation FF...
[M::mem_pestat] (25, 50, 75) percentile: (153, 790, 1518)
[M::mem_pestat] low and high boundaries for computing mean and std.dev: (1, 4248)
[M::mem_pestat] mean and std.dev: (540.42, 513.25)
[M::mem_pestat] low and high boundaries for proper pairs: (1, 5613)
[M::mem_pestat] analyzing insert size distribution for orientation FR...
[M::mem_pestat] (25, 50, 75) percentile: (150, 201, 271)
[M::mem_pestat] low and high boundaries for computing mean and std.dev: (1, 513)
[M::mem_pestat] mean and std.dev: (216.41, 88.99)
[M::mem_pestat] low and high boundaries for proper pairs: (1, 634)
[M::mem_pestat] skip orientation RF as there are not enough pairs
[M::mem_pestat] skip orientation RR as there are not enough pairs
[M::mem_pestat] skip orientation FF
[M::mem_process_seqs] Processed 563692 reads in 74.465 CPU sec, 9.314 real sec
[M::process] read 563142 sequences (80000190 bp)...
[M::mem_pestat] # candidate unique pairs for (FF, FR, RF, RR): (8, 244661, 0, 26)
[M::mem_pestat] skip orientation FF as there are not enough pairs
[M::mem_pestat] analyzing insert size distribution for orientation FR...
[M::mem_pestat] (25, 50, 75) percentile: (149, 200, 269)
[M::mem_pestat] low and high boundaries for computing mean and std.dev: (1, 509)
[M::mem_pestat] mean and std.dev: (215.35, 88.13)
[M::mem_pestat] low and high boundaries for proper pairs: (1, 629)
[M::mem_pestat] skip orientation RF as there are not enough pairs
[M::mem_pestat] analyzing insert size distribution for orientation RR...
[M::mem_pestat] (25, 50, 75) percentile: (208, 342, 527)
[M::mem_pestat] low and high boundaries for computing mean and std.dev: (1, 1165)
[M::mem_pestat] mean and std.dev: (325.78, 245.77)
[M::mem_pestat] low and high boundaries for proper pairs: (1, 1484)
[M::mem_pestat] skip orientation RR
[M::mem_process_seqs] Processed 563736 reads in 74.220 CPU sec, 9.255 real sec
[M::process] read 562676 sequences (80000023 bp)...
[M::mem_pestat] # candidate unique pairs for (FF, FR, RF, RR): (6, 244079, 0, 10)
[M::mem_pestat] skip orientation FF as there are not enough pairs
[M::mem_pestat] analyzing insert size distribution for orientation FR...
[M::mem_pestat] (25, 50, 75) percentile: (151, 201, 271)
[M::mem_pestat] low and high boundaries for computing mean and std.dev: (1, 511)
[M::mem_pestat] mean and std.dev: (217.07, 89.41)
[M::mem_pestat] low and high boundaries for proper pairs: (1, 631)
[M::mem_pestat] skip orientation RF as there are not enough pairs
[M::mem_pestat] analyzing insert size distribution for orientation RR...
[M::mem_pestat] (25, 50, 75) percentile: (228, 691, 2504)
[M::mem_pestat] low and high boundaries for computing mean and std.dev: (1, 7056)
[M::mem_pestat] mean and std.dev: (1150.10, 1045.36)
[M::mem_pestat] low and high boundaries for proper pairs: (1, 9332)
[M::mem_pestat] skip orientation RR
[M::mem_process_seqs] Processed 563142 reads in 75.386 CPU sec, 9.340 real sec
[M::process] read 565242 sequences (80000065 bp)...
[M::mem_pestat] # candidate unique pairs for (FF, FR, RF, RR): (8, 244094, 0, 23)
[M::mem_pestat] skip orientation FF as there are not enough pairs
[M::mem_pestat] analyzing insert size distribution for orientation FR...
[M::mem_pestat] (25, 50, 75) percentile: (151, 203, 274)
[M::mem_pestat] low and high boundaries for computing mean and std.dev: (1, 520)
[M::mem_pestat] mean and std.dev: (218.87, 90.41)
[M::mem_pestat] low and high boundaries for proper pairs: (1, 643)
[M::mem_pestat] skip orientation RF as there are not enough pairs
[M::mem_pestat] analyzing insert size distribution for orientation RR...
[M::mem_pestat] (25, 50, 75) percentile: (277, 319, 617)
[M::mem_pestat] low and high boundaries for computing mean and std.dev: (1, 1297)
[M::mem_pestat] mean and std.dev: (441.35, 292.26)
[M::mem_pestat] low and high boundaries for proper pairs: (1, 1637)
[M::mem_pestat] skip orientation RR
[M::mem_process_seqs] Processed 562676 reads in 75.367 CPU sec, 9.387 real sec
[M::process] read 564512 sequences (80000271 bp)...
[M::mem_pestat] # candidate unique pairs for (FF, FR, RF, RR): (11, 245323, 1, 9)
[M::mem_pestat] analyzing insert size distribution for orientation FF...
[M::mem_pestat] (25, 50, 75) percentile: (251, 282, 358)
[M::mem_pestat] low and high boundaries for computing mean and std.dev: (37, 572)
[M::mem_pestat] mean and std.dev: (242.30, 94.66)
[M::mem_pestat] low and high boundaries for proper pairs: (1, 679)
[M::mem_pestat] analyzing insert size distribution for orientation FR...
[M::mem_pestat] (25, 50, 75) percentile: (148, 197, 263)
[M::mem_pestat] low and high boundaries for computing mean and std.dev: (1, 493)
[M::mem_pestat] mean and std.dev: (211.22, 85.03)
[M::mem_pestat] low and high boundaries for proper pairs: (1, 608)
[M::mem_pestat] skip orientation RF as there are not enough pairs
[M::mem_pestat] skip orientation RR as there are not enough pairs
[M::mem_pestat] skip orientation FF
[M::mem_process_seqs] Processed 565242 reads in 75.424 CPU sec, 9.344 real sec
[M::process] read 564418 sequences (80000217 bp)...
[M::mem_pestat] # candidate unique pairs for (FF, FR, RF, RR): (10, 244885, 0, 8)
[M::mem_pestat] analyzing insert size distribution for orientation FF...
[M::mem_pestat] (25, 50, 75) percentile: (235, 518, 3896)
[M::mem_pestat] low and high boundaries for computing mean and std.dev: (1, 11218)
[M::mem_pestat] mean and std.dev: (1438.80, 1626.57)
[M::mem_pestat] low and high boundaries for proper pairs: (1, 14879)
[M::mem_pestat] analyzing insert size distribution for orientation FR...
[M::mem_pestat] (25, 50, 75) percentile: (149, 199, 266)
[M::mem_pestat] low and high boundaries for computing mean and std.dev: (1, 500)
[M::mem_pestat] mean and std.dev: (212.98, 85.71)
[M::mem_pestat] low and high boundaries for proper pairs: (1, 617)
[M::mem_pestat] skip orientation RF as there are not enough pairs
[M::mem_pestat] skip orientation RR as there are not enough pairs
[M::mem_pestat] skip orientation FF
[M::mem_process_seqs] Processed 564512 reads in 75.678 CPU sec, 9.570 real sec
[M::process] read 563482 sequences (80000185 bp)...
[M::mem_pestat] # candidate unique pairs for (FF, FR, RF, RR): (7, 244711, 3, 8)
[M::mem_pestat] skip orientation FF as there are not enough pairs
[M::mem_pestat] analyzing insert size distribution for orientation FR...
[M::mem_pestat] (25, 50, 75) percentile: (149, 199, 266)
[M::mem_pestat] low and high boundaries for computing mean and std.dev: (1, 500)
[M::mem_pestat] mean and std.dev: (213.42, 85.82)
[M::mem_pestat] low and high boundaries for proper pairs: (1, 617)
[M::mem_pestat] skip orientation RF as there are not enough pairs
[M::mem_pestat] skip orientation RR as there are not enough pairs
[M::mem_process_seqs] Processed 564418 reads in 76.117 CPU sec, 9.549 real sec
[M::process] read 562738 sequences (80000035 bp)...
[M::mem_pestat] # candidate unique pairs for (FF, FR, RF, RR): (8, 244368, 0, 3)
[M::mem_pestat] skip orientation FF as there are not enough pairs
[M::mem_pestat] analyzing insert size distribution for orientation FR...
[M::mem_pestat] (25, 50, 75) percentile: (151, 201, 269)
[M::mem_pestat] low and high boundaries for computing mean and std.dev: (1, 505)
[M::mem_pestat] mean and std.dev: (215.75, 87.44)
[M::mem_pestat] low and high boundaries for proper pairs: (1, 623)
[M::mem_pestat] skip orientation RF as there are not enough pairs
[M::mem_pestat] skip orientation RR as there are not enough pairs
[M::mem_process_seqs] Processed 563482 reads in 76.495 CPU sec, 9.517 real sec
[M::process] read 564680 sequences (80000026 bp)...
[M::mem_pestat] # candidate unique pairs for (FF, FR, RF, RR): (11, 244558, 0, 10)
[M::mem_pestat] analyzing insert size distribution for orientation FF...
[M::mem_pestat] (25, 50, 75) percentile: (134, 212, 256)
[M::mem_pestat] low and high boundaries for computing mean and std.dev: (1, 500)
[M::mem_pestat] mean and std.dev: (196.70, 105.56)
[M::mem_pestat] low and high boundaries for proper pairs: (1, 622)
[M::mem_pestat] analyzing insert size distribution for orientation FR...
[M::mem_pestat] (25, 50, 75) percentile: (152, 203, 273)
[M::mem_pestat] low and high boundaries for computing mean and std.dev: (1, 515)
[M::mem_pestat] mean and std.dev: (218.52, 89.43)
[M::mem_pestat] low and high boundaries for proper pairs: (1, 636)
[M::mem_pestat] skip orientation RF as there are not enough pairs
[M::mem_pestat] analyzing insert size distribution for orientation RR...
[M::mem_pestat] (25, 50, 75) percentile: (144, 268, 273)
[M::mem_pestat] low and high boundaries for computing mean and std.dev: (1, 531)
[M::mem_pestat] mean and std.dev: (199.78, 66.44)
[M::mem_pestat] low and high boundaries for proper pairs: (1, 660)
[M::mem_pestat] skip orientation FF
[M::mem_pestat] skip orientation RR
[M::mem_process_seqs] Processed 562738 reads in 76.349 CPU sec, 9.433 real sec
[M::process] read 564890 sequences (80000258 bp)...
[M::mem_pestat] # candidate unique pairs for (FF, FR, RF, RR): (10, 245602, 0, 6)
[M::mem_pestat] analyzing insert size distribution for orientation FF...
[M::mem_pestat] (25, 50, 75) percentile: (185, 426, 695)
[M::mem_pestat] low and high boundaries for computing mean and std.dev: (1, 1715)
[M::mem_pestat] mean and std.dev: (399.30, 271.93)
[M::mem_pestat] low and high boundaries for proper pairs: (1, 2225)
[M::mem_pestat] analyzing insert size distribution for orientation FR...
[M::mem_pestat] (25, 50, 75) percentile: (149, 198, 264)
[M::mem_pestat] low and high boundaries for computing mean and std.dev: (1, 494)
[M::mem_pestat] mean and std.dev: (212.19, 84.60)
[M::mem_pestat] low and high boundaries for proper pairs: (1, 609)
[M::mem_pestat] skip orientation RF as there are not enough pairs
[M::mem_pestat] skip orientation RR as there are not enough pairs
[M::mem_pestat] skip orientation FF
[M::mem_process_seqs] Processed 564680 reads in 76.735 CPU sec, 9.784 real sec
[M::mem_pestat] # candidate unique pairs for (FF, FR, RF, RR): (4, 245618, 0, 10)
[M::mem_pestat] skip orientation FF as there are not enough pairs
[M::mem_pestat] analyzing insert size distribution for orientation FR...
[M::mem_pestat] (25, 50, 75) percentile: (149, 198, 263)
[M::mem_pestat] low and high boundaries for computing mean and std.dev: (1, 491)
[M::mem_pestat] mean and std.dev: (211.63, 83.48)
[M::mem_pestat] low and high boundaries for proper pairs: (1, 605)
[M::mem_pestat] skip orientation RF as there are not enough pairs
[M::mem_pestat] analyzing insert size distribution for orientation RR...
[M::mem_pestat] (25, 50, 75) percentile: (409, 801, 810)
[M::mem_pestat] low and high boundaries for computing mean and std.dev: (1, 1612)
[M::mem_pestat] mean and std.dev: (609.89, 244.22)
[M::mem_pestat] low and high boundaries for proper pairs: (1, 2013)
[M::mem_pestat] skip orientation RR
[M::mem_process_seqs] Processed 564890 reads in 99.130 CPU sec, 13.018 real sec
[M::process] read 567776 sequences (80000115 bp)...
[M::process] read 566706 sequences (80000209 bp)...
[M::mem_pestat] # candidate unique pairs for (FF, FR, RF, RR): (10, 246628, 0, 23)
[M::mem_pestat] analyzing insert size distribution for orientation FF...
[M::mem_pestat] (25, 50, 75) percentile: (150, 221, 372)
[M::mem_pestat] low and high boundaries for computing mean and std.dev: (1, 816)
[M::mem_pestat] mean and std.dev: (253.22, 179.76)
[M::mem_pestat] low and high boundaries for proper pairs: (1, 1038)
[M::mem_pestat] analyzing insert size distribution for orientation FR...
[M::mem_pestat] (25, 50, 75) percentile: (150, 199, 264)
[M::mem_pestat] low and high boundaries for computing mean and std.dev: (1, 492)
[M::mem_pestat] mean and std.dev: (212.50, 83.81)
[M::mem_pestat] low and high boundaries for proper pairs: (1, 606)
[M::mem_pestat] skip orientation RF as there are not enough pairs
[M::mem_pestat] analyzing insert size distribution for orientation RR...
[M::mem_pestat] (25, 50, 75) percentile: (141, 181, 354)
[M::mem_pestat] low and high boundaries for computing mean and std.dev: (1, 780)
[M::mem_pestat] mean and std.dev: (221.55, 143.69)
[M::mem_pestat] low and high boundaries for proper pairs: (1, 993)
[M::mem_pestat] skip orientation FF
[M::mem_pestat] skip orientation RR
[M::mem_process_seqs] Processed 567776 reads in 78.817 CPU sec, 9.842 real sec
[M::process] read 566116 sequences (80000231 bp)...
[M::mem_pestat] # candidate unique pairs for (FF, FR, RF, RR): (11, 246503, 0, 10)
[M::mem_pestat] analyzing insert size distribution for orientation FF...
[M::mem_pestat] (25, 50, 75) percentile: (245, 422, 525)
[M::mem_pestat] low and high boundaries for computing mean and std.dev: (1, 1085)
[M::mem_pestat] mean and std.dev: (356.60, 204.62)
[M::mem_pestat] low and high boundaries for proper pairs: (1, 1365)
[M::mem_pestat] analyzing insert size distribution for orientation FR...
[M::mem_pestat] (25, 50, 75) percentile: (147, 195, 260)
[M::mem_pestat] low and high boundaries for computing mean and std.dev: (1, 486)
[M::mem_pestat] mean and std.dev: (209.01, 83.33)
[M::mem_pestat] low and high boundaries for proper pairs: (1, 599)
[M::mem_pestat] skip orientation RF as there are not enough pairs
[M::mem_pestat] analyzing insert size distribution for orientation RR...
[M::mem_pestat] (25, 50, 75) percentile: (167, 257, 358)
[M::mem_pestat] low and high boundaries for computing mean and std.dev: (1, 740)
[M::mem_pestat] mean and std.dev: (222.25, 80.99)
[M::mem_pestat] low and high boundaries for proper pairs: (1, 931)
[M::mem_pestat] skip orientation FF
[M::mem_pestat] skip orientation RR
[M::mem_process_seqs] Processed 566706 reads in 76.307 CPU sec, 9.410 real sec
[M::process] read 565454 sequences (80000235 bp)...
[M::mem_pestat] # candidate unique pairs for (FF, FR, RF, RR): (3, 245981, 0, 10)
[M::mem_pestat] skip orientation FF as there are not enough pairs
[M::mem_pestat] analyzing insert size distribution for orientation FR...
[M::mem_pestat] (25, 50, 75) percentile: (147, 196, 262)
[M::mem_pestat] low and high boundaries for computing mean and std.dev: (1, 492)
[M::mem_pestat] mean and std.dev: (209.95, 84.04)
[M::mem_pestat] low and high boundaries for proper pairs: (1, 607)
[M::mem_pestat] skip orientation RF as there are not enough pairs
[M::mem_pestat] analyzing insert size distribution for orientation RR...
[M::mem_pestat] (25, 50, 75) percentile: (174, 368, 1183)
[M::mem_pestat] low and high boundaries for computing mean and std.dev: (1, 3201)
[M::mem_pestat] mean and std.dev: (626.80, 530.80)
[M::mem_pestat] low and high boundaries for proper pairs: (1, 4210)
[M::mem_pestat] skip orientation RR
[M::mem_process_seqs] Processed 566116 reads in 74.911 CPU sec, 9.345 real sec
[M::process] read 565752 sequences (80000253 bp)...
[M::mem_pestat] # candidate unique pairs for (FF, FR, RF, RR): (7, 245799, 0, 2)
[M::mem_pestat] skip orientation FF as there are not enough pairs
[M::mem_pestat] analyzing insert size distribution for orientation FR...
[M::mem_pestat] (25, 50, 75) percentile: (148, 198, 263)
[M::mem_pestat] low and high boundaries for computing mean and std.dev: (1, 493)
[M::mem_pestat] mean and std.dev: (211.40, 84.63)
[M::mem_pestat] low and high boundaries for proper pairs: (1, 608)
[M::mem_pestat] skip orientation RF as there are not enough pairs
[M::mem_pestat] skip orientation RR as there are not enough pairs
[M::mem_process_seqs] Processed 565454 reads in 75.019 CPU sec, 9.286 real sec
[M::process] read 565880 sequences (80000086 bp)...
[M::mem_pestat] # candidate unique pairs for (FF, FR, RF, RR): (10, 245878, 1, 12)
[M::mem_pestat] analyzing insert size distribution for orientation FF...
[M::mem_pestat] (25, 50, 75) percentile: (177, 367, 596)
[M::mem_pestat] low and high boundaries for computing mean and std.dev: (1, 1434)
[M::mem_pestat] mean and std.dev: (354.90, 184.17)
[M::mem_pestat] low and high boundaries for proper pairs: (1, 1853)
[M::mem_pestat] analyzing insert size distribution for orientation FR...
[M::mem_pestat] (25, 50, 75) percentile: (148, 197, 264)
[M::mem_pestat] low and high boundaries for computing mean and std.dev: (1, 496)
[M::mem_pestat] mean and std.dev: (211.95, 85.82)
[M::mem_pestat] low and high boundaries for proper pairs: (1, 612)
[M::mem_pestat] skip orientation RF as there are not enough pairs
[M::mem_pestat] analyzing insert size distribution for orientation RR...
[M::mem_pestat] (25, 50, 75) percentile: (176, 186, 211)
[M::mem_pestat] low and high boundaries for computing mean and std.dev: (106, 281)
[M::mem_pestat] mean and std.dev: (189.57, 11.41)
[M::mem_pestat] low and high boundaries for proper pairs: (71, 316)
[M::mem_pestat] skip orientation FF
[M::mem_pestat] skip orientation RR
[M::mem_process_seqs] Processed 565752 reads in 76.222 CPU sec, 9.337 real sec
[M::process] read 564938 sequences (80000054 bp)...
[M::mem_pestat] # candidate unique pairs for (FF, FR, RF, RR): (5, 245798, 1, 10)
[M::mem_pestat] skip orientation FF as there are not enough pairs
[M::mem_pestat] analyzing insert size distribution for orientation FR...
[M::mem_pestat] (25, 50, 75) percentile: (147, 196, 263)
[M::mem_pestat] low and high boundaries for computing mean and std.dev: (1, 495)
[M::mem_pestat] mean and std.dev: (210.99, 85.59)
[M::mem_pestat] low and high boundaries for proper pairs: (1, 611)
[M::mem_pestat] skip orientation RF as there are not enough pairs
[M::mem_pestat] analyzing insert size distribution for orientation RR...
[M::mem_pestat] (25, 50, 75) percentile: (233, 1043, 1043)
[M::mem_pestat] low and high boundaries for computing mean and std.dev: (1, 2663)
[M::mem_pestat] mean and std.dev: (687.30, 447.02)
[M::mem_pestat] low and high boundaries for proper pairs: (1, 3473)
[M::mem_pestat] skip orientation RR
[M::mem_process_seqs] Processed 565880 reads in 75.147 CPU sec, 9.198 real sec
[M::process] read 564944 sequences (80000004 bp)...
[M::mem_pestat] # candidate unique pairs for (FF, FR, RF, RR): (5, 245077, 0, 9)
[M::mem_pestat] skip orientation FF as there are not enough pairs
[M::mem_pestat] analyzing insert size distribution for orientation FR...
[M::mem_pestat] (25, 50, 75) percentile: (148, 199, 267)
[M::mem_pestat] low and high boundaries for computing mean and std.dev: (1, 505)
[M::mem_pestat] mean and std.dev: (213.67, 87.34)
[M::mem_pestat] low and high boundaries for proper pairs: (1, 624)
[M::mem_pestat] skip orientation RF as there are not enough pairs
[M::mem_pestat] skip orientation RR as there are not enough pairs
[M::mem_process_seqs] Processed 564938 reads in 75.683 CPU sec, 9.301 real sec
[M::process] read 564456 sequences (80000140 bp)...
[M::mem_pestat] # candidate unique pairs for (FF, FR, RF, RR): (17, 244614, 1, 9)
[M::mem_pestat] analyzing insert size distribution for orientation FF...
[M::mem_pestat] (25, 50, 75) percentile: (197, 257, 819)
[M::mem_pestat] low and high boundaries for computing mean and std.dev: (1, 2063)
[M::mem_pestat] mean and std.dev: (436.35, 341.33)
[M::mem_pestat] low and high boundaries for proper pairs: (1, 2685)
[M::mem_pestat] analyzing insert size distribution for orientation FR...
[M::mem_pestat] (25, 50, 75) percentile: (148, 198, 267)
[M::mem_pestat] low and high boundaries for computing mean and std.dev: (1, 505)
[M::mem_pestat] mean and std.dev: (213.59, 87.60)
[M::mem_pestat] low and high boundaries for proper pairs: (1, 624)
[M::mem_pestat] skip orientation RF as there are not enough pairs
[M::mem_pestat] skip orientation RR as there are not enough pairs
[M::mem_pestat] skip orientation FF
[M::mem_process_seqs] Processed 564944 reads in 76.159 CPU sec, 9.345 real sec
[M::process] read 564426 sequences (80000171 bp)...
[M::mem_pestat] # candidate unique pairs for (FF, FR, RF, RR): (9, 244785, 0, 15)
[M::mem_pestat] skip orientation FF as there are not enough pairs
[M::mem_pestat] analyzing insert size distribution for orientation FR...
[M::mem_pestat] (25, 50, 75) percentile: (149, 200, 268)
[M::mem_pestat] low and high boundaries for computing mean and std.dev: (1, 506)
[M::mem_pestat] mean and std.dev: (214.70, 88.07)
[M::mem_pestat] low and high boundaries for proper pairs: (1, 625)
[M::mem_pestat] skip orientation RF as there are not enough pairs
[M::mem_pestat] analyzing insert size distribution for orientation RR...
[M::mem_pestat] (25, 50, 75) percentile: (133, 225, 417)
[M::mem_pestat] low and high boundaries for computing mean and std.dev: (1, 985)
[M::mem_pestat] mean and std.dev: (229.64, 133.30)
[M::mem_pestat] low and high boundaries for proper pairs: (1, 1269)
[M::mem_pestat] skip orientation RR
[M::mem_process_seqs] Processed 564456 reads in 76.561 CPU sec, 9.377 real sec
[M::process] read 564322 sequences (80000200 bp)...
[M::mem_pestat] # candidate unique pairs for (FF, FR, RF, RR): (13, 244649, 0, 11)
[M::mem_pestat] analyzing insert size distribution for orientation FF...
[M::mem_pestat] (25, 50, 75) percentile: (282, 282, 1002)
[M::mem_pestat] low and high boundaries for computing mean and std.dev: (1, 2442)
[M::mem_pestat] mean and std.dev: (432.69, 313.70)
[M::mem_pestat] low and high boundaries for proper pairs: (1, 3162)
[M::mem_pestat] analyzing insert size distribution for orientation FR...
[M::mem_pestat] (25, 50, 75) percentile: (149, 199, 268)
[M::mem_pestat] low and high boundaries for computing mean and std.dev: (1, 506)
[M::mem_pestat] mean and std.dev: (214.37, 87.82)
[M::mem_pestat] low and high boundaries for proper pairs: (1, 625)
[M::mem_pestat] skip orientation RF as there are not enough pairs
[M::mem_pestat] analyzing insert size distribution for orientation RR...
[M::mem_pestat] (25, 50, 75) percentile: (370, 370, 866)
[M::mem_pestat] low and high boundaries for computing mean and std.dev: (1, 1858)
[M::mem_pestat] mean and std.dev: (371.22, 209.73)
[M::mem_pestat] low and high boundaries for proper pairs: (1, 2354)
[M::mem_pestat] skip orientation FF
[M::mem_pestat] skip orientation RR
[M::mem_process_seqs] Processed 564426 reads in 74.130 CPU sec, 9.171 real sec
[M::process] read 563184 sequences (80000113 bp)...
[M::mem_pestat] # candidate unique pairs for (FF, FR, RF, RR): (12, 244831, 1, 5)
[M::mem_pestat] analyzing insert size distribution for orientation FF...
[M::mem_pestat] (25, 50, 75) percentile: (109, 141, 217)
[M::mem_pestat] low and high boundaries for computing mean and std.dev: (1, 433)
[M::mem_pestat] mean and std.dev: (153.08, 54.94)
[M::mem_pestat] low and high boundaries for proper pairs: (1, 541)
[M::mem_pestat] analyzing insert size distribution for orientation FR...
[M::mem_pestat] (25, 50, 75) percentile: (149, 200, 269)
[M::mem_pestat] low and high boundaries for computing mean and std.dev: (1, 509)
[M::mem_pestat] mean and std.dev: (214.83, 88.17)
[M::mem_pestat] low and high boundaries for proper pairs: (1, 629)
[M::mem_pestat] skip orientation RF as there are not enough pairs
[M::mem_pestat] skip orientation RR as there are not enough pairs
[M::mem_pestat] skip orientation FF
[M::mem_process_seqs] Processed 564322 reads in 75.588 CPU sec, 9.242 real sec
[M::process] read 562108 sequences (80000244 bp)...
[M::mem_pestat] # candidate unique pairs for (FF, FR, RF, RR): (13, 244195, 0, 8)
[M::mem_pestat] analyzing insert size distribution for orientation FF...
[M::mem_pestat] (25, 50, 75) percentile: (133, 242, 317)
[M::mem_pestat] low and high boundaries for computing mean and std.dev: (1, 685)
[M::mem_pestat] mean and std.dev: (212.75, 73.46)
[M::mem_pestat] low and high boundaries for proper pairs: (1, 869)
[M::mem_pestat] analyzing insert size distribution for orientation FR...
[M::mem_pestat] (25, 50, 75) percentile: (151, 203, 274)
[M::mem_pestat] low and high boundaries for computing mean and std.dev: (1, 520)
[M::mem_pestat] mean and std.dev: (218.75, 90.49)
[M::mem_pestat] low and high boundaries for proper pairs: (1, 643)
[M::mem_pestat] skip orientation RF as there are not enough pairs
[M::mem_pestat] skip orientation RR as there are not enough pairs
[M::mem_pestat] skip orientation FF
[M::mem_process_seqs] Processed 563184 reads in 76.373 CPU sec, 9.432 real sec
[M::process] read 563402 sequences (80000176 bp)...
[M::mem_pestat] # candidate unique pairs for (FF, FR, RF, RR): (12, 243769, 0, 26)
[M::mem_pestat] analyzing insert size distribution for orientation FF...
[M::mem_pestat] (25, 50, 75) percentile: (131, 289, 293)
[M::mem_pestat] low and high boundaries for computing mean and std.dev: (1, 617)
[M::mem_pestat] mean and std.dev: (201.80, 75.75)
[M::mem_pestat] low and high boundaries for proper pairs: (1, 779)
[M::mem_pestat] analyzing insert size distribution for orientation FR...
[M::mem_pestat] (25, 50, 75) percentile: (152, 205, 278)
[M::mem_pestat] low and high boundaries for computing mean and std.dev: (1, 530)
[M::mem_pestat] mean and std.dev: (222.00, 92.99)
[M::mem_pestat] low and high boundaries for proper pairs: (1, 656)
[M::mem_pestat] skip orientation RF as there are not enough pairs
[M::mem_pestat] analyzing insert size distribution for orientation RR...
[M::mem_pestat] (25, 50, 75) percentile: (322, 331, 525)
[M::mem_pestat] low and high boundaries for computing mean and std.dev: (1, 931)
[M::mem_pestat] mean and std.dev: (321.00, 112.67)
[M::mem_pestat] low and high boundaries for proper pairs: (1, 1134)
[M::mem_pestat] skip orientation FF
[M::mem_pestat] skip orientation RR
[M::mem_process_seqs] Processed 562108 reads in 77.006 CPU sec, 9.411 real sec
[M::process] read 563030 sequences (80000068 bp)...
[M::mem_pestat] # candidate unique pairs for (FF, FR, RF, RR): (7, 244928, 0, 8)
[M::mem_pestat] skip orientation FF as there are not enough pairs
[M::mem_pestat] analyzing insert size distribution for orientation FR...
[M::mem_pestat] (25, 50, 75) percentile: (151, 201, 271)
[M::mem_pestat] low and high boundaries for computing mean and std.dev: (1, 511)
[M::mem_pestat] mean and std.dev: (216.93, 89.00)
[M::mem_pestat] low and high boundaries for proper pairs: (1, 631)
[M::mem_pestat] skip orientation RF as there are not enough pairs
[M::mem_pestat] skip orientation RR as there are not enough pairs
[M::mem_process_seqs] Processed 563402 reads in 74.365 CPU sec, 9.229 real sec
[M::process] read 562084 sequences (80000111 bp)...
[M::mem_pestat] # candidate unique pairs for (FF, FR, RF, RR): (12, 244042, 1, 18)
[M::mem_pestat] analyzing insert size distribution for orientation FF...
[M::mem_pestat] (25, 50, 75) percentile: (365, 1345, 7399)
[M::mem_pestat] low and high boundaries for computing mean and std.dev: (1, 21467)
[M::mem_pestat] mean and std.dev: (2360.83, 2970.04)
[M::mem_pestat] low and high boundaries for proper pairs: (1, 28501)
[M::mem_pestat] analyzing insert size distribution for orientation FR...
[M::mem_pestat] (25, 50, 75) percentile: (151, 203, 275)
[M::mem_pestat] low and high boundaries for computing mean and std.dev: (1, 523)
[M::mem_pestat] mean and std.dev: (219.29, 91.04)
[M::mem_pestat] low and high boundaries for proper pairs: (1, 647)
[M::mem_pestat] skip orientation RF as there are not enough pairs
[M::mem_pestat] analyzing insert size distribution for orientation RR...
[M::mem_pestat] (25, 50, 75) percentile: (175, 259, 565)
[M::mem_pestat] low and high boundaries for computing mean and std.dev: (1, 1345)
[M::mem_pestat] mean and std.dev: (418.22, 325.29)
[M::mem_pestat] low and high boundaries for proper pairs: (1, 1735)
[M::mem_pestat] skip orientation FF
[M::mem_pestat] skip orientation RR
[M::mem_process_seqs] Processed 563030 reads in 76.371 CPU sec, 9.352 real sec
[M::process] read 563974 sequences (80000203 bp)...
[M::mem_pestat] # candidate unique pairs for (FF, FR, RF, RR): (7, 243603, 0, 14)
[M::mem_pestat] skip orientation FF as there are not enough pairs
[M::mem_pestat] analyzing insert size distribution for orientation FR...
[M::mem_pestat] (25, 50, 75) percentile: (153, 206, 279)
[M::mem_pestat] low and high boundaries for computing mean and std.dev: (1, 531)
[M::mem_pestat] mean and std.dev: (222.59, 92.95)
[M::mem_pestat] low and high boundaries for proper pairs: (1, 657)
[M::mem_pestat] skip orientation RF as there are not enough pairs
[M::mem_pestat] analyzing insert size distribution for orientation RR...
[M::mem_pestat] (25, 50, 75) percentile: (287, 287, 287)
[M::mem_pestat] low and high boundaries for computing mean and std.dev: (287, 287)
[M::mem_pestat] mean and std.dev: (287.00, 0.00)
[M::mem_pestat] low and high boundaries for proper pairs: (287, 287)
[M::mem_pestat] skip orientation RR
[M::mem_process_seqs] Processed 562084 reads in 75.593 CPU sec, 9.423 real sec
[M::process] read 563552 sequences (80000221 bp)...
[M::mem_pestat] # candidate unique pairs for (FF, FR, RF, RR): (10, 244703, 1, 20)
[M::mem_pestat] analyzing insert size distribution for orientation FF...
[M::mem_pestat] (25, 50, 75) percentile: (247, 332, 799)
[M::mem_pestat] low and high boundaries for computing mean and std.dev: (1, 1903)
[M::mem_pestat] mean and std.dev: (330.62, 190.81)
[M::mem_pestat] low and high boundaries for proper pairs: (1, 2455)
[M::mem_pestat] analyzing insert size distribution for orientation FR...
[M::mem_pestat] (25, 50, 75) percentile: (150, 200, 267)
[M::mem_pestat] low and high boundaries for computing mean and std.dev: (1, 501)
[M::mem_pestat] mean and std.dev: (214.20, 86.44)
[M::mem_pestat] low and high boundaries for proper pairs: (1, 618)
[M::mem_pestat] skip orientation RF as there are not enough pairs
[M::mem_pestat] analyzing insert size distribution for orientation RR...
[M::mem_pestat] (25, 50, 75) percentile: (152, 268, 287)
[M::mem_pestat] low and high boundaries for computing mean and std.dev: (1, 557)
[M::mem_pestat] mean and std.dev: (217.24, 75.82)
[M::mem_pestat] low and high boundaries for proper pairs: (1, 692)
[M::mem_pestat] skip orientation FF
[M::mem_pestat] skip orientation RR
[M::mem_process_seqs] Processed 563974 reads in 76.403 CPU sec, 9.359 real sec
[M::process] read 563806 sequences (80000213 bp)...
[M::mem_pestat] # candidate unique pairs for (FF, FR, RF, RR): (11, 244466, 0, 7)
[M::mem_pestat] analyzing insert size distribution for orientation FF...
[M::mem_pestat] (25, 50, 75) percentile: (207, 239, 722)
[M::mem_pestat] low and high boundaries for computing mean and std.dev: (1, 1752)
[M::mem_pestat] mean and std.dev: (352.10, 246.11)
[M::mem_pestat] low and high boundaries for proper pairs: (1, 2267)
[M::mem_pestat] analyzing insert size distribution for orientation FR...
[M::mem_pestat] (25, 50, 75) percentile: (150, 201, 268)
[M::mem_pestat] low and high boundaries for computing mean and std.dev: (1, 504)
[M::mem_pestat] mean and std.dev: (215.34, 87.03)
[M::mem_pestat] low and high boundaries for proper pairs: (1, 622)
[M::mem_pestat] skip orientation RF as there are not enough pairs
[M::mem_pestat] skip orientation RR as there are not enough pairs
[M::mem_pestat] skip orientation FF
[M::mem_process_seqs] Processed 563552 reads in 75.255 CPU sec, 9.280 real sec
[M::process] read 562566 sequences (80000027 bp)...
[M::mem_pestat] # candidate unique pairs for (FF, FR, RF, RR): (12, 245000, 0, 9)
[M::mem_pestat] analyzing insert size distribution for orientation FF...
[M::mem_pestat] (25, 50, 75) percentile: (157, 284, 349)
[M::mem_pestat] low and high boundaries for computing mean and std.dev: (1, 733)
[M::mem_pestat] mean and std.dev: (268.82, 150.92)
[M::mem_pestat] low and high boundaries for proper pairs: (1, 925)
[M::mem_pestat] analyzing insert size distribution for orientation FR...
[M::mem_pestat] (25, 50, 75) percentile: (150, 200, 268)
[M::mem_pestat] low and high boundaries for computing mean and std.dev: (1, 504)
[M::mem_pestat] mean and std.dev: (214.99, 86.93)
[M::mem_pestat] low and high boundaries for proper pairs: (1, 622)
[M::mem_pestat] skip orientation RF as there are not enough pairs
[M::mem_pestat] skip orientation RR as there are not enough pairs
[M::mem_pestat] skip orientation FF
[M::mem_process_seqs] Processed 563806 reads in 76.068 CPU sec, 9.346 real sec
[M::process] read 562414 sequences (80000148 bp)...
[M::mem_pestat] # candidate unique pairs for (FF, FR, RF, RR): (5, 243917, 0, 9)
[M::mem_pestat] skip orientation FF as there are not enough pairs
[M::mem_pestat] analyzing insert size distribution for orientation FR...
[M::mem_pestat] (25, 50, 75) percentile: (152, 203, 273)
[M::mem_pestat] low and high boundaries for computing mean and std.dev: (1, 515)
[M::mem_pestat] mean and std.dev: (218.57, 89.37)
[M::mem_pestat] low and high boundaries for proper pairs: (1, 636)
[M::mem_pestat] skip orientation RF as there are not enough pairs
[M::mem_pestat] skip orientation RR as there are not enough pairs
[M::mem_process_seqs] Processed 562566 reads in 78.396 CPU sec, 9.756 real sec
[M::process] read 564052 sequences (80000076 bp)...
[M::mem_pestat] # candidate unique pairs for (FF, FR, RF, RR): (3, 244088, 0, 6)
[M::mem_pestat] skip orientation FF as there are not enough pairs
[M::mem_pestat] analyzing insert size distribution for orientation FR...
[M::mem_pestat] (25, 50, 75) percentile: (152, 203, 273)
[M::mem_pestat] low and high boundaries for computing mean and std.dev: (1, 515)
[M::mem_pestat] mean and std.dev: (218.58, 89.23)
[M::mem_pestat] low and high boundaries for proper pairs: (1, 636)
[M::mem_pestat] skip orientation RF as there are not enough pairs
[M::mem_pestat] skip orientation RR as there are not enough pairs
[M::mem_process_seqs] Processed 562414 reads in 77.020 CPU sec, 9.567 real sec
[M::process] read 562970 sequences (80000115 bp)...
[M::mem_pestat] # candidate unique pairs for (FF, FR, RF, RR): (6, 245124, 0, 10)
[M::mem_pestat] skip orientation FF as there are not enough pairs
[M::mem_pestat] analyzing insert size distribution for orientation FR...
[M::mem_pestat] (25, 50, 75) percentile: (150, 199, 266)
[M::mem_pestat] low and high boundaries for computing mean and std.dev: (1, 498)
[M::mem_pestat] mean and std.dev: (213.35, 85.24)
[M::mem_pestat] low and high boundaries for proper pairs: (1, 614)
[M::mem_pestat] skip orientation RF as there are not enough pairs
[M::mem_pestat] analyzing insert size distribution for orientation RR...
[M::mem_pestat] (25, 50, 75) percentile: (114, 152, 262)
[M::mem_pestat] low and high boundaries for computing mean and std.dev: (1, 558)
[M::mem_pestat] mean and std.dev: (185.10, 90.32)
[M::mem_pestat] low and high boundaries for proper pairs: (1, 706)
[M::mem_pestat] skip orientation RR
[M::mem_process_seqs] Processed 564052 reads in 75.797 CPU sec, 9.294 real sec
[M::process] read 563568 sequences (80000299 bp)...
[M::mem_pestat] # candidate unique pairs for (FF, FR, RF, RR): (17, 244643, 1, 10)
[M::mem_pestat] analyzing insert size distribution for orientation FF...
[M::mem_pestat] (25, 50, 75) percentile: (189, 203, 9524)
[M::mem_pestat] low and high boundaries for computing mean and std.dev: (1, 28194)
[M::mem_pestat] mean and std.dev: (2666.71, 3966.20)
[M::mem_pestat] low and high boundaries for proper pairs: (1, 37529)
[M::mem_pestat] analyzing insert size distribution for orientation FR...
[M::mem_pestat] (25, 50, 75) percentile: (151, 201, 268)
[M::mem_pestat] low and high boundaries for computing mean and std.dev: (1, 502)
[M::mem_pestat] mean and std.dev: (215.07, 85.91)
[M::mem_pestat] low and high boundaries for proper pairs: (1, 619)
[M::mem_pestat] skip orientation RF as there are not enough pairs
[M::mem_pestat] analyzing insert size distribution for orientation RR...
[M::mem_pestat] (25, 50, 75) percentile: (167, 336, 2542)
[M::mem_pestat] low and high boundaries for computing mean and std.dev: (1, 7292)
[M::mem_pestat] mean and std.dev: (918.40, 1065.44)
[M::mem_pestat] low and high boundaries for proper pairs: (1, 9667)
[M::mem_pestat] skip orientation FF
[M::mem_pestat] skip orientation RR
[M::mem_process_seqs] Processed 562970 reads in 76.089 CPU sec, 9.468 real sec
[M::process] read 108988 sequences (15450893 bp)...
[M::mem_pestat] # candidate unique pairs for (FF, FR, RF, RR): (13, 244963, 3, 8)
[M::mem_pestat] analyzing insert size distribution for orientation FF...
[M::mem_pestat] (25, 50, 75) percentile: (263, 337, 900)
[M::mem_pestat] low and high boundaries for computing mean and std.dev: (1, 2174)
[M::mem_pestat] mean and std.dev: (403.09, 249.89)
[M::mem_pestat] low and high boundaries for proper pairs: (1, 2811)
[M::mem_pestat] analyzing insert size distribution for orientation FR...
[M::mem_pestat] (25, 50, 75) percentile: (150, 199, 265)
[M::mem_pestat] low and high boundaries for computing mean and std.dev: (1, 495)
[M::mem_pestat] mean and std.dev: (213.03, 84.23)
[M::mem_pestat] low and high boundaries for proper pairs: (1, 610)
[M::mem_pestat] skip orientation RF as there are not enough pairs
[M::mem_pestat] skip orientation RR as there are not enough pairs
[M::mem_pestat] skip orientation FF
[M::mem_process_seqs] Processed 563568 reads in 75.937 CPU sec, 9.536 real sec
[M::mem_pestat] # candidate unique pairs for (FF, FR, RF, RR): (2, 47380, 0, 2)
[M::mem_pestat] skip orientation FF as there are not enough pairs
[M::mem_pestat] analyzing insert size distribution for orientation FR...
[M::mem_pestat] (25, 50, 75) percentile: (150, 198, 264)
[M::mem_pestat] low and high boundaries for computing mean and std.dev: (1, 492)
[M::mem_pestat] mean and std.dev: (213.01, 83.69)
[M::mem_pestat] low and high boundaries for proper pairs: (1, 606)
[M::mem_pestat] skip orientation RF as there are not enough pairs
[M::mem_pestat] skip orientation RR as there are not enough pairs
[M::mem_process_seqs] Processed 108988 reads in 16.976 CPU sec, 2.082 real sec
[main] Version: 0.7.19-r1273
[main] CMD: bwa mem -t 8 -M -R @RG\tID:PBMC\tPL:illumina\tSM:blood\tLB:WES_PBMC /lustre1/share/references/hg38.fa /lustre1/user/bjx131_pkuhpc/wes_run_full_20260920/0_fastq/PBMC_R1.clean.fq.gz /lustre1/user/bjx131_pkuhpc/wes_run_full_20260920/0_fastq/PBMC_R2.clean.fq.gz
[main] Real time: 1785.282 sec; CPU: 13951.604 sec
[bam_sort_core] merging from 1 files and 8 in-memory blocks...
Using GATK jar /lustre1/share/miniconda3/envs/wes/share/gatk4-4.6.2.0-1/gatk-package-4.6.2.0-local.jar
Running:
    java -Dsamjdk.use_async_io_read_samtools=false -Dsamjdk.use_async_io_write_samtools=true -Dsamjdk.use_async_io_write_tribble=false -Dsamjdk.compression_level=2 -Xmx8g -jar /lustre1/share/miniconda3/envs/wes/share/gatk4-4.6.2.0-1/gatk-package-4.6.2.0-local.jar MarkDuplicates -I /lustre1/user/bjx131_pkuhpc/wes_run_full_20260920/1_alignment/PBMC/blood_sorted.bam -O /lustre1/user/bjx131_pkuhpc/wes_run_full_20260920/1_alignment/PBMC/blood_sorted.markdup.bam -M /lustre1/user/bjx131_pkuhpc/wes_run_full_20260920/1_alignment/PBMC/blood_markdup_metrics.txt --CREATE_INDEX true
23:18:23.868 INFO  NativeLibraryLoader - Loading libgkl_compression.so from jar:file:/lustre1/share/miniconda3/envs/wes/share/gatk4-4.6.2.0-1/gatk-package-4.6.2.0-local.jar!/com/intel/gkl/native/libgkl_compression.so
[Sun Sep 20 23:18:23 CST 2026] MarkDuplicates --INPUT /lustre1/user/bjx131_pkuhpc/wes_run_full_20260920/1_alignment/PBMC/blood_sorted.bam --OUTPUT /lustre1/user/bjx131_pkuhpc/wes_run_full_20260920/1_alignment/PBMC/blood_sorted.markdup.bam --METRICS_FILE /lustre1/user/bjx131_pkuhpc/wes_run_full_20260920/1_alignment/PBMC/blood_markdup_metrics.txt --CREATE_INDEX true --MAX_SEQUENCES_FOR_DISK_READ_ENDS_MAP 50000 --MAX_FILE_HANDLES_FOR_READ_ENDS_MAP 8000 --SORTING_COLLECTION_SIZE_RATIO 0.25 --TAG_DUPLICATE_SET_MEMBERS false --REMOVE_SEQUENCING_DUPLICATES false --TAGGING_POLICY DontTag --CLEAR_DT true --DUPLEX_UMI false --FLOW_MODE false --FLOW_DUP_STRATEGY FLOW_QUALITY_SUM_STRATEGY --FLOW_USE_END_IN_UNPAIRED_READS false --FLOW_USE_UNPAIRED_CLIPPED_END false --FLOW_UNPAIRED_END_UNCERTAINTY 0 --FLOW_UNPAIRED_START_UNCERTAINTY 0 --FLOW_SKIP_FIRST_N_FLOWS 0 --FLOW_Q_IS_KNOWN_END false --FLOW_EFFECTIVE_QUALITY_THRESHOLD 15 --ADD_PG_TAG_TO_READS true --REMOVE_DUPLICATES false --ASSUME_SORTED false --DUPLICATE_SCORING_STRATEGY SUM_OF_BASE_QUALITIES --PROGRAM_RECORD_ID MarkDuplicates --PROGRAM_GROUP_NAME MarkDuplicates --READ_NAME_REGEX <optimized capture of last three ':' separated fields as numeric values> --OPTICAL_DUPLICATE_PIXEL_DISTANCE 100 --MAX_OPTICAL_DUPLICATE_SET_SIZE 300000 --VERBOSITY INFO --QUIET false --VALIDATION_STRINGENCY STRICT --COMPRESSION_LEVEL 2 --MAX_RECORDS_IN_RAM 500000 --CREATE_MD5_FILE false --help false --version false --showHidden false --USE_JDK_DEFLATER false --USE_JDK_INFLATER false
[Sun Sep 20 23:18:24 CST 2026] Executing as bjx131_pkuhpc@c06b01n01 on Linux 4.18.0-477.10.1.el8_8.x86_64 amd64; OpenJDK 64-Bit Server VM 17.0.3-internal+0-adhoc..src; Deflater: Intel; Inflater: Intel; Provider GCS is available; Picard version: Version:4.6.2.0
INFO	2026-09-20 23:18:24	MarkDuplicates	Start of doWork freeMemory: 94032848; totalMemory: 125829120; maxMemory: 8589934592
INFO	2026-09-20 23:18:24	MarkDuplicates	Reading input file and constructing read end information.
INFO	2026-09-20 23:18:24	MarkDuplicates	Will retain up to 31122951 data points before spilling to disk.
INFO	2026-09-20 23:18:28	MarkDuplicates	Read     1,000,000 records.  Elapsed time: 00:00:04s.  Time for last 1,000,000:    4s.  Last read position: chr1:12,795,589
INFO	2026-09-20 23:18:28	MarkDuplicates	Tracking 3076 as yet unmatched pairs. 295 records in RAM.
INFO	2026-09-20 23:18:32	MarkDuplicates	Read     2,000,000 records.  Elapsed time: 00:00:07s.  Time for last 1,000,000:    3s.  Last read position: chr1:27,347,791
INFO	2026-09-20 23:18:32	MarkDuplicates	Tracking 6263 as yet unmatched pairs. 434 records in RAM.
INFO	2026-09-20 23:18:35	MarkDuplicates	Read     3,000,000 records.  Elapsed time: 00:00:11s.  Time for last 1,000,000:    3s.  Last read position: chr1:42,767,705
INFO	2026-09-20 23:18:35	MarkDuplicates	Tracking 9328 as yet unmatched pairs. 619 records in RAM.
INFO	2026-09-20 23:18:39	MarkDuplicates	Read     4,000,000 records.  Elapsed time: 00:00:15s.  Time for last 1,000,000:    3s.  Last read position: chr1:66,076,813
INFO	2026-09-20 23:18:39	MarkDuplicates	Tracking 13077 as yet unmatched pairs. 743 records in RAM.
INFO	2026-09-20 23:18:43	MarkDuplicates	Read     5,000,000 records.  Elapsed time: 00:00:19s.  Time for last 1,000,000:    3s.  Last read position: chr1:111,238,776
INFO	2026-09-20 23:18:43	MarkDuplicates	Tracking 18157 as yet unmatched pairs. 822 records in RAM.
INFO	2026-09-20 23:18:46	MarkDuplicates	Read     6,000,000 records.  Elapsed time: 00:00:22s.  Time for last 1,000,000:    3s.  Last read position: chr1:151,895,119
INFO	2026-09-20 23:18:46	MarkDuplicates	Tracking 22376 as yet unmatched pairs. 792 records in RAM.
INFO	2026-09-20 23:18:50	MarkDuplicates	Read     7,000,000 records.  Elapsed time: 00:00:26s.  Time for last 1,000,000:    3s.  Last read position: chr1:161,051,664
INFO	2026-09-20 23:18:50	MarkDuplicates	Tracking 24788 as yet unmatched pairs. 743 records in RAM.
INFO	2026-09-20 23:18:54	MarkDuplicates	Read     8,000,000 records.  Elapsed time: 00:00:29s.  Time for last 1,000,000:    3s.  Last read position: chr1:193,121,644
INFO	2026-09-20 23:18:54	MarkDuplicates	Tracking 28683 as yet unmatched pairs. 552 records in RAM.
INFO	2026-09-20 23:18:57	MarkDuplicates	Read     9,000,000 records.  Elapsed time: 00:00:33s.  Time for last 1,000,000:    3s.  Last read position: chr1:219,609,730
INFO	2026-09-20 23:18:57	MarkDuplicates	Tracking 32074 as yet unmatched pairs. 348 records in RAM.
INFO	2026-09-20 23:19:00	MarkDuplicates	Read    10,000,000 records.  Elapsed time: 00:00:36s.  Time for last 1,000,000:    3s.  Last read position: chr1:248,847,322
INFO	2026-09-20 23:19:00	MarkDuplicates	Tracking 35654 as yet unmatched pairs. 76 records in RAM.
INFO	2026-09-20 23:19:04	MarkDuplicates	Read    11,000,000 records.  Elapsed time: 00:00:40s.  Time for last 1,000,000:    3s.  Last read position: chr10:46,015,522
INFO	2026-09-20 23:19:04	MarkDuplicates	Tracking 40379 as yet unmatched pairs. 1239 records in RAM.
INFO	2026-09-20 23:19:08	MarkDuplicates	Read    12,000,000 records.  Elapsed time: 00:00:43s.  Time for last 1,000,000:    3s.  Last read position: chr10:80,274,654
INFO	2026-09-20 23:19:08	MarkDuplicates	Tracking 44115 as yet unmatched pairs. 908 records in RAM.
INFO	2026-09-20 23:19:11	MarkDuplicates	Read    13,000,000 records.  Elapsed time: 00:00:47s.  Time for last 1,000,000:    3s.  Last read position: chr10:103,090,812
INFO	2026-09-20 23:19:11	MarkDuplicates	Tracking 46976 as yet unmatched pairs. 522 records in RAM.
INFO	2026-09-20 23:19:15	MarkDuplicates	Read    14,000,000 records.  Elapsed time: 00:00:50s.  Time for last 1,000,000:    3s.  Last read position: chr11:233,576
INFO	2026-09-20 23:19:15	MarkDuplicates	Tracking 50525 as yet unmatched pairs. 2716 records in RAM.
INFO	2026-09-20 23:19:18	MarkDuplicates	Read    15,000,000 records.  Elapsed time: 00:00:54s.  Time for last 1,000,000:    3s.  Last read position: chr11:14,968,604
INFO	2026-09-20 23:19:18	MarkDuplicates	Tracking 53050 as yet unmatched pairs. 2446 records in RAM.
INFO	2026-09-20 23:19:22	MarkDuplicates	Read    16,000,000 records.  Elapsed time: 00:00:57s.  Time for last 1,000,000:    3s.  Last read position: chr11:56,015,492
INFO	2026-09-20 23:19:22	MarkDuplicates	Tracking 56604 as yet unmatched pairs. 1924 records in RAM.
INFO	2026-09-20 23:19:26	MarkDuplicates	Read    17,000,000 records.  Elapsed time: 00:01:02s.  Time for last 1,000,000:    4s.  Last read position: chr11:65,295,824
INFO	2026-09-20 23:19:26	MarkDuplicates	Tracking 58595 as yet unmatched pairs. 1632 records in RAM.
INFO	2026-09-20 23:19:30	MarkDuplicates	Read    18,000,000 records.  Elapsed time: 00:01:05s.  Time for last 1,000,000:    3s.  Last read position: chr11:75,423,798
INFO	2026-09-20 23:19:30	MarkDuplicates	Tracking 60526 as yet unmatched pairs. 1302 records in RAM.
INFO	2026-09-20 23:19:33	MarkDuplicates	Read    19,000,000 records.  Elapsed time: 00:01:09s.  Time for last 1,000,000:    3s.  Last read position: chr11:117,187,376
INFO	2026-09-20 23:19:33	MarkDuplicates	Tracking 64160 as yet unmatched pairs. 571 records in RAM.
INFO	2026-09-20 23:19:37	MarkDuplicates	Read    20,000,000 records.  Elapsed time: 00:01:12s.  Time for last 1,000,000:    3s.  Last read position: chr12:1,968,455
INFO	2026-09-20 23:19:37	MarkDuplicates	Tracking 66364 as yet unmatched pairs. 3612 records in RAM.
INFO	2026-09-20 23:19:40	MarkDuplicates	Read    21,000,000 records.  Elapsed time: 00:01:16s.  Time for last 1,000,000:    3s.  Last read position: chr12:29,445,319
INFO	2026-09-20 23:19:40	MarkDuplicates	Tracking 68882 as yet unmatched pairs. 3088 records in RAM.
INFO	2026-09-20 23:19:44	MarkDuplicates	Read    22,000,000 records.  Elapsed time: 00:01:19s.  Time for last 1,000,000:    3s.  Last read position: chr12:53,019,996
INFO	2026-09-20 23:19:44	MarkDuplicates	Tracking 71283 as yet unmatched pairs. 2393 records in RAM.
INFO	2026-09-20 23:19:47	MarkDuplicates	Read    23,000,000 records.  Elapsed time: 00:01:23s.  Time for last 1,000,000:    3s.  Last read position: chr12:70,562,826
INFO	2026-09-20 23:19:47	MarkDuplicates	Tracking 73530 as yet unmatched pairs. 1899 records in RAM.
INFO	2026-09-20 23:19:51	MarkDuplicates	Read    24,000,000 records.  Elapsed time: 00:01:26s.  Time for last 1,000,000:    3s.  Last read position: chr12:110,530,435
INFO	2026-09-20 23:19:51	MarkDuplicates	Tracking 76256 as yet unmatched pairs. 825 records in RAM.
INFO	2026-09-20 23:19:54	MarkDuplicates	Read    25,000,000 records.  Elapsed time: 00:01:30s.  Time for last 1,000,000:    3s.  Last read position: chr12:131,911,911
INFO	2026-09-20 23:19:54	MarkDuplicates	Tracking 78484 as yet unmatched pairs. 115 records in RAM.
INFO	2026-09-20 23:19:58	MarkDuplicates	Read    26,000,000 records.  Elapsed time: 00:01:33s.  Time for last 1,000,000:    3s.  Last read position: chr13:51,347,106
INFO	2026-09-20 23:19:58	MarkDuplicates	Tracking 81337 as yet unmatched pairs. 1560 records in RAM.
INFO	2026-09-20 23:20:02	MarkDuplicates	Read    27,000,000 records.  Elapsed time: 00:01:37s.  Time for last 1,000,000:    3s.  Last read position: chr14:21,325,996
INFO	2026-09-20 23:20:02	MarkDuplicates	Tracking 84902 as yet unmatched pairs. 3143 records in RAM.
INFO	2026-09-20 23:20:05	MarkDuplicates	Read    28,000,000 records.  Elapsed time: 00:01:41s.  Time for last 1,000,000:    3s.  Last read position: chr14:56,609,183
INFO	2026-09-20 23:20:05	MarkDuplicates	Tracking 87085 as yet unmatched pairs. 1963 records in RAM.
INFO	2026-09-20 23:20:09	MarkDuplicates	Read    29,000,000 records.  Elapsed time: 00:01:44s.  Time for last 1,000,000:    3s.  Last read position: chr14:81,504,125
INFO	2026-09-20 23:20:09	MarkDuplicates	Tracking 88997 as yet unmatched pairs. 1039 records in RAM.
INFO	2026-09-20 23:20:12	MarkDuplicates	Read    30,000,000 records.  Elapsed time: 00:01:48s.  Time for last 1,000,000:    3s.  Last read position: chr15:23,131,200
INFO	2026-09-20 23:20:12	MarkDuplicates	Tracking 91339 as yet unmatched pairs. 3431 records in RAM.
INFO	2026-09-20 23:20:16	MarkDuplicates	Read    31,000,000 records.  Elapsed time: 00:01:52s.  Time for last 1,000,000:    3s.  Last read position: chr15:43,874,502
INFO	2026-09-20 23:20:16	MarkDuplicates	Tracking 93108 as yet unmatched pairs. 2576 records in RAM.
INFO	2026-09-20 23:20:35	MarkDuplicates	Read    32,000,000 records.  Elapsed time: 00:02:11s.  Time for last 1,000,000:   19s.  Last read position: chr15:69,391,411
INFO	2026-09-20 23:20:35	MarkDuplicates	Tracking 94875 as yet unmatched pairs. 1567 records in RAM.
INFO	2026-09-20 23:20:38	MarkDuplicates	Read    33,000,000 records.  Elapsed time: 00:02:14s.  Time for last 1,000,000:    3s.  Last read position: chr15:89,690,564
INFO	2026-09-20 23:20:38	MarkDuplicates	Tracking 96370 as yet unmatched pairs. 513 records in RAM.
INFO	2026-09-20 23:20:42	MarkDuplicates	Read    34,000,000 records.  Elapsed time: 00:02:18s.  Time for last 1,000,000:    3s.  Last read position: chr16:2,530,904
INFO	2026-09-20 23:20:42	MarkDuplicates	Tracking 97652 as yet unmatched pairs. 4388 records in RAM.
INFO	2026-09-20 23:20:46	MarkDuplicates	Read    35,000,000 records.  Elapsed time: 00:02:21s.  Time for last 1,000,000:    3s.  Last read position: chr16:23,710,230
INFO	2026-09-20 23:20:46	MarkDuplicates	Tracking 99211 as yet unmatched pairs. 3474 records in RAM.
INFO	2026-09-20 23:20:49	MarkDuplicates	Read    36,000,000 records.  Elapsed time: 00:02:25s.  Time for last 1,000,000:    3s.  Last read position: chr16:52,439,701
INFO	2026-09-20 23:20:49	MarkDuplicates	Tracking 100793 as yet unmatched pairs. 2233 records in RAM.
INFO	2026-09-20 23:20:52	MarkDuplicates	Read    37,000,000 records.  Elapsed time: 00:02:28s.  Time for last 1,000,000:    3s.  Last read position: chr16:71,025,354
INFO	2026-09-20 23:20:52	MarkDuplicates	Tracking 102003 as yet unmatched pairs. 1115 records in RAM.
INFO	2026-09-20 23:20:56	MarkDuplicates	Read    38,000,000 records.  Elapsed time: 00:02:32s.  Time for last 1,000,000:    3s.  Last read position: chr17:1,728,380
INFO	2026-09-20 23:20:56	MarkDuplicates	Tracking 103178 as yet unmatched pairs. 5820 records in RAM.
INFO	2026-09-20 23:21:00	MarkDuplicates	Read    39,000,000 records.  Elapsed time: 00:02:35s.  Time for last 1,000,000:    3s.  Last read position: chr17:9,969,244
INFO	2026-09-20 23:21:00	MarkDuplicates	Tracking 104159 as yet unmatched pairs. 5046 records in RAM.
INFO	2026-09-20 23:21:03	MarkDuplicates	Read    40,000,000 records.  Elapsed time: 00:02:39s.  Time for last 1,000,000:    3s.  Last read position: chr17:29,695,416
INFO	2026-09-20 23:21:03	MarkDuplicates	Tracking 105478 as yet unmatched pairs. 3964 records in RAM.
INFO	2026-09-20 23:21:07	MarkDuplicates	Read    41,000,000 records.  Elapsed time: 00:02:42s.  Time for last 1,000,000:    3s.  Last read position: chr17:43,104,829
INFO	2026-09-20 23:21:07	MarkDuplicates	Tracking 106640 as yet unmatched pairs. 3014 records in RAM.
INFO	2026-09-20 23:21:10	MarkDuplicates	Read    42,000,000 records.  Elapsed time: 00:02:46s.  Time for last 1,000,000:    3s.  Last read position: chr17:59,388,550
INFO	2026-09-20 23:21:10	MarkDuplicates	Tracking 107623 as yet unmatched pairs. 1888 records in RAM.
INFO	2026-09-20 23:21:14	MarkDuplicates	Read    43,000,000 records.  Elapsed time: 00:02:50s.  Time for last 1,000,000:    3s.  Last read position: chr17:76,173,709
INFO	2026-09-20 23:21:14	MarkDuplicates	Tracking 108598 as yet unmatched pairs. 783 records in RAM.
INFO	2026-09-20 23:21:17	MarkDuplicates	Read    44,000,000 records.  Elapsed time: 00:02:53s.  Time for last 1,000,000:    3s.  Last read position: chr18:11,148,353
INFO	2026-09-20 23:21:17	MarkDuplicates	Tracking 109850 as yet unmatched pairs. 2945 records in RAM.
INFO	2026-09-20 23:21:21	MarkDuplicates	Read    45,000,000 records.  Elapsed time: 00:02:57s.  Time for last 1,000,000:    3s.  Last read position: chr18:63,720,025
INFO	2026-09-20 23:21:21	MarkDuplicates	Tracking 111080 as yet unmatched pairs. 720 records in RAM.
INFO	2026-09-20 23:21:24	MarkDuplicates	Read    46,000,000 records.  Elapsed time: 00:03:00s.  Time for last 1,000,000:    3s.  Last read position: chr19:5,150,024
INFO	2026-09-20 23:21:24	MarkDuplicates	Tracking 111786 as yet unmatched pairs. 5802 records in RAM.
INFO	2026-09-20 23:21:28	MarkDuplicates	Read    47,000,000 records.  Elapsed time: 00:03:04s.  Time for last 1,000,000:    3s.  Last read position: chr19:12,133,301
INFO	2026-09-20 23:21:28	MarkDuplicates	Tracking 112462 as yet unmatched pairs. 4901 records in RAM.
INFO	2026-09-20 23:21:31	MarkDuplicates	Read    48,000,000 records.  Elapsed time: 00:03:07s.  Time for last 1,000,000:    3s.  Last read position: chr19:19,270,304
INFO	2026-09-20 23:21:31	MarkDuplicates	Tracking 113164 as yet unmatched pairs. 3976 records in RAM.
INFO	2026-09-20 23:21:35	MarkDuplicates	Read    49,000,000 records.  Elapsed time: 00:03:10s.  Time for last 1,000,000:    3s.  Last read position: chr19:40,395,321
INFO	2026-09-20 23:21:35	MarkDuplicates	Tracking 113877 as yet unmatched pairs. 2495 records in RAM.
INFO	2026-09-20 23:21:38	MarkDuplicates	Read    50,000,000 records.  Elapsed time: 00:03:14s.  Time for last 1,000,000:    3s.  Last read position: chr19:48,279,702
INFO	2026-09-20 23:21:38	MarkDuplicates	Tracking 114415 as yet unmatched pairs. 1433 records in RAM.
INFO	2026-09-20 23:21:42	MarkDuplicates	Read    51,000,000 records.  Elapsed time: 00:03:17s.  Time for last 1,000,000:    3s.  Last read position: chr19:55,483,799
INFO	2026-09-20 23:21:42	MarkDuplicates	Tracking 115088 as yet unmatched pairs. 528 records in RAM.
INFO	2026-09-20 23:21:46	MarkDuplicates	Read    52,000,000 records.  Elapsed time: 00:03:21s.  Time for last 1,000,000:    4s.  Last read position: chr2:26,310,792
INFO	2026-09-20 23:21:46	MarkDuplicates	Tracking 115587 as yet unmatched pairs. 20153 records in RAM.
INFO	2026-09-20 23:21:49	MarkDuplicates	Read    53,000,000 records.  Elapsed time: 00:03:25s.  Time for last 1,000,000:    3s.  Last read position: chr2:55,181,676
INFO	2026-09-20 23:21:49	MarkDuplicates	Tracking 116142 as yet unmatched pairs. 12268 records in RAM.
INFO	2026-09-20 23:21:53	MarkDuplicates	Read    54,000,000 records.  Elapsed time: 00:03:28s.  Time for last 1,000,000:    3s.  Last read position: chr2:95,798,678
INFO	2026-09-20 23:21:53	MarkDuplicates	Tracking 116385 as yet unmatched pairs. 10093 records in RAM.
INFO	2026-09-20 23:21:56	MarkDuplicates	Read    55,000,000 records.  Elapsed time: 00:03:32s.  Time for last 1,000,000:    3s.  Last read position: chr2:130,500,510
INFO	2026-09-20 23:21:56	MarkDuplicates	Tracking 116293 as yet unmatched pairs. 7974 records in RAM.
INFO	2026-09-20 23:21:59	MarkDuplicates	Read    56,000,000 records.  Elapsed time: 00:03:35s.  Time for last 1,000,000:    3s.  Last read position: chr2:177,550,717
INFO	2026-09-20 23:21:59	MarkDuplicates	Tracking 116138 as yet unmatched pairs. 5250 records in RAM.
INFO	2026-09-20 23:22:03	MarkDuplicates	Read    57,000,000 records.  Elapsed time: 00:03:39s.  Time for last 1,000,000:    3s.  Last read position: chr2:209,959,683
INFO	2026-09-20 23:22:03	MarkDuplicates	Tracking 115900 as yet unmatched pairs. 2868 records in RAM.
INFO	2026-09-20 23:22:06	MarkDuplicates	Read    58,000,000 records.  Elapsed time: 00:03:42s.  Time for last 1,000,000:    3s.  Last read position: chr2:233,807,266
INFO	2026-09-20 23:22:06	MarkDuplicates	Tracking 115695 as yet unmatched pairs. 820 records in RAM.
INFO	2026-09-20 23:22:10	MarkDuplicates	Read    59,000,000 records.  Elapsed time: 00:03:46s.  Time for last 1,000,000:    3s.  Last read position: chr20:17,605,113
INFO	2026-09-20 23:22:10	MarkDuplicates	Tracking 115493 as yet unmatched pairs. 4470 records in RAM.
INFO	2026-09-20 23:22:13	MarkDuplicates	Read    60,000,000 records.  Elapsed time: 00:03:49s.  Time for last 1,000,000:    3s.  Last read position: chr20:41,489,546
INFO	2026-09-20 23:22:13	MarkDuplicates	Tracking 115232 as yet unmatched pairs. 2250 records in RAM.
INFO	2026-09-20 23:22:17	MarkDuplicates	Read    61,000,000 records.  Elapsed time: 00:03:52s.  Time for last 1,000,000:    3s.  Last read position: chr20:63,546,868
INFO	2026-09-20 23:22:17	MarkDuplicates	Tracking 114735 as yet unmatched pairs. 184 records in RAM.
INFO	2026-09-20 23:22:20	MarkDuplicates	Read    62,000,000 records.  Elapsed time: 00:03:56s.  Time for last 1,000,000:    3s.  Last read position: chr21:44,722,834
INFO	2026-09-20 23:22:20	MarkDuplicates	Tracking 114130 as yet unmatched pairs. 277 records in RAM.
INFO	2026-09-20 23:23:00	MarkDuplicates	Read    63,000,000 records.  Elapsed time: 00:04:36s.  Time for last 1,000,000:   39s.  Last read position: chr22:26,506,856
INFO	2026-09-20 23:23:00	MarkDuplicates	Tracking 113680 as yet unmatched pairs. 3096 records in RAM.
INFO	2026-09-20 23:23:03	MarkDuplicates	Read    64,000,000 records.  Elapsed time: 00:04:39s.  Time for last 1,000,000:    3s.  Last read position: chr22:41,230,095
INFO	2026-09-20 23:23:03	MarkDuplicates	Tracking 113083 as yet unmatched pairs. 1217 records in RAM.
INFO	2026-09-20 23:23:07	MarkDuplicates	Read    65,000,000 records.  Elapsed time: 00:04:43s.  Time for last 1,000,000:    3s.  Last read position: chr3:10,925,881
INFO	2026-09-20 23:23:07	MarkDuplicates	Tracking 112427 as yet unmatched pairs. 14746 records in RAM.
INFO	2026-09-20 23:23:11	MarkDuplicates	Read    66,000,000 records.  Elapsed time: 00:04:46s.  Time for last 1,000,000:    3s.  Last read position: chr3:45,458,646
INFO	2026-09-20 23:23:11	MarkDuplicates	Tracking 111571 as yet unmatched pairs. 12332 records in RAM.
INFO	2026-09-20 23:23:14	MarkDuplicates	Read    67,000,000 records.  Elapsed time: 00:04:50s.  Time for last 1,000,000:    3s.  Last read position: chr3:52,413,957
INFO	2026-09-20 23:23:14	MarkDuplicates	Tracking 111118 as yet unmatched pairs. 10938 records in RAM.
INFO	2026-09-20 23:23:18	MarkDuplicates	Read    68,000,000 records.  Elapsed time: 00:04:53s.  Time for last 1,000,000:    3s.  Last read position: chr3:111,885,140
INFO	2026-09-20 23:23:18	MarkDuplicates	Tracking 109609 as yet unmatched pairs. 7135 records in RAM.
INFO	2026-09-20 23:23:21	MarkDuplicates	Read    69,000,000 records.  Elapsed time: 00:04:57s.  Time for last 1,000,000:    3s.  Last read position: chr3:136,102,048
INFO	2026-09-20 23:23:21	MarkDuplicates	Tracking 108639 as yet unmatched pairs. 4750 records in RAM.
INFO	2026-09-20 23:23:25	MarkDuplicates	Read    70,000,000 records.  Elapsed time: 00:05:00s.  Time for last 1,000,000:    3s.  Last read position: chr3:184,358,111
INFO	2026-09-20 23:23:25	MarkDuplicates	Tracking 107016 as yet unmatched pairs. 1252 records in RAM.
INFO	2026-09-20 23:23:28	MarkDuplicates	Read    71,000,000 records.  Elapsed time: 00:05:04s.  Time for last 1,000,000:    3s.  Last read position: chr4:8,607,234
INFO	2026-09-20 23:23:28	MarkDuplicates	Tracking 106132 as yet unmatched pairs. 13260 records in RAM.
INFO	2026-09-20 23:23:32	MarkDuplicates	Read    72,000,000 records.  Elapsed time: 00:05:07s.  Time for last 1,000,000:    3s.  Last read position: chr4:70,606,430
INFO	2026-09-20 23:23:32	MarkDuplicates	Tracking 103974 as yet unmatched pairs. 8813 records in RAM.
INFO	2026-09-20 23:23:35	MarkDuplicates	Read    73,000,000 records.  Elapsed time: 00:05:11s.  Time for last 1,000,000:    3s.  Last read position: chr4:118,513,402
INFO	2026-09-20 23:23:35	MarkDuplicates	Tracking 101896 as yet unmatched pairs. 5013 records in RAM.
INFO	2026-09-20 23:23:39	MarkDuplicates	Read    74,000,000 records.  Elapsed time: 00:05:14s.  Time for last 1,000,000:    3s.  Last read position: chr4:185,996,350
INFO	2026-09-20 23:23:39	MarkDuplicates	Tracking 99315 as yet unmatched pairs. 313 records in RAM.
INFO	2026-09-20 23:23:42	MarkDuplicates	Read    75,000,000 records.  Elapsed time: 00:05:18s.  Time for last 1,000,000:    3s.  Last read position: chr5:55,270,607
INFO	2026-09-20 23:23:42	MarkDuplicates	Tracking 96637 as yet unmatched pairs. 11799 records in RAM.
INFO	2026-09-20 23:23:46	MarkDuplicates	Read    76,000,000 records.  Elapsed time: 00:05:22s.  Time for last 1,000,000:    3s.  Last read position: chr5:114,363,010
INFO	2026-09-20 23:23:46	MarkDuplicates	Tracking 93822 as yet unmatched pairs. 7292 records in RAM.
INFO	2026-09-20 23:23:49	MarkDuplicates	Read    77,000,000 records.  Elapsed time: 00:05:25s.  Time for last 1,000,000:    3s.  Last read position: chr5:143,207,399
INFO	2026-09-20 23:23:49	MarkDuplicates	Tracking 91851 as yet unmatched pairs. 4224 records in RAM.
INFO	2026-09-20 23:23:53	MarkDuplicates	Read    78,000,000 records.  Elapsed time: 00:05:28s.  Time for last 1,000,000:    3s.  Last read position: chr5:177,022,627
INFO	2026-09-20 23:23:53	MarkDuplicates	Tracking 89607 as yet unmatched pairs. 849 records in RAM.
INFO	2026-09-20 23:23:57	MarkDuplicates	Read    79,000,000 records.  Elapsed time: 00:05:32s.  Time for last 1,000,000:    3s.  Last read position: chr6:28,244,967
INFO	2026-09-20 23:23:57	MarkDuplicates	Tracking 87438 as yet unmatched pairs. 13184 records in RAM.
INFO	2026-09-20 23:24:00	MarkDuplicates	Read    80,000,000 records.  Elapsed time: 00:05:36s.  Time for last 1,000,000:    3s.  Last read position: chr6:44,265,203
INFO	2026-09-20 23:24:00	MarkDuplicates	Tracking 86300 as yet unmatched pairs. 11163 records in RAM.
INFO	2026-09-20 23:24:03	MarkDuplicates	Read    81,000,000 records.  Elapsed time: 00:05:39s.  Time for last 1,000,000:    3s.  Last read position: chr6:104,939,968
INFO	2026-09-20 23:24:03	MarkDuplicates	Tracking 82801 as yet unmatched pairs. 6292 records in RAM.
INFO	2026-09-20 23:24:07	MarkDuplicates	Read    82,000,000 records.  Elapsed time: 00:05:43s.  Time for last 1,000,000:    3s.  Last read position: chr6:149,918,167
INFO	2026-09-20 23:24:07	MarkDuplicates	Tracking 79810 as yet unmatched pairs. 2163 records in RAM.
INFO	2026-09-20 23:24:11	MarkDuplicates	Read    83,000,000 records.  Elapsed time: 00:05:46s.  Time for last 1,000,000:    3s.  Last read position: chr7:6,425,889
INFO	2026-09-20 23:24:11	MarkDuplicates	Tracking 77682 as yet unmatched pairs. 16301 records in RAM.
INFO	2026-09-20 23:24:14	MarkDuplicates	Read    84,000,000 records.  Elapsed time: 00:05:50s.  Time for last 1,000,000:    3s.  Last read position: chr7:47,839,389
INFO	2026-09-20 23:24:14	MarkDuplicates	Tracking 74471 as yet unmatched pairs. 12311 records in RAM.
INFO	2026-09-20 23:24:18	MarkDuplicates	Read    85,000,000 records.  Elapsed time: 00:05:53s.  Time for last 1,000,000:    3s.  Last read position: chr7:94,427,283
INFO	2026-09-20 23:24:18	MarkDuplicates	Tracking 70982 as yet unmatched pairs. 7977 records in RAM.
INFO	2026-09-20 23:24:21	MarkDuplicates	Read    86,000,000 records.  Elapsed time: 00:05:57s.  Time for last 1,000,000:    3s.  Last read position: chr7:117,594,905
INFO	2026-09-20 23:24:21	MarkDuplicates	Tracking 68566 as yet unmatched pairs. 4954 records in RAM.
INFO	2026-09-20 23:24:25	MarkDuplicates	Read    87,000,000 records.  Elapsed time: 00:06:00s.  Time for last 1,000,000:    3s.  Last read position: chr7:149,797,243
INFO	2026-09-20 23:24:25	MarkDuplicates	Tracking 65714 as yet unmatched pairs. 1306 records in RAM.
INFO	2026-09-20 23:24:28	MarkDuplicates	Read    88,000,000 records.  Elapsed time: 00:06:04s.  Time for last 1,000,000:    3s.  Last read position: chr8:25,411,147
INFO	2026-09-20 23:24:28	MarkDuplicates	Tracking 62967 as yet unmatched pairs. 12277 records in RAM.
INFO	2026-09-20 23:24:32	MarkDuplicates	Read    89,000,000 records.  Elapsed time: 00:06:08s.  Time for last 1,000,000:    3s.  Last read position: chr8:72,937,540
INFO	2026-09-20 23:24:32	MarkDuplicates	Tracking 58936 as yet unmatched pairs. 7648 records in RAM.
INFO	2026-09-20 23:24:35	MarkDuplicates	Read    90,000,000 records.  Elapsed time: 00:06:11s.  Time for last 1,000,000:    3s.  Last read position: chr8:131,904,458
INFO	2026-09-20 23:24:35	MarkDuplicates	Tracking 54045 as yet unmatched pairs. 2046 records in RAM.
INFO	2026-09-20 23:24:39	MarkDuplicates	Read    91,000,000 records.  Elapsed time: 00:06:15s.  Time for last 1,000,000:    3s.  Last read position: chr9:19,120,913
INFO	2026-09-20 23:24:39	MarkDuplicates	Tracking 50841 as yet unmatched pairs. 13727 records in RAM.
INFO	2026-09-20 23:24:43	MarkDuplicates	Read    92,000,000 records.  Elapsed time: 00:06:18s.  Time for last 1,000,000:    3s.  Last read position: chr9:81,932,038
INFO	2026-09-20 23:24:43	MarkDuplicates	Tracking 46366 as yet unmatched pairs. 8847 records in RAM.
INFO	2026-09-20 23:24:46	MarkDuplicates	Read    93,000,000 records.  Elapsed time: 00:06:22s.  Time for last 1,000,000:    3s.  Last read position: chr9:114,047,820
INFO	2026-09-20 23:24:46	MarkDuplicates	Tracking 42820 as yet unmatched pairs. 4935 records in RAM.
INFO	2026-09-20 23:25:04	MarkDuplicates	Read    94,000,000 records.  Elapsed time: 00:06:40s.  Time for last 1,000,000:   18s.  Last read position: chr9:131,032,092
INFO	2026-09-20 23:25:04	MarkDuplicates	Tracking 40154 as yet unmatched pairs. 2021 records in RAM.
INFO	2026-09-20 23:25:08	MarkDuplicates	Read    95,000,000 records.  Elapsed time: 00:06:43s.  Time for last 1,000,000:    3s.  Last read position: chr5_KI270791v1_alt:26,478
INFO	2026-09-20 23:25:08	MarkDuplicates	Tracking 37524 as yet unmatched pairs. 50 records in RAM.
INFO	2026-09-20 23:25:12	MarkDuplicates	Read    96,000,000 records.  Elapsed time: 00:06:47s.  Time for last 1,000,000:    3s.  Last read position: chr21_KI270872v1_alt:14,353
INFO	2026-09-20 23:25:12	MarkDuplicates	Tracking 34048 as yet unmatched pairs. 26 records in RAM.
INFO	2026-09-20 23:25:16	MarkDuplicates	Read    97,000,000 records.  Elapsed time: 00:06:51s.  Time for last 1,000,000:    3s.  Last read position: chr6_GL000256v2_alt:4,881,450
INFO	2026-09-20 23:25:16	MarkDuplicates	Tracking 31205 as yet unmatched pairs. 34 records in RAM.
INFO	2026-09-20 23:25:20	MarkDuplicates	Read    98,000,000 records.  Elapsed time: 00:06:56s.  Time for last 1,000,000:    4s.  Last read position: chrX:43,743,695
INFO	2026-09-20 23:25:20	MarkDuplicates	Tracking 25142 as yet unmatched pairs. 13254 records in RAM.
INFO	2026-09-20 23:25:23	MarkDuplicates	Read    99,000,000 records.  Elapsed time: 00:06:59s.  Time for last 1,000,000:    3s.  Last read position: chrX:71,246,058
INFO	2026-09-20 23:25:23	MarkDuplicates	Tracking 21456 as yet unmatched pairs. 9451 records in RAM.
INFO	2026-09-20 23:25:27	MarkDuplicates	Read   100,000,000 records.  Elapsed time: 00:07:03s.  Time for last 1,000,000:    3s.  Last read position: chrX:119,943,478
INFO	2026-09-20 23:25:27	MarkDuplicates	Tracking 16578 as yet unmatched pairs. 4453 records in RAM.
INFO	2026-09-20 23:25:30	MarkDuplicates	Read   101,000,000 records.  Elapsed time: 00:07:06s.  Time for last 1,000,000:    3s.  Last read position: chrX:155,228,341
INFO	2026-09-20 23:25:30	MarkDuplicates	Tracking 12373 as yet unmatched pairs. 127 records in RAM.
INFO	2026-09-20 23:25:34	MarkDuplicates	Read   102,000,000 records.  Elapsed time: 00:07:10s.  Time for last 1,000,000:    4s.  Last read position: chr17_KV766198v1_alt:261,127
INFO	2026-09-20 23:25:34	MarkDuplicates	Tracking 7069 as yet unmatched pairs. 48 records in RAM.
INFO	2026-09-20 23:25:38	MarkDuplicates	Read   103,000,000 records.  Elapsed time: 00:07:14s.  Time for last 1,000,000:    4s.  Last read position: chr11_KQ759759v2_fix:82,452
INFO	2026-09-20 23:25:38	MarkDuplicates	Tracking 1783 as yet unmatched pairs. 54 records in RAM.
INFO	2026-09-20 23:25:40	MarkDuplicates	Read 103454810 records. 0 pairs never matched.
INFO	2026-09-20 23:26:00	MarkDuplicates	After buildSortedReadEndLists freeMemory: 247412616; totalMemory: 281018368; maxMemory: 8589934592
INFO	2026-09-20 23:26:00	MarkDuplicates	Will retain up to 268435456 duplicate indices before spilling to disk.
INFO	2026-09-20 23:26:01	MarkDuplicates	Traversing read pair information and detecting duplicates.
WARNING	2026-09-20 23:26:01	SortingCollection	There is not enough memory per file for buffering. Reading will be unbuffered.
INFO	2026-09-20 23:26:20	MarkDuplicates	Traversing fragment information and detecting duplicates.
INFO	2026-09-20 23:26:49	MarkDuplicates	Sorting list of duplicate records.
INFO	2026-09-20 23:26:49	MarkDuplicates	After generateDuplicateIndexes freeMemory: 1564659920; totalMemory: 3749707776; maxMemory: 8589934592
INFO	2026-09-20 23:26:49	MarkDuplicates	Marking 11124881 records as duplicates.
INFO	2026-09-20 23:26:49	MarkDuplicates	Found 3192510 optical duplicate clusters.
INFO	2026-09-20 23:26:49	MarkDuplicates	Reads are assumed to be ordered by: coordinate
INFO	2026-09-20 23:27:22	MarkDuplicates	Written    10,000,000 records.  Elapsed time: 00:00:32s.  Time for last 10,000,000:   32s.  Last read position: chr1:248,847,322
INFO	2026-09-20 23:27:54	MarkDuplicates	Written    20,000,000 records.  Elapsed time: 00:01:04s.  Time for last 10,000,000:   31s.  Last read position: chr12:1,968,455
INFO	2026-09-20 23:28:26	MarkDuplicates	Written    30,000,000 records.  Elapsed time: 00:01:36s.  Time for last 10,000,000:   31s.  Last read position: chr15:23,131,200
INFO	2026-09-20 23:28:58	MarkDuplicates	Written    40,000,000 records.  Elapsed time: 00:02:08s.  Time for last 10,000,000:   31s.  Last read position: chr17:29,695,416
INFO	2026-09-20 23:29:29	MarkDuplicates	Written    50,000,000 records.  Elapsed time: 00:02:39s.  Time for last 10,000,000:   31s.  Last read position: chr19:48,279,702
INFO	2026-09-20 23:30:01	MarkDuplicates	Written    60,000,000 records.  Elapsed time: 00:03:11s.  Time for last 10,000,000:   31s.  Last read position: chr20:41,489,546
INFO	2026-09-20 23:30:33	MarkDuplicates	Written    70,000,000 records.  Elapsed time: 00:03:43s.  Time for last 10,000,000:   31s.  Last read position: chr3:184,358,111
INFO	2026-09-20 23:31:05	MarkDuplicates	Written    80,000,000 records.  Elapsed time: 00:04:15s.  Time for last 10,000,000:   32s.  Last read position: chr6:44,265,203
INFO	2026-09-20 23:31:37	MarkDuplicates	Written    90,000,000 records.  Elapsed time: 00:04:47s.  Time for last 10,000,000:   31s.  Last read position: chr8:131,904,458
INFO	2026-09-20 23:32:09	MarkDuplicates	Written   100,000,000 records.  Elapsed time: 00:05:19s.  Time for last 10,000,000:   32s.  Last read position: chrX:119,943,478
INFO	2026-09-20 23:32:21	MarkDuplicates	Writing complete. Closing input iterator.
INFO	2026-09-20 23:32:21	MarkDuplicates	Duplicate Index cleanup.
INFO	2026-09-20 23:32:21	MarkDuplicates	Getting Memory Stats.
INFO	2026-09-20 23:32:21	MarkDuplicates	Before output close freeMemory: 243872016; totalMemory: 281018368; maxMemory: 8589934592
INFO	2026-09-20 23:32:21	MarkDuplicates	Closed outputs. Getting more Memory Stats.
INFO	2026-09-20 23:32:21	MarkDuplicates	After output close freeMemory: 150738000; totalMemory: 184549376; maxMemory: 8589934592
[Sun Sep 20 23:32:21 CST 2026] picard.sam.markduplicates.MarkDuplicates done. Elapsed time: 13.95 minutes.
Runtime.totalMemory()=184549376
Using GATK jar /lustre1/share/miniconda3/envs/wes/share/gatk4-4.6.2.0-1/gatk-package-4.6.2.0-local.jar
Running:
    java -Dsamjdk.use_async_io_read_samtools=false -Dsamjdk.use_async_io_write_samtools=true -Dsamjdk.use_async_io_write_tribble=false -Dsamjdk.compression_level=2 -Xmx20g -XX:ParallelGCThreads=4 -jar /lustre1/share/miniconda3/envs/wes/share/gatk4-4.6.2.0-1/gatk-package-4.6.2.0-local.jar BaseRecalibrator -R /lustre1/share/references/hg38.fa -I /lustre1/user/bjx131_pkuhpc/wes_run_full_20260920/1_alignment/PBMC/blood_sorted.markdup.bam --known-sites /lustre1/share/references/dbsnp_138.hg38.vcf --known-sites /lustre1/share/references/Mills_and_1000G_gold_standard.indels.hg38.vcf --known-sites /lustre1/share/references/1000G_phase1.snps.high_confidence.hg38.vcf -O /lustre1/user/bjx131_pkuhpc/wes_run_full_20260920/1_alignment/PBMC/blood.recal_data.table
23:32:23.333 INFO  NativeLibraryLoader - Loading libgkl_compression.so from jar:file:/lustre1/share/miniconda3/envs/wes/share/gatk4-4.6.2.0-1/gatk-package-4.6.2.0-local.jar!/com/intel/gkl/native/libgkl_compression.so
23:32:23.519 INFO  BaseRecalibrator - ------------------------------------------------------------
23:32:23.522 INFO  BaseRecalibrator - The Genome Analysis Toolkit (GATK) v4.6.2.0
23:32:23.522 INFO  BaseRecalibrator - For support and documentation go to https://software.broadinstitute.org/gatk/
23:32:23.523 INFO  BaseRecalibrator - Executing as bjx131_pkuhpc@c06b01n01 on Linux v4.18.0-477.10.1.el8_8.x86_64 amd64
23:32:23.523 INFO  BaseRecalibrator - Java runtime: OpenJDK 64-Bit Server VM v17.0.3-internal+0-adhoc..src
23:32:23.523 INFO  BaseRecalibrator - Start Date/Time: September 20, 2026 at 11:32:23 PM CST
23:32:23.523 INFO  BaseRecalibrator - ------------------------------------------------------------
23:32:23.523 INFO  BaseRecalibrator - ------------------------------------------------------------
23:32:23.524 INFO  BaseRecalibrator - HTSJDK Version: 4.2.0
23:32:23.525 INFO  BaseRecalibrator - Picard Version: 3.4.0
23:32:23.525 INFO  BaseRecalibrator - Built for Spark Version: 3.5.0
23:32:23.528 INFO  BaseRecalibrator - HTSJDK Defaults.COMPRESSION_LEVEL : 2
23:32:23.528 INFO  BaseRecalibrator - HTSJDK Defaults.USE_ASYNC_IO_READ_FOR_SAMTOOLS : false
23:32:23.529 INFO  BaseRecalibrator - HTSJDK Defaults.USE_ASYNC_IO_WRITE_FOR_SAMTOOLS : true
23:32:23.529 INFO  BaseRecalibrator - HTSJDK Defaults.USE_ASYNC_IO_WRITE_FOR_TRIBBLE : false
23:32:23.529 INFO  BaseRecalibrator - Deflater: IntelDeflater
23:32:23.529 INFO  BaseRecalibrator - Inflater: IntelInflater
23:32:23.530 INFO  BaseRecalibrator - GCS max retries/reopens: 20
23:32:23.530 INFO  BaseRecalibrator - Requester pays: disabled
23:32:23.530 INFO  BaseRecalibrator - Initializing engine
23:32:23.818 INFO  FeatureManager - Using codec VCFCodec to read file file:///lustre1/share/references/dbsnp_138.hg38.vcf
23:32:24.029 INFO  FeatureManager - Using codec VCFCodec to read file file:///lustre1/share/references/Mills_and_1000G_gold_standard.indels.hg38.vcf
23:32:24.087 INFO  FeatureManager - Using codec VCFCodec to read file file:///lustre1/share/references/1000G_phase1.snps.high_confidence.hg38.vcf
23:32:24.241 INFO  BaseRecalibrator - Done initializing engine
23:32:24.247 INFO  BaseRecalibrationEngine - The covariates being used here: 
23:32:24.247 INFO  BaseRecalibrationEngine - 	ReadGroupCovariate
23:32:24.248 INFO  BaseRecalibrationEngine - 	QualityScoreCovariate
23:32:24.248 INFO  BaseRecalibrationEngine - 	ContextCovariate
23:32:24.248 INFO  BaseRecalibrationEngine - 	CycleCovariate
23:32:24.331 INFO  ProgressMeter - Starting traversal
23:32:24.332 INFO  ProgressMeter -        Current Locus  Elapsed Minutes       Reads Processed     Reads/Minute
23:32:34.363 INFO  ProgressMeter -         chr1:3402610              0.2                282000        1687612.2
23:32:44.402 INFO  ProgressMeter -         chr1:9850597              0.3                590000        1763914.5
23:32:54.404 INFO  ProgressMeter -        chr1:15567917              0.5                914000        1823623.3
23:33:04.429 INFO  ProgressMeter -        chr1:21478158              0.7               1238000        1852507.7
23:33:14.455 INFO  ProgressMeter -        chr1:26460049              0.8               1572000        1881808.4
23:33:24.468 INFO  ProgressMeter -        chr1:32194644              1.0               1902000        1897730.1
23:33:34.492 INFO  ProgressMeter -        chr1:37705489              1.2               2234000        1910490.3
23:33:44.512 INFO  ProgressMeter -        chr1:43339471              1.3               2563000        1917958.6
23:33:54.517 INFO  ProgressMeter -        chr1:47225336              1.5               2909000        1935376.6
23:34:04.541 INFO  ProgressMeter -        chr1:56512061              1.7               3218000        1926792.3
23:34:14.557 INFO  ProgressMeter -        chr1:70971627              1.8               3486000        1897590.4
23:34:24.567 INFO  ProgressMeter -        chr1:88955041              2.0               3735000        1863865.5
23:34:34.590 INFO  ProgressMeter -       chr1:102938983              2.2               4008000        1846182.2
23:34:44.612 INFO  ProgressMeter -       chr1:112692818              2.3               4313000        1844752.2
23:34:54.630 INFO  ProgressMeter -       chr1:145846016              2.5               4625000        1846344.2
23:35:04.641 INFO  ProgressMeter -       chr1:151561738              2.7               4975000        1862040.6
23:35:14.646 INFO  ProgressMeter -       chr1:155178469              2.8               5321000        1874537.6
23:35:24.659 INFO  ProgressMeter -       chr1:158681532              3.0               5668000        1885917.7
23:35:34.676 INFO  ProgressMeter -       chr1:165406440              3.2               5994000        1889421.3
23:35:44.703 INFO  ProgressMeter -       chr1:175161102              3.3               6294000        1884713.3
23:35:54.713 INFO  ProgressMeter -       chr1:184619484              3.5               6600000        1882308.2
23:36:04.723 INFO  ProgressMeter -       chr1:201212820              3.7               6860000        1867589.9
23:36:14.728 INFO  ProgressMeter -       chr1:205530734              3.8               7199000        1874772.1
23:36:24.743 INFO  ProgressMeter -       chr1:214383681              4.0               7501000        1872044.1
23:36:34.762 INFO  ProgressMeter -       chr1:226053726              4.2               7785000        1865191.9
23:36:44.797 INFO  ProgressMeter -       chr1:233666585              4.3               8094000        1864511.5
23:36:54.825 INFO  ProgressMeter -       chr1:247100582              4.5               8359000        1854170.0
23:37:04.852 INFO  ProgressMeter -        chr10:7723569              4.7               8626000        1845002.1
23:37:14.866 INFO  ProgressMeter -       chr10:20852234              4.8               8885000        1834903.4
23:37:24.888 INFO  ProgressMeter -       chr10:34360233              5.0               9146000        1825822.2
23:37:34.905 INFO  ProgressMeter -       chr10:49952161              5.2               9434000        1822566.7
23:37:44.925 INFO  ProgressMeter -       chr10:68755391              5.3               9669000        1809584.1
23:37:54.930 INFO  ProgressMeter -       chr10:73872930              5.5               9993000        1813628.1
23:38:04.960 INFO  ProgressMeter -       chr10:88938002              5.7              10255000        1806369.4
23:38:14.985 INFO  ProgressMeter -       chr10:97246203              5.8              10565000        1807770.1
23:38:24.997 INFO  ProgressMeter -      chr10:102228798              6.0              10902000        1813654.8
23:38:35.022 INFO  ProgressMeter -      chr10:113129747              6.2              11193000        1811702.5
23:38:45.029 INFO  ProgressMeter -      chr10:122697691              6.3              11489000        1810731.4
23:38:55.044 INFO  ProgressMeter -      chr10:133167246              6.5              11758000        1805626.7
23:39:05.062 INFO  ProgressMeter -        chr11:3678764              6.7              12086000        1809597.5
23:39:15.079 INFO  ProgressMeter -        chr11:7701642              6.8              12415000        1813525.1
23:39:25.093 INFO  ProgressMeter -       chr11:17402723              7.0              12717000        1813428.5
23:39:35.121 INFO  ProgressMeter -       chr11:31396276              7.2              12984000        1808402.7
23:39:45.135 INFO  ProgressMeter -       chr11:45905555              7.3              13248000        1803254.5
23:39:55.138 INFO  ProgressMeter -       chr11:57467728              7.5              13562000        1805033.7
23:40:05.166 INFO  ProgressMeter -       chr11:62243204              7.7              13901000        1809892.5
23:40:15.177 INFO  ProgressMeter -       chr11:64796929              7.8              14253000        1816266.5
23:40:25.185 INFO  ProgressMeter -       chr11:66421868              8.0              14615000        1823638.0
23:40:35.202 INFO  ProgressMeter -       chr11:70170171              8.2              14956000        1828101.1
23:40:45.223 INFO  ProgressMeter -       chr11:75728132              8.3              15285000        1830937.3
23:40:55.268 INFO  ProgressMeter -       chr11:89262215              8.5              15555000        1826651.1
23:41:05.277 INFO  ProgressMeter -      chr11:104195200              8.7              15803000        1820115.4
23:41:15.331 INFO  ProgressMeter -      chr11:115169339              8.8              16074000        1816274.6
23:41:25.337 INFO  ProgressMeter -      chr11:119420994              9.0              16388000        1817509.7
23:41:35.345 INFO  ProgressMeter -      chr11:126265348              9.2              16683000        1816617.8
23:41:45.363 INFO  ProgressMeter -         chr12:916347              9.4              16952000        1812947.9
23:41:55.391 INFO  ProgressMeter -        chr12:6870591              9.5              17250000        1812422.2
23:42:05.407 INFO  ProgressMeter -       chr12:14619182              9.7              17539000        1811025.8
23:42:15.468 INFO  ProgressMeter -       chr12:29168473              9.9              17784000        1805066.9
23:42:25.483 INFO  ProgressMeter -       chr12:44508801             10.0              18030000        1799550.9
23:42:35.504 INFO  ProgressMeter -       chr12:49603316             10.2              18341000        1800573.3
23:42:45.535 INFO  ProgressMeter -       chr12:52900635             10.4              18660000        1802312.3
23:42:55.548 INFO  ProgressMeter -       chr12:56171648             10.5              18984000        1804517.0
23:43:05.567 INFO  ProgressMeter -       chr12:57810963             10.7              19323000        1808042.3
23:43:15.584 INFO  ProgressMeter -       chr12:71872081             10.9              19576000        1803541.5
23:43:25.721 INFO  ProgressMeter -       chr12:91986351             11.0              19797000        1795947.6
23:43:35.752 INFO  ProgressMeter -      chr12:102855096             11.2              20062000        1792797.4
23:43:45.753 INFO  ProgressMeter -      chr12:109814353             11.4              20354000        1792198.6
23:43:55.753 INFO  ProgressMeter -      chr12:115522642             11.5              20660000        1792829.5
23:44:05.786 INFO  ProgressMeter -      chr12:121888840             11.7              20954000        1792334.2
23:44:15.802 INFO  ProgressMeter -      chr12:130163334             11.9              21224000        1789871.7
23:44:25.822 INFO  ProgressMeter -       chr13:23335430             12.0              21494000        1787467.6
23:44:35.845 INFO  ProgressMeter -       chr13:32699837             12.2              21759000        1784712.0
23:44:45.884 INFO  ProgressMeter -       chr13:45872992             12.4              22008000        1780700.2
23:44:55.922 INFO  ProgressMeter -       chr13:64958050             12.5              22230000        1774637.8
23:45:06.005 INFO  ProgressMeter -       chr13:92640122             12.7              22393000        1763985.3
23:45:16.068 INFO  ProgressMeter -      chr13:107170687             12.9              22629000        1759334.5
23:45:26.079 INFO  ProgressMeter -       chr14:21021120             13.0              22898000        1757448.4
23:45:36.100 INFO  ProgressMeter -       chr14:23575861             13.2              23224000        1759911.7
23:45:46.114 INFO  ProgressMeter -       chr14:39350027             13.4              23464000        1755888.8
23:45:56.132 INFO  ProgressMeter -       chr14:55051656             13.5              23702000        1751810.8
23:46:06.154 INFO  ProgressMeter -       chr14:64772839             13.7              23978000        1750600.2
23:46:16.161 INFO  ProgressMeter -       chr14:73268689             13.9              24265000        1750239.5
23:46:26.211 INFO  ProgressMeter -       chr14:78063322             14.0              24571000        1751154.3
23:46:36.243 INFO  ProgressMeter -       chr14:94364469             14.2              24805000        1747013.5
23:46:46.245 INFO  ProgressMeter -      chr14:102326256             14.4              25082000        1746023.1
23:46:56.254 INFO  ProgressMeter -       chr15:24818938             14.5              25380000        1746486.5
23:47:06.276 INFO  ProgressMeter -       chr15:40291193             14.7              25633000        1743852.2
23:47:16.304 INFO  ProgressMeter -       chr15:42548505             14.9              25961000        1746310.4
23:47:26.322 INFO  ProgressMeter -       chr15:48331442             15.0              26270000        1747471.4
23:47:36.345 INFO  ProgressMeter -       chr15:57439346             15.2              26543000        1746227.0
23:47:46.358 INFO  ProgressMeter -       chr15:65094683             15.4              26823000        1745482.2
23:47:56.365 INFO  ProgressMeter -       chr15:72353335             15.5              27118000        1745732.2
23:48:06.379 INFO  ProgressMeter -       chr15:78155185             15.7              27426000        1746791.8
23:48:16.475 INFO  ProgressMeter -       chr15:87029069             15.9              27709000        1746103.3
23:48:26.481 INFO  ProgressMeter -       chr15:93301477             16.0              27998000        1745968.4
23:48:36.502 INFO  ProgressMeter -         chr16:649664             16.2              28258000        1744016.0
23:48:46.511 INFO  ProgressMeter -        chr16:2153776             16.4              28578000        1745791.8
23:48:56.515 INFO  ProgressMeter -        chr16:4744776             16.5              28895000        1747360.9
23:49:06.540 INFO  ProgressMeter -       chr16:14303775             16.7              29127000        1743769.8
23:49:16.640 INFO  ProgressMeter -       chr16:25692909             16.9              29416000        1743501.0
23:49:26.662 INFO  ProgressMeter -       chr16:30518749             17.0              29732000        1744955.2
23:49:36.681 INFO  ProgressMeter -       chr16:47547571             17.2              30043000        1746095.6
23:49:46.692 INFO  ProgressMeter -       chr16:57065283             17.4              30321000        1745327.9
23:49:56.702 INFO  ProgressMeter -       chr16:67162394             17.5              30601000        1744690.6
23:50:06.714 INFO  ProgressMeter -       chr16:70011744             17.7              30931000        1746885.8
23:50:16.715 INFO  ProgressMeter -       chr16:75644260             17.9              31233000        1747491.3
23:50:26.719 INFO  ProgressMeter -       chr16:85921004             18.0              31457000        1743757.1
23:50:36.732 INFO  ProgressMeter -       chr16:89903696             18.2              31750000        1743866.7
23:50:46.745 INFO  ProgressMeter -        chr17:4184618             18.4              32055000        1744627.5
23:50:56.768 INFO  ProgressMeter -        chr17:7560336             18.5              32371000        1745952.1
23:51:06.793 INFO  ProgressMeter -       chr17:10354789             18.7              32691000        1747463.8
23:51:16.818 INFO  ProgressMeter -       chr17:17798376             18.9              32978000        1747200.4
23:51:26.824 INFO  ProgressMeter -       chr17:28340305             19.0              33285000        1748022.5
23:51:36.825 INFO  ProgressMeter -       chr17:32479958             19.2              33608000        1749669.4
23:51:46.833 INFO  ProgressMeter -       chr17:40360642             19.4              33907000        1750038.7
23:51:56.851 INFO  ProgressMeter -       chr17:43018236             19.5              34230000        1751613.4
23:52:06.868 INFO  ProgressMeter -       chr17:47619125             19.7              34545000        1752758.5
23:52:16.882 INFO  ProgressMeter -       chr17:50839663             19.9              34864000        1754090.0
23:52:26.892 INFO  ProgressMeter -       chr17:60266097             20.0              35145000        1753509.2
23:52:36.910 INFO  ProgressMeter -       chr17:66798094             20.2              35440000        1753619.1
23:52:46.910 INFO  ProgressMeter -       chr17:74963835             20.4              35718000        1752918.8
23:52:56.924 INFO  ProgressMeter -       chr17:76868976             20.5              36041000        1754400.5
23:53:06.951 INFO  ProgressMeter -       chr17:81199509             20.7              36338000        1754584.5
23:53:16.956 INFO  ProgressMeter -        chr18:2921913             20.9              36632000        1754654.0
23:53:26.962 INFO  ProgressMeter -       chr18:13068952             21.0              36877000        1752389.9
23:53:36.964 INFO  ProgressMeter -       chr18:31538801             21.2              37120000        1750073.9
23:53:46.994 INFO  ProgressMeter -       chr18:46601379             21.4              37356000        1747429.8
23:53:57.076 INFO  ProgressMeter -       chr18:59900358             21.5              37599000        1745078.7
23:54:07.089 INFO  ProgressMeter -       chr18:76910834             21.7              37802000        1741015.4
23:54:17.099 INFO  ProgressMeter -        chr19:1582446             21.9              38084000        1740628.8
23:54:27.130 INFO  ProgressMeter -        chr19:3980225             22.0              38390000        1741309.0
23:54:37.146 INFO  ProgressMeter -        chr19:6682284             22.2              38695000        1741953.5
23:54:47.168 INFO  ProgressMeter -        chr19:9324149             22.4              39005000        1742805.3
23:54:57.191 INFO  ProgressMeter -       chr19:11423588             22.5              39324000        1744041.1
23:55:07.193 INFO  ProgressMeter -       chr19:14880827             22.7              39635000        1744933.4
23:55:17.223 INFO  ProgressMeter -       chr19:17470642             22.9              39948000        1745863.3
23:55:27.248 INFO  ProgressMeter -       chr19:19543555             23.0              40270000        1747179.0
23:55:37.264 INFO  ProgressMeter -       chr19:34944202             23.2              40503000        1744652.1
23:55:47.286 INFO  ProgressMeter -       chr19:37773601             23.4              40825000        1745958.9
23:55:57.290 INFO  ProgressMeter -       chr19:41016529             23.5              41144000        1747144.5
23:56:07.293 INFO  ProgressMeter -       chr19:44174906             23.7              41459000        1748144.7
23:56:17.312 INFO  ProgressMeter -       chr19:46787403             23.9              41780000        1749361.5
23:56:27.320 INFO  ProgressMeter -       chr19:49128357             24.0              42100000        1750534.3
23:56:37.347 INFO  ProgressMeter -       chr19:50827677             24.2              42427000        1751957.1
23:56:47.348 INFO  ProgressMeter -       chr19:55174625             24.4              42724000        1752161.3
23:56:57.355 INFO  ProgressMeter -       chr19:57809128             24.6              43036000        1752966.5
23:57:07.358 INFO  ProgressMeter -         chr2:9494793             24.7              43288000        1751339.3
23:57:17.369 INFO  ProgressMeter -        chr2:24146724             24.9              43530000        1749320.3
23:57:27.392 INFO  ProgressMeter -        chr2:27580953             25.1              43854000        1750590.0
23:57:37.412 INFO  ProgressMeter -        chr2:37003586             25.2              44127000        1749821.6
23:57:47.420 INFO  ProgressMeter -        chr2:47445591             25.4              44383000        1748408.5
23:57:57.444 INFO  ProgressMeter -        chr2:62000495             25.6              44620000        1746252.1
23:58:07.448 INFO  ProgressMeter -        chr2:73075431             25.7              44892000        1745508.3
23:58:17.450 INFO  ProgressMeter -        chr2:85560904             25.9              45154000        1744388.9
23:58:27.453 INFO  ProgressMeter -        chr2:98194447             26.1              45457000        1744855.3
23:58:37.518 INFO  ProgressMeter -       chr2:109347764             26.2              45725000        1743914.4
23:58:47.646 INFO  ProgressMeter -       chr2:122355128             26.4              45991000        1742838.1
23:58:57.664 INFO  ProgressMeter -       chr2:135217392             26.6              46241000        1741295.4
23:59:07.775 INFO  ProgressMeter -       chr2:153478348             26.7              46476000        1739107.7
23:59:17.827 INFO  ProgressMeter -       chr2:167869399             26.9              46730000        1737718.4
23:59:27.852 INFO  ProgressMeter -       chr2:178532047             27.1              47005000        1737151.4
23:59:37.877 INFO  ProgressMeter -       chr2:186837294             27.2              47295000        1737142.2
23:59:47.898 INFO  ProgressMeter -       chr2:201195967             27.4              47559000        1736188.3
23:59:57.907 INFO  ProgressMeter -       chr2:210668426             27.6              47849000        1736201.9
00:00:07.931 INFO  ProgressMeter -       chr2:218830073             27.7              48099000        1734757.0
00:00:17.939 INFO  ProgressMeter -       chr2:224851874             27.9              48366000        1733955.5
00:00:27.948 INFO  ProgressMeter -       chr2:232544346             28.1              48608000        1732272.5
00:00:37.964 INFO  ProgressMeter -       chr2:238277731             28.2              48853000        1730707.6
00:00:47.978 INFO  ProgressMeter -         chr20:448042             28.4              49112000        1729655.1
00:00:57.996 INFO  ProgressMeter -        chr20:4222036             28.6              49373000        1728681.9
00:01:08.030 INFO  ProgressMeter -       chr20:17627611             28.7              49562000        1725197.8
00:01:18.061 INFO  ProgressMeter -       chr20:28056497             28.9              49782000        1722829.8
00:01:28.085 INFO  ProgressMeter -       chr20:34742572             29.1              50044000        1721941.1
00:01:38.095 INFO  ProgressMeter -       chr20:38638686             29.2              50347000        1722479.0
00:01:48.110 INFO  ProgressMeter -       chr20:45891197             29.4              50625000        1722155.5
00:01:58.129 INFO  ProgressMeter -       chr20:51712791             29.6              50911000        1722103.3
00:02:08.154 INFO  ProgressMeter -       chr20:62310263             29.7              51150000        1720463.1
00:02:18.190 INFO  ProgressMeter -       chr21:13525781             29.9              51442000        1720604.4
00:02:28.207 INFO  ProgressMeter -       chr21:32514887             30.1              51626000        1717170.0
00:02:38.227 INFO  ProgressMeter -       chr21:41861991             30.2              51893000        1716516.1
00:02:48.245 INFO  ProgressMeter -       chr21:46302033             30.4              52176000        1716397.7
00:02:58.248 INFO  ProgressMeter -       chr22:20242444             30.6              52476000        1716850.7
00:03:08.281 INFO  ProgressMeter -       chr22:24719773             30.7              52776000        1717270.9
00:03:18.302 INFO  ProgressMeter -       chr22:30495643             30.9              53075000        1717666.3
00:03:28.312 INFO  ProgressMeter -       chr22:36518758             31.1              53361000        1717647.2
00:03:38.333 INFO  ProgressMeter -       chr22:39679171             31.2              53670000        1718355.5
00:03:48.354 INFO  ProgressMeter -       chr22:44496739             31.4              53968000        1718707.0
00:03:58.371 INFO  ProgressMeter -       chr22:50316190             31.6              54240000        1718233.7
00:04:08.393 INFO  ProgressMeter -         chr3:9718435             31.7              54490000        1717066.8
00:04:18.399 INFO  ProgressMeter -        chr3:14921658             31.9              54794000        1717620.1
00:04:28.414 INFO  ProgressMeter -        chr3:32506239             32.1              55021000        1715758.5
00:04:38.434 INFO  ProgressMeter -        chr3:40427642             32.2              55312000        1715898.0
00:04:48.437 INFO  ProgressMeter -        chr3:47275207             32.4              55614000        1716388.8
00:04:58.444 INFO  ProgressMeter -        chr3:49422390             32.6              55950000        1717915.9
00:05:08.451 INFO  ProgressMeter -        chr3:52137949             32.7              56281000        1719275.5
00:05:18.475 INFO  ProgressMeter -        chr3:57096375             32.9              56588000        1719875.4
00:05:28.527 INFO  ProgressMeter -        chr3:69739540             33.1              56834000        1718601.2
00:05:38.555 INFO  ProgressMeter -        chr3:98390901             33.2              57004000        1715074.0
00:05:48.582 INFO  ProgressMeter -       chr3:112469950             33.4              57240000        1713558.7
00:05:58.588 INFO  ProgressMeter -       chr3:122427474             33.6              57512000        1713149.5
00:06:08.613 INFO  ProgressMeter -       chr3:128629888             33.7              57806000        1713378.7
00:06:18.630 INFO  ProgressMeter -       chr3:136255966             33.9              58095000        1713465.8
00:06:28.644 INFO  ProgressMeter -       chr3:149209320             34.1              58349000        1712528.1
00:06:38.723 INFO  ProgressMeter -       chr3:165603756             34.2              58585000        1711018.0
00:06:48.746 INFO  ProgressMeter -       chr3:183123812             34.4              58810000        1709250.2
00:06:58.780 INFO  ProgressMeter -       chr3:189907361             34.6              59106000        1709543.9
00:07:08.783 INFO  ProgressMeter -          chr4:733993             34.7              59369000        1708910.4
00:07:18.816 INFO  ProgressMeter -         chr4:5525528             34.9              59666000        1709232.4
00:07:28.819 INFO  ProgressMeter -        chr4:15557371             35.1              59910000        1708064.7
00:07:38.826 INFO  ProgressMeter -        chr4:36193449             35.2              60104000        1705486.0
00:07:48.830 INFO  ProgressMeter -        chr4:48505265             35.4              60353000        1704487.4
00:07:58.880 INFO  ProgressMeter -        chr4:68227902             35.6              60572000        1702618.1
00:08:08.890 INFO  ProgressMeter -        chr4:78601508             35.7              60844000        1702280.8
00:08:18.983 INFO  ProgressMeter -        chr4:92300854             35.9              61097000        1701352.1
00:08:28.992 INFO  ProgressMeter -       chr4:108899028             36.1              61334000        1700054.5
00:08:38.996 INFO  ProgressMeter -       chr4:122383822             36.2              61583000        1699103.9
00:08:49.025 INFO  ProgressMeter -       chr4:143534940             36.4              61785000        1696851.7
00:08:59.035 INFO  ProgressMeter -       chr4:158868104             36.6              62031000        1695837.7
00:09:09.199 INFO  ProgressMeter -       chr4:181264737             36.7              62216000        1693054.5
00:09:19.203 INFO  ProgressMeter -         chr5:1242553             36.9              62471000        1692315.3
00:09:29.214 INFO  ProgressMeter -        chr5:16681828             37.1              62693000        1690687.4
00:09:39.239 INFO  ProgressMeter -        chr5:36142525             37.2              62892000        1688446.1
00:09:49.253 INFO  ProgressMeter -        chr5:53480916             37.4              63134000        1687382.3
00:09:59.272 INFO  ProgressMeter -        chr5:69094264             37.6              63372000        1686217.8
00:10:09.299 INFO  ProgressMeter -        chr5:81212391             37.7              63645000        1685984.8
00:10:19.392 INFO  ProgressMeter -       chr5:100377448             37.9              63874000        1684545.3
00:10:29.392 INFO  ProgressMeter -       chr5:119268936             38.1              64069000        1682292.8
00:10:39.417 INFO  ProgressMeter -       chr5:132825130             38.3              64317000        1681428.7
00:10:49.416 INFO  ProgressMeter -       chr5:140509553             38.4              64611000        1681786.9
00:10:59.422 INFO  ProgressMeter -       chr5:147640737             38.6              64901000        1682034.0
00:11:09.580 INFO  ProgressMeter -       chr5:153489824             38.8              65203000        1682478.6
00:11:19.606 INFO  ProgressMeter -       chr5:168262322             38.9              65438000        1681293.1
00:11:29.623 INFO  ProgressMeter -       chr5:177097156             39.1              65719000        1681301.0
00:11:39.685 INFO  ProgressMeter -         chr6:2623746             39.3              66009000        1681505.9
00:11:49.740 INFO  ProgressMeter -        chr6:14557142             39.4              66253000        1680547.3
00:11:59.771 INFO  ProgressMeter -        chr6:27309199             39.6              66497000        1679613.7
00:12:09.784 INFO  ProgressMeter -        chr6:36598948             39.8              66790000        1679933.2
00:12:19.796 INFO  ProgressMeter -        chr6:42883526             39.9              67085000        1680300.8
00:12:29.799 INFO  ProgressMeter -        chr6:47286437             40.1              67398000        1681121.2
00:12:39.812 INFO  ProgressMeter -        chr6:61978061             40.3              67649000        1680386.5
00:12:49.841 INFO  ProgressMeter -        chr6:79826106             40.4              67865000        1678781.6
00:12:59.891 INFO  ProgressMeter -        chr6:96798771             40.6              68089000        1677372.6
00:13:09.934 INFO  ProgressMeter -       chr6:111172716             40.8              68335000        1676519.7
00:13:19.954 INFO  ProgressMeter -       chr6:127446849             40.9              68570000        1675420.7
00:13:29.960 INFO  ProgressMeter -       chr6:138915869             41.1              68835000        1675070.2
00:13:39.970 INFO  ProgressMeter -       chr6:152060865             41.3              69086000        1674380.5
00:13:49.996 INFO  ProgressMeter -       chr6:160450953             41.4              69359000        1674217.3
00:14:00.005 INFO  ProgressMeter -         chr7:1227689             41.6              69601000        1673320.2
00:14:10.034 INFO  ProgressMeter -         chr7:6421727             41.8              69883000        1673375.4
00:14:20.072 INFO  ProgressMeter -        chr7:21511060             41.9              70090000        1671635.4
00:14:30.073 INFO  ProgressMeter -        chr7:31828062             42.1              70359000        1671406.5
00:14:40.082 INFO  ProgressMeter -        chr7:44140872             42.3              70609000        1670724.6
00:14:50.103 INFO  ProgressMeter -        chr7:55152215             42.4              70868000        1670252.4
00:15:00.128 INFO  ProgressMeter -        chr7:73831555             42.6              71114000        1669476.6
00:15:10.331 INFO  ProgressMeter -        chr7:86644807             42.8              71378000        1669011.4
00:15:20.351 INFO  ProgressMeter -        chr7:98241051             42.9              71644000        1668714.4
00:15:30.375 INFO  ProgressMeter -       chr7:100885738             43.1              71968000        1669764.1
00:15:40.389 INFO  ProgressMeter -       chr7:107937204             43.3              72260000        1670071.2
00:15:50.393 INFO  ProgressMeter -       chr7:124777431             43.4              72500000        1669185.8
00:16:00.398 INFO  ProgressMeter -       chr7:134196814             43.6              72781000        1669247.5
00:16:10.412 INFO  ProgressMeter -       chr7:143351546             43.8              73063000        1669324.6
00:16:20.430 INFO  ProgressMeter -       chr7:151238721             43.9              73352000        1669558.6
00:16:30.457 INFO  ProgressMeter -         chr8:3949952             44.1              73592000        1668674.0
00:16:40.471 INFO  ProgressMeter -        chr8:22119805             44.3              73783000        1666697.4
00:16:50.491 INFO  ProgressMeter -        chr8:28129616             44.4              74073000        1666959.8
00:17:00.497 INFO  ProgressMeter -        chr8:39638445             44.6              74328000        1666445.6
00:17:10.557 INFO  ProgressMeter -        chr8:55102515             44.8              74576000        1665742.8
00:17:20.633 INFO  ProgressMeter -        chr8:70515125             44.9              74815000        1664836.4
00:17:30.635 INFO  ProgressMeter -        chr8:90042724             45.1              75023000        1663295.5
00:17:40.700 INFO  ProgressMeter -       chr8:103133286             45.3              75283000        1662889.5
00:17:50.794 INFO  ProgressMeter -       chr8:121614247             45.4              75506000        1661625.9
00:18:00.848 INFO  ProgressMeter -       chr8:135432492             45.6              75742000        1660695.6
00:18:10.853 INFO  ProgressMeter -       chr8:144105716             45.8              76010000        1660500.7
00:18:20.920 INFO  ProgressMeter -         chr9:6252678             45.9              76281000        1660335.2
00:18:30.955 INFO  ProgressMeter -        chr9:21141627             46.1              76485000        1658737.0
00:18:40.963 INFO  ProgressMeter -        chr9:34665375             46.3              76717000        1657771.6
00:18:51.009 INFO  ProgressMeter -        chr9:63317994             46.4              77022000        1658362.3
00:19:01.031 INFO  ProgressMeter -        chr9:81991435             46.6              77261000        1657547.0
00:19:11.051 INFO  ProgressMeter -        chr9:93677215             46.8              77526000        1657294.5
00:19:21.100 INFO  ProgressMeter -       chr9:104095398             46.9              77800000        1657219.1
00:19:31.107 INFO  ProgressMeter -       chr9:113373365             47.1              78072000        1657125.2
00:19:41.122 INFO  ProgressMeter -       chr9:122216748             47.3              78352000        1657197.0
00:19:51.130 INFO  ProgressMeter -       chr9:127929656             47.4              78655000        1657757.2
00:20:01.146 INFO  ProgressMeter -       chr9:130698459             47.6              78976000        1658686.9
00:20:11.204 INFO  ProgressMeter -       chr9:135471790             47.8              79270000        1659020.7
00:20:21.214 INFO  ProgressMeter -       chr9:137243392             47.9              79591000        1659943.5
00:20:31.218 INFO  ProgressMeter -         chrX:2781830             48.1              79847000        1659511.3
00:20:41.233 INFO  ProgressMeter -        chrX:16857481             48.3              80118000        1659387.0
00:20:51.241 INFO  ProgressMeter -        chrX:31478308             48.4              80400000        1659494.7
00:21:01.263 INFO  ProgressMeter -        chrX:47247297             48.6              80677000        1659490.7
00:21:11.288 INFO  ProgressMeter -        chrX:53551125             48.8              81004000        1660510.7
00:21:21.291 INFO  ProgressMeter -        chrX:70283701             48.9              81295000        1660800.1
00:21:31.300 INFO  ProgressMeter -        chrX:80572859             49.1              81601000        1661388.9
00:21:41.325 INFO  ProgressMeter -       chrX:103585479             49.3              81849000        1660791.3
00:21:51.335 INFO  ProgressMeter -       chrX:118394370             49.5              82140000        1661070.1
00:22:01.354 INFO  ProgressMeter -       chrX:133027679             49.6              82430000        1661325.2
00:22:11.356 INFO  ProgressMeter -       chrX:151698670             49.8              82705000        1661285.6
00:22:21.370 INFO  ProgressMeter -        chrY:11332347             50.0              83036000        1662361.3
00:22:27.207 INFO  BaseRecalibrator - 9498094 read(s) filtered by: MappingQualityNotZeroReadFilter 
0 read(s) filtered by: MappingQualityAvailableReadFilter 
0 read(s) filtered by: MappedReadFilter 
135164 read(s) filtered by: NotSecondaryAlignmentReadFilter 
10669729 read(s) filtered by: NotDuplicateReadFilter 
0 read(s) filtered by: PassesVendorQualityCheckReadFilter 
0 read(s) filtered by: WellformedReadFilter 
20302987 total reads filtered out of 103455092 reads processed
00:22:27.207 INFO  ProgressMeter - chrX_MU273395v1_alt:355753             50.0              83152105        1661449.9
00:22:27.207 INFO  ProgressMeter - Traversal complete. Processed 83152105 total reads in 50.0 minutes.
00:22:27.233 INFO  BaseRecalibrator - Calculating quantized quality scores...
00:22:27.317 INFO  BaseRecalibrator - Writing recalibration report...
00:22:27.715 INFO  BaseRecalibrator - ...done!
00:22:27.717 INFO  BaseRecalibrator - BaseRecalibrator was able to recalibrate 83152105 reads
00:22:27.718 INFO  BaseRecalibrator - Shutting down engine
[September 21, 2026 at 12:22:27 AM CST] org.broadinstitute.hellbender.tools.walkers.bqsr.BaseRecalibrator done. Elapsed time: 50.07 minutes.
Runtime.totalMemory()=603979776
Using GATK jar /lustre1/share/miniconda3/envs/wes/share/gatk4-4.6.2.0-1/gatk-package-4.6.2.0-local.jar
Running:
    java -Dsamjdk.use_async_io_read_samtools=false -Dsamjdk.use_async_io_write_samtools=true -Dsamjdk.use_async_io_write_tribble=false -Dsamjdk.compression_level=2 -Xmx12g -XX:ParallelGCThreads=4 -jar /lustre1/share/miniconda3/envs/wes/share/gatk4-4.6.2.0-1/gatk-package-4.6.2.0-local.jar ApplyBQSR -R /lustre1/share/references/hg38.fa -I /lustre1/user/bjx131_pkuhpc/wes_run_full_20260920/1_alignment/PBMC/blood_sorted.markdup.bam --bqsr-recal-file /lustre1/user/bjx131_pkuhpc/wes_run_full_20260920/1_alignment/PBMC/blood.recal_data.table -O /lustre1/user/bjx131_pkuhpc/wes_run_full_20260920/1_alignment/PBMC/blood_sorted.markdup.BQSR.bam
00:22:33.324 INFO  NativeLibraryLoader - Loading libgkl_compression.so from jar:file:/lustre1/share/miniconda3/envs/wes/share/gatk4-4.6.2.0-1/gatk-package-4.6.2.0-local.jar!/com/intel/gkl/native/libgkl_compression.so
00:22:38.542 INFO  ApplyBQSR - ------------------------------------------------------------
00:22:38.545 INFO  ApplyBQSR - The Genome Analysis Toolkit (GATK) v4.6.2.0
00:22:38.545 INFO  ApplyBQSR - For support and documentation go to https://software.broadinstitute.org/gatk/
00:22:38.546 INFO  ApplyBQSR - Executing as bjx131_pkuhpc@c06b01n01 on Linux v4.18.0-477.10.1.el8_8.x86_64 amd64
00:22:38.546 INFO  ApplyBQSR - Java runtime: OpenJDK 64-Bit Server VM v17.0.3-internal+0-adhoc..src
00:22:38.547 INFO  ApplyBQSR - Start Date/Time: September 21, 2026 at 12:22:33 AM CST
00:22:38.547 INFO  ApplyBQSR - ------------------------------------------------------------
00:22:38.547 INFO  ApplyBQSR - ------------------------------------------------------------
00:22:38.548 INFO  ApplyBQSR - HTSJDK Version: 4.2.0
00:22:38.548 INFO  ApplyBQSR - Picard Version: 3.4.0
00:22:38.548 INFO  ApplyBQSR - Built for Spark Version: 3.5.0
00:22:38.551 INFO  ApplyBQSR - HTSJDK Defaults.COMPRESSION_LEVEL : 2
00:22:38.551 INFO  ApplyBQSR - HTSJDK Defaults.USE_ASYNC_IO_READ_FOR_SAMTOOLS : false
00:22:38.551 INFO  ApplyBQSR - HTSJDK Defaults.USE_ASYNC_IO_WRITE_FOR_SAMTOOLS : true
00:22:38.552 INFO  ApplyBQSR - HTSJDK Defaults.USE_ASYNC_IO_WRITE_FOR_TRIBBLE : false
00:22:38.552 INFO  ApplyBQSR - Deflater: IntelDeflater
00:22:38.552 INFO  ApplyBQSR - Inflater: IntelInflater
00:22:38.552 INFO  ApplyBQSR - GCS max retries/reopens: 20
00:22:38.552 INFO  ApplyBQSR - Requester pays: disabled
00:22:38.553 INFO  ApplyBQSR - Initializing engine
00:22:38.793 INFO  ApplyBQSR - Done initializing engine
00:22:38.844 INFO  ProgressMeter - Starting traversal
00:22:38.845 INFO  ProgressMeter -        Current Locus  Elapsed Minutes       Reads Processed     Reads/Minute
00:22:48.859 INFO  ProgressMeter -         chr1:3815961              0.2                432000        2588893.3
00:22:58.868 INFO  ProgressMeter -        chr1:11803418              0.3                893000        2676056.3
00:23:08.886 INFO  ProgressMeter -        chr1:19144977              0.5               1356000        2708388.8
00:23:18.906 INFO  ProgressMeter -        chr1:25746672              0.7               1825000        2733399.9
00:23:28.912 INFO  ProgressMeter -        chr1:32042749              0.8               2289000        2743124.2
00:23:38.917 INFO  ProgressMeter -        chr1:39299398              1.0               2753000        2749746.1
00:23:48.921 INFO  ProgressMeter -        chr1:44767043              1.2               3217000        2754438.0
00:23:58.938 INFO  ProgressMeter -        chr1:53939803              1.3               3678000        2755297.0
00:24:08.951 INFO  ProgressMeter -        chr1:74631786              1.5               4141000        2757419.0
00:24:18.958 INFO  ProgressMeter -        chr1:95073144              1.7               4594000        2753316.3
00:24:28.974 INFO  ProgressMeter -       chr1:111996093              1.8               5046000        2749164.6
00:24:38.990 INFO  ProgressMeter -       chr1:145872122              2.0               5498000        2745682.3
00:24:49.007 INFO  ProgressMeter -       chr1:151578666              2.2               5956000        2745501.8
00:24:59.011 INFO  ProgressMeter -       chr1:155344086              2.3               6414000        2745601.6
00:25:09.019 INFO  ProgressMeter -       chr1:159954153              2.5               6873000        2746014.6
00:25:19.030 INFO  ProgressMeter -       chr1:169803894              2.7               7336000        2747840.0
00:25:29.042 INFO  ProgressMeter -       chr1:183103272              2.8               7795000        2748008.2
00:25:39.046 INFO  ProgressMeter -       chr1:201955700              3.0               8254000        2748279.7
00:25:49.056 INFO  ProgressMeter -       chr1:207575555              3.2               8717000        2749697.7
00:25:59.063 INFO  ProgressMeter -       chr1:224433856              3.3               9167000        2747105.7
00:26:09.073 INFO  ProgressMeter -       chr1:235135592              3.5               9615000        2744176.5
00:26:19.076 INFO  ProgressMeter -        chr10:1035096              3.7              10061000        2741031.0
00:26:29.087 INFO  ProgressMeter -       chr10:19146079              3.8              10508000        2738348.1
00:26:39.105 INFO  ProgressMeter -       chr10:44977390              4.0              10955000        2735786.2
00:26:49.112 INFO  ProgressMeter -       chr10:63599121              4.2              11402000        2733571.5
00:26:59.112 INFO  ProgressMeter -       chr10:73916509              4.3              11850000        2731810.0
00:27:09.115 INFO  ProgressMeter -       chr10:93326092              4.5              12300000        2730612.8
00:27:19.135 INFO  ProgressMeter -      chr10:100506222              4.7              12753000        2729958.3
00:27:29.146 INFO  ProgressMeter -      chr10:112168778              4.8              13207000        2729659.0
00:27:39.166 INFO  ProgressMeter -      chr10:125576494              5.0              13658000        2728680.3
00:27:49.173 INFO  ProgressMeter -         chr11:797549              5.2              14109000        2727887.9
00:27:59.190 INFO  ProgressMeter -        chr11:6395666              5.3              14559000        2726881.1
00:28:09.210 INFO  ProgressMeter -       chr11:15225456              5.5              15008000        2725720.7
00:28:19.226 INFO  ProgressMeter -       chr11:33645466              5.7              15455000        2724300.1
00:28:29.243 INFO  ProgressMeter -       chr11:47784790              5.8              15907000        2723816.9
00:28:39.244 INFO  ProgressMeter -       chr11:61415836              6.0              16364000        2724321.4
00:28:49.258 INFO  ProgressMeter -       chr11:64668511              6.2              16822000        2724850.4
00:28:59.278 INFO  ProgressMeter -       chr11:66492972              6.3              17277000        2724842.5
00:29:09.292 INFO  ProgressMeter -       chr11:72007523              6.5              17727000        2724108.5
00:29:19.303 INFO  ProgressMeter -       chr11:78670137              6.7              18176000        2723281.8
00:29:29.312 INFO  ProgressMeter -      chr11:103235669              6.8              18621000        2721924.1
00:29:39.313 INFO  ProgressMeter -      chr11:117652473              7.0              19067000        2720825.4
00:29:49.324 INFO  ProgressMeter -      chr11:124611515              7.2              19515000        2719999.6
00:29:59.330 INFO  ProgressMeter -         chr12:908121              7.3              19963000        2719229.9
00:30:09.343 INFO  ProgressMeter -        chr12:7432421              7.5              20412000        2718591.4
00:30:19.356 INFO  ProgressMeter -       chr12:21913005              7.7              20858000        2717589.8
00:30:29.369 INFO  ProgressMeter -       chr12:45492116              7.8              21303000        2716503.3
00:30:39.380 INFO  ProgressMeter -       chr12:50731245              8.0              21752000        2715972.8
00:30:49.392 INFO  ProgressMeter -       chr12:54569624              8.2              22201000        2715458.5
00:30:59.404 INFO  ProgressMeter -       chr12:57519138              8.3              22651000        2715084.5
00:31:09.404 INFO  ProgressMeter -       chr12:76384087              8.5              23097000        2714319.0
00:31:19.421 INFO  ProgressMeter -      chr12:101281250              8.7              23542000        2713379.0
00:31:29.433 INFO  ProgressMeter -      chr12:110455711              8.8              23989000        2712726.3
00:31:39.433 INFO  ProgressMeter -      chr12:120127633              9.0              24437000        2712268.9
00:31:49.451 INFO  ProgressMeter -      chr12:124980349              9.2              24886000        2711848.4
00:31:59.466 INFO  ProgressMeter -       chr13:24694125              9.3              25333000        2711248.3
00:32:09.485 INFO  ProgressMeter -       chr13:42048797              9.5              25779000        2710535.5
00:32:19.485 INFO  ProgressMeter -       chr13:77087495              9.7              26224000        2709837.4
00:32:29.488 INFO  ProgressMeter -      chr13:110634589              9.8              26669000        2709153.8
00:32:39.508 INFO  ProgressMeter -       chr14:22532403             10.0              27117000        2708706.9
00:32:49.526 INFO  ProgressMeter -       chr14:33929229             10.2              27566000        2708386.2
00:32:59.527 INFO  ProgressMeter -       chr14:57268417             10.3              28011000        2707767.8
00:33:09.530 INFO  ProgressMeter -       chr14:69528010             10.5              28458000        2707342.0
00:33:19.547 INFO  ProgressMeter -       chr14:77377703             10.7              28906000        2706968.3
00:33:29.567 INFO  ProgressMeter -       chr14:96305667             10.8              29352000        2706409.2
00:33:39.582 INFO  ProgressMeter -      chr14:104942628             11.0              29800000        2706069.1
00:33:49.603 INFO  ProgressMeter -       chr15:34255169             11.2              30246000        2705536.1
00:33:59.613 INFO  ProgressMeter -       chr15:42154448             11.3              30694000        2705238.8
00:34:09.630 INFO  ProgressMeter -       chr15:48244669             11.5              31141000        2704835.8
00:34:19.639 INFO  ProgressMeter -       chr15:61972875             11.7              31585000        2704218.4
00:34:29.645 INFO  ProgressMeter -       chr15:70668889             11.8              32031000        2703798.5
00:34:39.657 INFO  ProgressMeter -       chr15:77898058             12.0              32478000        2703451.1
00:34:49.679 INFO  ProgressMeter -       chr15:88887371             12.2              32926000        2703162.0
00:34:59.696 INFO  ProgressMeter -      chr15:101757058             12.3              33375000        2702972.7
00:35:09.709 INFO  ProgressMeter -        chr16:1788849             12.5              33826000        2702966.2
00:35:19.725 INFO  ProgressMeter -        chr16:4682707             12.7              34282000        2703343.5
00:35:29.735 INFO  ProgressMeter -       chr16:20311282             12.8              34757000        2705210.9
00:35:39.753 INFO  ProgressMeter -       chr16:28897827             13.0              35233000        2707082.9
00:35:49.756 INFO  ProgressMeter -       chr16:31462131             13.2              35711000        2709103.8
00:35:59.765 INFO  ProgressMeter -       chr16:57069587             13.3              36186000        2710835.9
00:36:09.784 INFO  ProgressMeter -       chr16:67827297             13.5              36664000        2712707.1
00:36:19.788 INFO  ProgressMeter -       chr16:74079054             13.7              37140000        2714439.4
00:36:29.806 INFO  ProgressMeter -       chr16:88534329             13.8              37616000        2716084.1
00:36:39.814 INFO  ProgressMeter -        chr17:2700371             14.0              38093000        2717793.4
00:36:49.829 INFO  ProgressMeter -        chr17:7193026             14.2              38570000        2719440.1
00:36:59.835 INFO  ProgressMeter -       chr17:10506104             14.3              39047000        2721076.9
00:37:09.850 INFO  ProgressMeter -       chr17:19014895             14.5              39523000        2722579.1
00:37:19.867 INFO  ProgressMeter -       chr17:29695416             14.7              40000000        2724112.1
00:37:29.884 INFO  ProgressMeter -       chr17:39526256             14.9              40468000        2724998.6
00:37:39.898 INFO  ProgressMeter -       chr17:42823685             15.0              40945000        2726476.7
00:37:49.907 INFO  ProgressMeter -       chr17:47916580             15.2              41422000        2727937.3
00:37:59.910 INFO  ProgressMeter -       chr17:58278311             15.4              41899000        2729383.9
00:38:09.926 INFO  ProgressMeter -       chr17:65536876             15.5              42375000        2730696.9
00:38:19.936 INFO  ProgressMeter -       chr17:75640844             15.7              42851000        2731999.3
00:38:29.937 INFO  ProgressMeter -       chr17:80294855             15.9              43328000        2733363.3
00:38:39.940 INFO  ProgressMeter -        chr18:3164262             16.0              43810000        2735005.4
00:38:49.948 INFO  ProgressMeter -       chr18:26274963             16.2              44287000        2736290.6
00:38:59.956 INFO  ProgressMeter -       chr18:51048728             16.4              44761000        2737366.1
00:39:09.957 INFO  ProgressMeter -         chr19:375871             16.5              45242000        2738863.0
00:39:19.977 INFO  ProgressMeter -        chr19:3479224             16.7              45725000        2740397.9
00:39:29.984 INFO  ProgressMeter -        chr19:6754917             16.9              46209000        2741996.9
00:39:40.001 INFO  ProgressMeter -       chr19:10284841             17.0              46701000        2744010.5
00:39:50.010 INFO  ProgressMeter -       chr19:13285526             17.2              47189000        2745768.1
00:40:00.026 INFO  ProgressMeter -       chr19:17424105             17.4              47674000        2747305.9
00:40:10.042 INFO  ProgressMeter -       chr19:28423941             17.5              48152000        2748409.7
00:40:20.050 INFO  ProgressMeter -       chr19:36825708             17.7              48633000        2749685.5
00:40:30.057 INFO  ProgressMeter -       chr19:41024253             17.9              49114000        2750940.1
00:40:40.068 INFO  ProgressMeter -       chr19:45263060             18.0              49600000        2752438.7
00:40:50.083 INFO  ProgressMeter -       chr19:48680650             18.2              50085000        2753844.7
00:41:00.097 INFO  ProgressMeter -       chr19:50952654             18.4              50574000        2755445.6
00:41:10.118 INFO  ProgressMeter -       chr19:55708616             18.5              51056000        2756624.8
00:41:20.135 INFO  ProgressMeter -         chr2:7040045             18.7              51536000        2757680.9
00:41:30.147 INFO  ProgressMeter -        chr2:26458104             18.9              52020000        2758945.0
00:41:40.159 INFO  ProgressMeter -        chr2:33309182             19.0              52509000        2760449.8
00:41:50.179 INFO  ProgressMeter -        chr2:54973646             19.2              52992000        2761596.5
00:42:00.182 INFO  ProgressMeter -        chr2:73453258             19.4              53469000        2762454.0
00:42:10.186 INFO  ProgressMeter -        chr2:91706043             19.5              53950000        2763501.6
00:42:20.188 INFO  ProgressMeter -       chr2:106490854             19.7              54424000        2764176.0
00:42:30.206 INFO  ProgressMeter -       chr2:127628084             19.9              54904000        2765106.5
00:42:40.222 INFO  ProgressMeter -       chr2:151690751             20.0              55383000        2765976.0
00:42:50.228 INFO  ProgressMeter -       chr2:171391914             20.2              55857000        2766606.4
00:43:00.244 INFO  ProgressMeter -       chr2:185790059             20.4              56340000        2767646.0
00:43:10.252 INFO  ProgressMeter -       chr2:203396757             20.5              56821000        2768591.4
00:43:20.271 INFO  ProgressMeter -       chr2:218693954             20.7              57298000        2769301.4
00:43:30.281 INFO  ProgressMeter -       chr2:230504323             20.9              57777000        2770113.7
00:43:40.289 INFO  ProgressMeter -       chr2:240529088             21.0              58257000        2770967.2
00:43:50.300 INFO  ProgressMeter -        chr20:3703874             21.2              58741000        2771989.6
00:44:00.319 INFO  ProgressMeter -       chr20:25306936             21.4              59227000        2773072.3
00:44:10.320 INFO  ProgressMeter -       chr20:35655096             21.5              59710000        2774037.4
00:44:20.340 INFO  ProgressMeter -       chr20:45702318             21.7              60186000        2774624.6
00:44:30.360 INFO  ProgressMeter -       chr20:57699980             21.9              60662000        2775202.7
00:44:40.379 INFO  ProgressMeter -        chr21:5146642             22.0              61139000        2775819.6
00:44:50.394 INFO  ProgressMeter -       chr21:37013517             22.2              61613000        2776300.4
00:45:00.400 INFO  ProgressMeter -       chr21:46138398             22.4              62088000        2776837.3
00:45:10.412 INFO  ProgressMeter -       chr22:20749488             22.5              62563000        2777354.0
00:45:20.431 INFO  ProgressMeter -       chr22:28099080             22.7              63038000        2777848.8
00:45:30.436 INFO  ProgressMeter -       chr22:36253945             22.9              63513000        2778364.7
00:45:40.443 INFO  ProgressMeter -       chr22:41178096             23.0              63989000        2778914.5
00:45:50.455 INFO  ProgressMeter -       chr22:50084982             23.2              64465000        2779444.5
00:46:00.466 INFO  ProgressMeter -         chr3:9987976             23.4              64942000        2780009.7
00:46:10.474 INFO  ProgressMeter -        chr3:28241767             23.5              65416000        2780447.3
00:46:20.475 INFO  ProgressMeter -        chr3:42692960             23.7              65890000        2780892.4
00:46:30.475 INFO  ProgressMeter -        chr3:48600241             23.9              66366000        2781417.0
00:46:40.494 INFO  ProgressMeter -        chr3:51420495             24.0              66845000        2782022.5
00:46:50.496 INFO  ProgressMeter -        chr3:58078898             24.2              67321000        2782528.3
00:47:00.506 INFO  ProgressMeter -       chr3:100177987             24.4              67794000        2782890.7
00:47:10.520 INFO  ProgressMeter -       chr3:121487286             24.5              68267000        2783236.8
00:47:20.538 INFO  ProgressMeter -       chr3:129456121             24.7              68743000        2783694.1
00:47:30.552 INFO  ProgressMeter -       chr3:143012103             24.9              69217000        2784072.2
00:47:40.559 INFO  ProgressMeter -       chr3:171686950             25.0              69690000        2784418.3
00:47:50.561 INFO  ProgressMeter -       chr3:189207291             25.2              70165000        2784848.5
00:48:00.575 INFO  ProgressMeter -         chr4:2157620             25.4              70642000        2785329.9
00:48:10.575 INFO  ProgressMeter -        chr4:10087930             25.5              71119000        2785830.4
00:48:20.575 INFO  ProgressMeter -        chr4:42144373             25.7              71592000        2786168.8
00:48:30.578 INFO  ProgressMeter -        chr4:73120234             25.9              72064000        2786458.8
00:48:40.599 INFO  ProgressMeter -        chr4:89248544             26.0              72538000        2786789.7
00:48:50.604 INFO  ProgressMeter -       chr4:118738229             26.2              73011000        2787106.7
00:49:00.615 INFO  ProgressMeter -       chr4:150900051             26.4              73484000        2787410.8
00:49:10.619 INFO  ProgressMeter -       chr4:185146720             26.5              73957000        2787721.6
00:49:20.633 INFO  ProgressMeter -        chr5:16452871             26.7              74432000        2788084.3
00:49:30.642 INFO  ProgressMeter -        chr5:43656754             26.9              74905000        2788378.4
00:49:40.644 INFO  ProgressMeter -        chr5:75210857             27.0              75378000        2788682.7
00:49:50.655 INFO  ProgressMeter -       chr5:101664536             27.2              75851000        2788964.4
00:50:00.665 INFO  ProgressMeter -       chr5:132595902             27.4              76324000        2789246.1
00:50:10.674 INFO  ProgressMeter -       chr5:141194256             27.5              76799000        2789598.7
00:50:20.679 INFO  ProgressMeter -       chr5:150378893             27.7              77274000        2789953.7
00:50:30.692 INFO  ProgressMeter -       chr5:169841216             27.9              77749000        2790291.2
00:50:40.712 INFO  ProgressMeter -       chr5:179723575             28.0              78225000        2790648.7
00:50:50.721 INFO  ProgressMeter -        chr6:17130634             28.2              78700000        2790984.7
00:51:00.741 INFO  ProgressMeter -        chr6:33437591             28.4              79174000        2791263.4
00:51:10.742 INFO  ProgressMeter -        chr6:41638623             28.5              79651000        2791675.0
00:51:20.763 INFO  ProgressMeter -        chr6:49447207             28.7              80129000        2792084.2
00:51:30.779 INFO  ProgressMeter -        chr6:75860946             28.9              80602000        2792323.5
00:51:40.781 INFO  ProgressMeter -       chr6:108167804             29.0              81075000        2792582.5
00:51:50.791 INFO  ProgressMeter -       chr6:131603106             29.2              81556000        2793099.8
00:52:00.796 INFO  ProgressMeter -       chr6:150971963             29.4              82036000        2793585.1
00:52:10.799 INFO  ProgressMeter -       chr6:167870501             29.5              82518000        2794135.7
00:52:20.800 INFO  ProgressMeter -         chr7:6425889             29.7              83000000        2794684.9
00:52:30.801 INFO  ProgressMeter -        chr7:30452707             29.9              83483000        2795258.4
00:52:40.806 INFO  ProgressMeter -        chr7:47277929             30.0              83968000        2795887.4
00:52:50.811 INFO  ProgressMeter -        chr7:73841003             30.2              84453000        2796509.4
00:53:00.812 INFO  ProgressMeter -        chr7:92450589             30.4              84933000        2796966.1
00:53:10.823 INFO  ProgressMeter -       chr7:100751235             30.5              85418000        2797566.3
00:53:20.843 INFO  ProgressMeter -       chr7:111124108             30.7              85897000        2797952.4
00:53:30.859 INFO  ProgressMeter -       chr7:130610467             30.9              86379000        2798434.6
00:53:40.877 INFO  ProgressMeter -       chr7:144363179             31.0              86865000        2799038.9
00:53:50.883 INFO  ProgressMeter -       chr7:157220843             31.2              87355000        2799782.9
00:54:00.891 INFO  ProgressMeter -        chr8:22287268             31.4              87833000        2800133.5
00:54:10.898 INFO  ProgressMeter -        chr8:37840634             31.5              88310000        2800451.6
00:54:20.907 INFO  ProgressMeter -        chr8:61300099             31.7              88791000        2800886.6
00:54:30.910 INFO  ProgressMeter -        chr8:89914524             31.9              89272000        2801327.4
00:54:40.911 INFO  ProgressMeter -       chr8:117161811             32.0              89757000        2801891.3
00:54:50.932 INFO  ProgressMeter -       chr8:142229304             32.2              90236000        2802234.1
00:55:00.936 INFO  ProgressMeter -         chr9:2645187             32.4              90714000        2802568.4
00:55:10.957 INFO  ProgressMeter -        chr9:33307189             32.5              91189000        2802779.8
00:55:20.976 INFO  ProgressMeter -        chr9:60918830             32.7              91675000        2803331.1
00:55:30.990 INFO  ProgressMeter -        chr9:87967244             32.9              92150000        2803546.4
00:55:41.009 INFO  ProgressMeter -       chr9:101425419             33.0              92625000        2803753.9
00:55:51.023 INFO  ProgressMeter -       chr9:115059714             33.2              93100000        2803966.3
00:56:01.040 INFO  ProgressMeter -       chr9:127731041             33.4              93576000        2804202.4
00:56:11.055 INFO  ProgressMeter -       chr9:131483453             33.5              94054000        2804499.9
00:56:21.067 INFO  ProgressMeter -       chr9:136761637             33.7              94531000        2804766.2
00:56:31.081 INFO  ProgressMeter - chr5_KI270791v1_alt:183574             33.9              95008000        2805028.5
00:56:41.089 INFO  ProgressMeter - chr14_KI270846v1_alt:332355             34.0              95480000        2805149.6
00:56:51.104 INFO  ProgressMeter - chr19_GL949746v1_alt:158272             34.2              95953000        2805289.2
00:57:01.120 INFO  ProgressMeter - chr6_GL000252v2_alt:1909189             34.4              96425000        2805397.0
00:57:11.129 INFO  ProgressMeter - chr19_GL949751v2_alt:997289             34.5              96897000        2805513.1
00:57:21.147 INFO  ProgressMeter -        chrX:13599898             34.7              97371000        2805675.1
00:57:31.152 INFO  ProgressMeter -        chrX:35985892             34.9              97844000        2805821.5
00:57:41.158 INFO  ProgressMeter -        chrX:49205871             35.0              98319000        2806023.7
00:57:51.160 INFO  ProgressMeter -        chrX:65716818             35.2              98795000        2806257.6
00:58:01.180 INFO  ProgressMeter -        chrX:80572555             35.4              99270000        2806437.2
00:58:11.194 INFO  ProgressMeter -       chrX:108221065             35.5              99744000        2806595.0
00:58:21.208 INFO  ProgressMeter -       chrX:131058304             35.7             100218000        2806752.5
00:58:31.209 INFO  ProgressMeter -       chrX:153561975             35.9             100691000        2806896.4
00:58:41.217 INFO  ProgressMeter - chr2_KQ983256v1_alt:405558             36.0             101167000        2807111.8
00:58:51.232 INFO  ProgressMeter - chr12_KN538369v1_fix:307263             36.2             101639000        2807208.3
00:59:01.234 INFO  ProgressMeter - chr22_KQ759762v1_fix:58218             36.4             102111000        2807318.0
00:59:11.250 INFO  ProgressMeter - chr1_MU273333v1_fix:1165766             36.5             102584000        2807438.8
00:59:21.268 INFO  ProgressMeter - chr14_MU273373v1_fix:217069             36.7             103055000        2807498.8
00:59:29.755 INFO  ApplyBQSR - 0 read(s) filtered by: WellformedReadFilter 

00:59:29.756 INFO  ProgressMeter -             unmapped             36.8             103455092        2807579.5
00:59:29.756 INFO  ProgressMeter - Traversal complete. Processed 103455092 total reads in 36.8 minutes.
00:59:29.810 INFO  ApplyBQSR - Shutting down engine
[September 21, 2026 at 12:59:29 AM CST] org.broadinstitute.hellbender.tools.walkers.bqsr.ApplyBQSR done. Elapsed time: 36.94 minutes.
Runtime.totalMemory()=201326592
Using GATK jar /lustre1/share/miniconda3/envs/wes/share/gatk4-4.6.2.0-1/gatk-package-4.6.2.0-local.jar
Running:
    java -Dsamjdk.use_async_io_read_samtools=false -Dsamjdk.use_async_io_write_samtools=true -Dsamjdk.use_async_io_write_tribble=false -Dsamjdk.compression_level=2 -Xmx12g -XX:ParallelGCThreads=4 -jar /lustre1/share/miniconda3/envs/wes/share/gatk4-4.6.2.0-1/gatk-package-4.6.2.0-local.jar HaplotypeCaller -ERC GVCF -R /lustre1/share/references/hg38.fa -I /lustre1/user/bjx131_pkuhpc/wes_run_full_20260920/1_alignment/PBMC/blood_sorted.markdup.BQSR.bam -D /lustre1/share/references/dbsnp_138.hg38.vcf -L /lustre1/share/references/S07604514_AllTracks_V6_60_hg38.bed --native-pair-hmm-threads 8 -O /lustre1/user/bjx131_pkuhpc/wes_run_full_20260920/1_alignment/PBMC/blood.g.vcf
00:59:32.110 INFO  NativeLibraryLoader - Loading libgkl_compression.so from jar:file:/lustre1/share/miniconda3/envs/wes/share/gatk4-4.6.2.0-1/gatk-package-4.6.2.0-local.jar!/com/intel/gkl/native/libgkl_compression.so
00:59:32.292 INFO  HaplotypeCaller - ------------------------------------------------------------
00:59:32.295 INFO  HaplotypeCaller - The Genome Analysis Toolkit (GATK) v4.6.2.0
00:59:32.295 INFO  HaplotypeCaller - For support and documentation go to https://software.broadinstitute.org/gatk/
00:59:32.295 INFO  HaplotypeCaller - Executing as bjx131_pkuhpc@c06b01n01 on Linux v4.18.0-477.10.1.el8_8.x86_64 amd64
00:59:32.295 INFO  HaplotypeCaller - Java runtime: OpenJDK 64-Bit Server VM v17.0.3-internal+0-adhoc..src
00:59:32.296 INFO  HaplotypeCaller - Start Date/Time: September 21, 2026 at 12:59:32 AM CST
00:59:32.296 INFO  HaplotypeCaller - ------------------------------------------------------------
00:59:32.296 INFO  HaplotypeCaller - ------------------------------------------------------------
00:59:32.297 INFO  HaplotypeCaller - HTSJDK Version: 4.2.0
00:59:32.297 INFO  HaplotypeCaller - Picard Version: 3.4.0
00:59:32.298 INFO  HaplotypeCaller - Built for Spark Version: 3.5.0
00:59:32.300 INFO  HaplotypeCaller - HTSJDK Defaults.COMPRESSION_LEVEL : 2
00:59:32.301 INFO  HaplotypeCaller - HTSJDK Defaults.USE_ASYNC_IO_READ_FOR_SAMTOOLS : false
00:59:32.301 INFO  HaplotypeCaller - HTSJDK Defaults.USE_ASYNC_IO_WRITE_FOR_SAMTOOLS : true
00:59:32.301 INFO  HaplotypeCaller - HTSJDK Defaults.USE_ASYNC_IO_WRITE_FOR_TRIBBLE : false
00:59:32.302 INFO  HaplotypeCaller - Deflater: IntelDeflater
00:59:32.302 INFO  HaplotypeCaller - Inflater: IntelInflater
00:59:32.302 INFO  HaplotypeCaller - GCS max retries/reopens: 20
00:59:32.302 INFO  HaplotypeCaller - Requester pays: disabled
00:59:32.303 INFO  HaplotypeCaller - Initializing engine
00:59:32.578 INFO  FeatureManager - Using codec VCFCodec to read file file:///lustre1/share/references/dbsnp_138.hg38.vcf
00:59:32.808 INFO  FeatureManager - Using codec BEDCodec to read file file:///lustre1/share/references/S07604514_AllTracks_V6_60_hg38.bed
00:59:33.338 INFO  IntervalArgumentCollection - Processing 60507855 bp from intervals
00:59:33.594 INFO  HaplotypeCaller - Done initializing engine
00:59:33.598 INFO  HaplotypeCallerEngine - Tool is in reference confidence mode and the annotation, the following changes will be made to any specified annotations: 'StrandBiasBySample' will be enabled. 'ChromosomeCounts', 'FisherStrand', 'StrandOddsRatio' and 'QualByDepth' annotations have been disabled
00:59:33.627 INFO  NativeLibraryLoader - Loading libgkl_utils.so from jar:file:/lustre1/share/miniconda3/envs/wes/share/gatk4-4.6.2.0-1/gatk-package-4.6.2.0-local.jar!/com/intel/gkl/native/libgkl_utils.so
00:59:33.636 INFO  SmithWatermanAligner - AVX accelerated SmithWaterman implementation is not supported, falling back to the Java implementation
00:59:33.642 INFO  HaplotypeCallerEngine - Standard Emitting and Calling confidence set to -0.0 for reference-model confidence output
00:59:33.642 INFO  HaplotypeCallerEngine - All sites annotated with PLs forced to true for reference-model confidence output
00:59:33.653 INFO  NativeLibraryLoader - Loading libgkl_pairhmm_omp.so from jar:file:/lustre1/share/miniconda3/envs/wes/share/gatk4-4.6.2.0-1/gatk-package-4.6.2.0-local.jar!/com/intel/gkl/native/libgkl_pairhmm_omp.so
00:59:33.688 INFO  IntelPairHmm - Flush-to-zero (FTZ) is enabled when running PairHMM
00:59:33.689 INFO  IntelPairHmm - Available threads: 16
00:59:33.689 INFO  IntelPairHmm - Requested threads: 8
00:59:33.689 INFO  PairHMM - Using the OpenMP multi-threaded AVX-accelerated native PairHMM implementation
00:59:33.795 INFO  ProgressMeter - Starting traversal
00:59:33.795 INFO  ProgressMeter -        Current Locus  Elapsed Minutes     Regions Processed   Regions/Minute
00:59:34.588 WARN  InbreedingCoeff - InbreedingCoeff will not be calculated at position chr1:13649 and possibly subsequent; at least 10 samples must have called genotypes
00:59:43.983 INFO  ProgressMeter -         chr1:1087493              0.2                   390           2296.8
00:59:54.012 INFO  ProgressMeter -         chr1:1574490              0.3                   820           2433.6
01:00:04.228 INFO  ProgressMeter -         chr1:3499923              0.5                  1470           2898.2
01:00:14.243 INFO  ProgressMeter -         chr1:6550362              0.7                  2020           2996.4
01:00:24.325 INFO  ProgressMeter -        chr1:10258482              0.8                  2620           3111.1
01:00:34.337 INFO  ProgressMeter -        chr1:11835998              1.0                  3210           3181.3
01:00:37.095 WARN  DepthPerSampleHC - org.broadinstitute.hellbender.tools.walkers.annotator.DepthPerSampleHC$$Lambda$604/0x0000000801244ae8@4960d70c
01:00:37.096 WARN  StrandBiasBySample - org.broadinstitute.hellbender.tools.walkers.annotator.StrandBiasBySample$$Lambda$605/0x0000000801244d10@54b9e65a
01:00:44.735 INFO  ProgressMeter -        chr1:13475932              1.2                  3700           3129.4
01:00:54.833 INFO  ProgressMeter -        chr1:16155666              1.4                  4240           3139.3
01:01:04.844 INFO  ProgressMeter -        chr1:19770576              1.5                  5220           3439.9
01:01:14.890 INFO  ProgressMeter -        chr1:21832254              1.7                  5770           3424.5
01:01:24.965 INFO  ProgressMeter -        chr1:24090176              1.9                  6400           3454.2
01:01:35.183 INFO  ProgressMeter -        chr1:26426308              2.0                  7010           3465.0
01:01:45.275 INFO  ProgressMeter -        chr1:29060456              2.2                  7710           3518.4
01:01:55.422 INFO  ProgressMeter -        chr1:32275285              2.4                  8350           3537.5
01:02:05.491 INFO  ProgressMeter -        chr1:35398339              2.5                  9010           3563.7
01:02:15.615 INFO  ProgressMeter -        chr1:37989680              2.7                  9700           3596.6
01:02:25.693 INFO  ProgressMeter -        chr1:40632964              2.9                 10360           3616.1
01:02:35.714 INFO  ProgressMeter -        chr1:43430857              3.0                 10970           3618.1
01:02:45.887 INFO  ProgressMeter -        chr1:45339932              3.2                 11550           3607.6
01:02:55.906 INFO  ProgressMeter -        chr1:48239353              3.4                 12200           3621.8
01:03:06.023 INFO  ProgressMeter -        chr1:54139992              3.5                 12980           3669.6
01:03:16.103 INFO  ProgressMeter -        chr1:61426657              3.7                 13650           3684.1
01:03:26.142 INFO  ProgressMeter -        chr1:68159186              3.9                 14440           3728.9
01:03:36.168 INFO  ProgressMeter -        chr1:84299378              4.0                 15270           3780.1
01:03:46.203 INFO  ProgressMeter -        chr1:91377992              4.2                 16080           3822.4
01:03:56.271 INFO  ProgressMeter -       chr1:100121389              4.4                 16930           3870.1
01:04:06.442 INFO  ProgressMeter -       chr1:109507672              4.5                 17800           3917.2
01:04:16.606 INFO  ProgressMeter -       chr1:111981709              4.7                 18400           3903.7
01:04:26.666 INFO  ProgressMeter -       chr1:116949345              4.9                 19130           3919.1
01:04:36.773 INFO  ProgressMeter -       chr1:145895191              5.0                 20310           4022.1
01:04:46.798 INFO  ProgressMeter -       chr1:150509798              5.2                 21550           4131.0
01:04:56.805 INFO  ProgressMeter -       chr1:151706315              5.4                 22170           4118.1
01:05:06.913 INFO  ProgressMeter -       chr1:152805470              5.6                 22600           4070.6
01:05:17.076 INFO  ProgressMeter -       chr1:154598390              5.7                 23290           4070.7
01:05:27.192 INFO  ProgressMeter -       chr1:155962608              5.9                 24040           4081.5
01:05:37.309 INFO  ProgressMeter -       chr1:157125585              6.1                 24720           4080.2
01:05:47.750 INFO  ProgressMeter -       chr1:159858301              6.2                 25320           4062.5
01:05:57.885 INFO  ProgressMeter -       chr1:161122201              6.4                 25900           4045.9
01:06:07.922 INFO  ProgressMeter -       chr1:166849292              6.6                 26550           4041.8
01:06:18.022 INFO  ProgressMeter -       chr1:171154096              6.7                 27260           4046.2
01:06:28.102 INFO  ProgressMeter -       chr1:177229991              6.9                 28000           4055.0
01:06:38.107 INFO  ProgressMeter -       chr1:182460631              7.1                 28690           4056.9
01:06:48.107 INFO  ProgressMeter -       chr1:186356299              7.2                 29440           4067.1
01:06:58.346 INFO  ProgressMeter -       chr1:201207018              7.4                 30300           4089.5
01:07:08.410 INFO  ProgressMeter -       chr1:202966683              7.6                 30910           4079.5
01:07:18.538 INFO  ProgressMeter -       chr1:205078704              7.7                 31510           4068.1
01:07:28.583 INFO  ProgressMeter -       chr1:207580383              7.9                 32190           4067.9
01:07:38.648 INFO  ProgressMeter -       chr1:214401663              8.1                 32910           4072.6
01:07:48.794 INFO  ProgressMeter -       chr1:223615744              8.2                 33690           4083.6
01:07:58.911 INFO  ProgressMeter -       chr1:227748094              8.4                 34450           4092.1
01:08:08.976 INFO  ProgressMeter -       chr1:230693244              8.6                 35090           4086.7
01:08:19.014 INFO  ProgressMeter -       chr1:236250020              8.8                 35880           4098.9
01:08:29.092 INFO  ProgressMeter -       chr1:245370459              8.9                 36730           4117.0
01:08:39.132 INFO  ProgressMeter -       chr1:248856548              9.1                 37380           4112.7
01:08:49.187 INFO  ProgressMeter -        chr10:5651379              9.3                 37980           4103.0
01:08:59.388 INFO  ProgressMeter -       chr10:12998387              9.4                 38670           4102.2
01:09:09.485 INFO  ProgressMeter -       chr10:18539405              9.6                 39420           4108.5
01:09:19.643 INFO  ProgressMeter -       chr10:27155473              9.8                 40230           4120.2
01:09:29.650 INFO  ProgressMeter -       chr10:38054634              9.9                 41070           4135.6
01:09:39.746 INFO  ProgressMeter -       chr10:48450950             10.1                 42060           4164.7
01:09:49.755 INFO  ProgressMeter -       chr10:54020142             10.3                 42730           4162.3
01:09:59.798 INFO  ProgressMeter -       chr10:68446234             10.4                 43490           4168.4
01:10:09.825 INFO  ProgressMeter -       chr10:71617260             10.6                 44210           4170.6
01:10:19.992 INFO  ProgressMeter -       chr10:73817498             10.8                 44920           4170.9
01:10:30.033 INFO  ProgressMeter -       chr10:84225272             10.9                 45730           4181.1
01:10:40.127 INFO  ProgressMeter -       chr10:91855543             11.1                 46540           4190.7
01:10:50.133 INFO  ProgressMeter -       chr10:95823216             11.3                 47320           4197.9
01:11:00.203 INFO  ProgressMeter -       chr10:98390466             11.4                 48000           4195.8
01:11:10.228 INFO  ProgressMeter -      chr10:101067958             11.6                 48660           4192.2
01:11:20.317 INFO  ProgressMeter -      chr10:103434165             11.8                 49320           4188.4
01:11:30.380 INFO  ProgressMeter -      chr10:112404726             11.9                 50020           4188.2
01:11:40.500 INFO  ProgressMeter -      chr10:119037114             12.1                 50840           4197.6
01:11:50.589 INFO  ProgressMeter -      chr10:123666704             12.3                 51580           4200.4
01:12:00.640 INFO  ProgressMeter -      chr10:128109363             12.4                 52170           4191.2
01:12:10.811 INFO  ProgressMeter -      chr10:133352249             12.6                 52760           4181.7
01:12:20.928 INFO  ProgressMeter -         chr11:698845             12.8                 53480           4182.8
01:12:30.953 INFO  ProgressMeter -        chr11:2413119             13.0                 54310           4193.0
01:12:41.354 INFO  ProgressMeter -        chr11:5323861             13.1                 54970           4187.9
01:12:51.399 INFO  ProgressMeter -        chr11:6448968             13.3                 55390           4166.7
01:13:01.437 INFO  ProgressMeter -        chr11:7772961             13.5                 55920           4154.3
01:13:11.440 INFO  ProgressMeter -       chr11:11905408             13.6                 56670           4158.5
01:13:21.611 INFO  ProgressMeter -       chr11:17569153             13.8                 57390           4159.6
01:13:31.692 INFO  ProgressMeter -       chr11:22250262             14.0                 58100           4160.4
01:13:41.705 INFO  ProgressMeter -       chr11:34146094             14.1                 58900           4167.9
01:13:51.731 INFO  ProgressMeter -       chr11:45810631             14.3                 59540           4163.9
01:14:01.779 INFO  ProgressMeter -       chr11:47347839             14.5                 60160           4158.6
01:14:11.854 INFO  ProgressMeter -       chr11:57387960             14.6                 61090           4174.4
01:14:21.938 INFO  ProgressMeter -       chr11:60703255             14.8                 61790           4174.3
01:14:32.024 INFO  ProgressMeter -       chr11:61956047             15.0                 62410           4168.9
01:14:42.057 INFO  ProgressMeter -       chr11:62999007             15.1                 62980           4160.5
01:14:52.080 INFO  ProgressMeter -       chr11:64351049             15.3                 63520           4150.3
01:15:02.153 INFO  ProgressMeter -       chr11:65086838             15.5                 64030           4138.3
01:15:12.358 INFO  ProgressMeter -       chr11:65720054             15.6                 64550           4126.5
01:15:22.399 INFO  ProgressMeter -       chr11:66495735             15.8                 65060           4115.1
01:15:32.473 INFO  ProgressMeter -       chr11:67492946             16.0                 65630           4107.5
01:15:42.536 INFO  ProgressMeter -       chr11:70489406             16.1                 66300           4106.4
01:15:52.670 INFO  ProgressMeter -       chr11:72889786             16.3                 66900           4100.6
01:16:02.697 INFO  ProgressMeter -       chr11:76661337             16.5                 67620           4102.7
01:16:12.737 INFO  ProgressMeter -       chr11:83833700             16.6                 68280           4101.1
01:16:22.759 INFO  ProgressMeter -       chr11:94471544             16.8                 69220           4116.3
01:16:32.780 INFO  ProgressMeter -      chr11:104891352             17.0                 70030           4123.5
01:16:42.783 INFO  ProgressMeter -      chr11:112194674             17.1                 70890           4133.6
01:16:52.873 INFO  ProgressMeter -      chr11:117395431             17.3                 71580           4133.3
01:17:03.060 INFO  ProgressMeter -      chr11:119134341             17.5                 72320           4135.5
01:17:13.142 INFO  ProgressMeter -      chr11:123084594             17.7                 72940           4131.2
01:17:23.190 INFO  ProgressMeter -      chr11:125573501             17.8                 73500           4123.8
01:17:33.203 INFO  ProgressMeter -      chr11:130261775             18.0                 74150           4121.7
01:17:43.262 INFO  ProgressMeter -        chr12:1027864             18.2                 74840           4121.6
01:17:53.445 INFO  ProgressMeter -        chr12:6018967             18.3                 75610           4125.5
01:18:03.555 INFO  ProgressMeter -        chr12:6915713             18.5                 76220           4120.9
01:18:14.085 INFO  ProgressMeter -        chr12:9301214             18.7                 77070           4127.7
01:18:24.086 INFO  ProgressMeter -       chr12:14679601             18.8                 77950           4137.9
01:18:34.196 INFO  ProgressMeter -       chr12:26481051             19.0                 78900           4151.2
01:18:44.216 INFO  ProgressMeter -       chr12:39340900             19.2                 79790           4161.4
01:18:54.303 INFO  ProgressMeter -       chr12:44376696             19.3                 80490           4161.5
01:19:04.345 INFO  ProgressMeter -       chr12:48568386             19.5                 81140           4159.1
01:19:14.460 INFO  ProgressMeter -       chr12:49792631             19.7                 81770           4155.5
01:19:24.501 INFO  ProgressMeter -       chr12:51976181             19.8                 82470           4155.7
01:19:34.533 INFO  ProgressMeter -       chr12:53062803             20.0                 83080           4151.4
01:19:44.667 INFO  ProgressMeter -       chr12:54854969             20.2                 83770           4150.9
01:19:54.693 INFO  ProgressMeter -       chr12:56254703             20.3                 84400           4147.8
01:20:04.878 INFO  ProgressMeter -       chr12:57244084             20.5                 85030           4144.2
01:20:14.937 INFO  ProgressMeter -       chr12:62602877             20.7                 85690           4142.5
01:20:25.099 INFO  ProgressMeter -       chr12:70609695             20.9                 86550           4150.1
01:20:35.182 INFO  ProgressMeter -       chr12:84863411             21.0                 87480           4161.1
01:20:45.226 INFO  ProgressMeter -       chr12:96017484             21.2                 88330           4168.4
01:20:55.352 INFO  ProgressMeter -      chr12:103712280             21.4                 89270           4179.4
01:21:05.447 INFO  ProgressMeter -      chr12:108701180             21.5                 90020           4181.6
01:21:15.507 INFO  ProgressMeter -      chr12:111319815             21.7                 90740           4182.5
01:21:25.601 INFO  ProgressMeter -      chr12:113278557             21.9                 91410           4181.0
01:21:35.642 INFO  ProgressMeter -      chr12:120090870             22.0                 92100           4180.5
01:21:45.791 INFO  ProgressMeter -      chr12:121921442             22.2                 92730           4177.0
01:21:55.899 INFO  ProgressMeter -      chr12:123712696             22.4                 93460           4178.2
01:22:06.003 INFO  ProgressMeter -      chr12:131725436             22.5                 94150           4177.6
01:22:16.026 INFO  ProgressMeter -       chr13:20062824             22.7                 94930           4181.2
01:22:26.096 INFO  ProgressMeter -       chr13:25576920             22.9                 95630           4181.2
01:22:36.178 INFO  ProgressMeter -       chr13:32521446             23.0                 96400           4184.1
01:22:46.190 INFO  ProgressMeter -       chr13:41193161             23.2                 97110           4184.6
01:22:56.282 INFO  ProgressMeter -       chr13:49480248             23.4                 97940           4190.0
01:23:06.285 INFO  ProgressMeter -       chr13:72826917             23.5                 98700           4192.6
01:23:16.333 INFO  ProgressMeter -       chr13:98244532             23.7                 99530           4198.0
01:23:26.356 INFO  ProgressMeter -      chr13:102796757             23.9                100200           4196.7
01:23:36.356 INFO  ProgressMeter -      chr13:112873589             24.0                100850           4194.6
01:23:46.516 INFO  ProgressMeter -       chr14:21001413             24.2                101720           4201.2
01:23:56.589 INFO  ProgressMeter -       chr14:22478842             24.4                102360           4198.5
01:24:06.637 INFO  ProgressMeter -       chr14:23405553             24.5                102970           4194.7
01:24:16.729 INFO  ProgressMeter -       chr14:32090577             24.7                104070           4210.7
01:24:26.768 INFO  ProgressMeter -       chr14:45217017             24.9                104930           4217.0
01:24:36.772 INFO  ProgressMeter -       chr14:52750657             25.0                105740           4221.2
01:24:46.854 INFO  ProgressMeter -       chr14:60734821             25.2                106650           4229.2
01:24:56.876 INFO  ProgressMeter -       chr14:65411969             25.4                107360           4229.3
01:25:06.908 INFO  ProgressMeter -       chr14:70457621             25.6                108020           4227.5
01:25:16.944 INFO  ProgressMeter -       chr14:74055422             25.7                108660           4224.9
01:25:27.013 INFO  ProgressMeter -       chr14:76809316             25.9                109320           4223.0
01:25:37.027 INFO  ProgressMeter -       chr14:88492871             26.1                109980           4221.3
01:25:47.265 INFO  ProgressMeter -       chr14:94469811             26.2                111050           4234.6
01:25:57.306 INFO  ProgressMeter -      chr14:100307659             26.4                111680           4231.6
01:26:07.414 INFO  ProgressMeter -      chr14:103103657             26.6                112330           4229.2
01:26:17.628 INFO  ProgressMeter -      chr14:104947964             26.7                112900           4223.6
01:26:27.736 INFO  ProgressMeter -       chr15:26883082             26.9                114170           4244.4
01:26:37.824 INFO  ProgressMeter -       chr15:39617674             27.1                115760           4276.8
01:26:47.920 INFO  ProgressMeter -       chr15:41095637             27.2                116370           4272.7
01:26:58.050 INFO  ProgressMeter -       chr15:42071444             27.4                116920           4266.5
01:27:08.186 INFO  ProgressMeter -       chr15:43369942             27.6                117590           4264.7
01:27:18.221 INFO  ProgressMeter -       chr15:45420983             27.7                118440           4269.6
01:27:28.224 INFO  ProgressMeter -       chr15:51954491             27.9                119310           4275.2
01:27:38.332 INFO  ProgressMeter -       chr15:58717775             28.1                120090           4277.4
01:27:48.345 INFO  ProgressMeter -       chr15:64130157             28.2                120880           4280.1
01:27:58.348 INFO  ProgressMeter -       chr15:66540092             28.4                121560           4278.9
01:28:08.512 INFO  ProgressMeter -       chr15:71898963             28.6                122250           4277.7
01:28:18.520 INFO  ProgressMeter -       chr15:74955916             28.7                123020           4279.6
01:28:28.658 INFO  ProgressMeter -       chr15:78024220             28.9                123660           4276.8
01:28:38.736 INFO  ProgressMeter -       chr15:82152059             29.1                124340           4275.4
01:28:48.909 INFO  ProgressMeter -       chr15:88849477             29.3                125310           4283.8
01:28:58.989 INFO  ProgressMeter -       chr15:90804191             29.4                125920           4280.1
01:29:09.059 INFO  ProgressMeter -       chr15:99806816             29.6                126550           4277.1
01:29:19.182 INFO  ProgressMeter -         chr16:289635             29.8                127240           4276.0
01:29:29.211 INFO  ProgressMeter -         chr16:724558             29.9                127630           4265.2
01:29:39.395 INFO  ProgressMeter -        chr16:1362342             30.1                128040           4254.8
01:29:49.434 INFO  ProgressMeter -        chr16:2029537             30.3                128600           4249.7
01:29:59.468 INFO  ProgressMeter -        chr16:3023120             30.4                129240           4247.4
01:30:09.635 INFO  ProgressMeter -        chr16:4665068             30.6                129890           4245.1
01:30:19.765 INFO  ProgressMeter -        chr16:9764204             30.8                130440           4239.7
01:30:29.830 INFO  ProgressMeter -       chr16:19047245             30.9                131890           4263.6
01:30:39.918 INFO  ProgressMeter -       chr16:23148989             31.1                133000           4276.2
01:30:49.970 INFO  ProgressMeter -       chr16:28320355             31.3                133730           4276.7
01:31:00.255 INFO  ProgressMeter -       chr16:29971259             31.4                134530           4278.8
01:31:10.407 INFO  ProgressMeter -       chr16:30928390             31.6                135170           4276.2
01:31:20.485 INFO  ProgressMeter -       chr16:34159412             31.8                135910           4276.8
01:31:30.548 INFO  ProgressMeter -       chr16:53470862             31.9                136710           4279.4
01:31:40.572 INFO  ProgressMeter -       chr16:57252271             32.1                137440           4279.9
01:31:50.717 INFO  ProgressMeter -       chr16:64950798             32.3                138060           4276.7
01:32:00.838 INFO  ProgressMeter -       chr16:67648669             32.5                138690           4273.9
01:32:10.869 INFO  ProgressMeter -       chr16:69334504             32.6                139290           4270.4
01:32:20.869 INFO  ProgressMeter -       chr16:71644814             32.8                140050           4271.8
01:32:30.990 INFO  ProgressMeter -       chr16:75115226             33.0                140690           4269.4
01:32:41.055 INFO  ProgressMeter -       chr16:84016602             33.1                141500           4272.2
01:32:51.144 INFO  ProgressMeter -       chr16:87333778             33.3                142030           4266.6
01:33:01.184 INFO  ProgressMeter -       chr16:88733992             33.5                142460           4258.1
01:33:11.275 INFO  ProgressMeter -       chr16:89657730             33.6                142910           4250.2
01:33:21.441 INFO  ProgressMeter -        chr17:1812104             33.8                143790           4254.9
01:33:31.581 INFO  ProgressMeter -        chr17:3731097             34.0                144360           4250.5
01:33:41.589 INFO  ProgressMeter -        chr17:4796627             34.1                144900           4245.5
01:33:51.611 INFO  ProgressMeter -        chr17:6620743             34.3                145500           4242.4
01:34:01.650 INFO  ProgressMeter -        chr17:7816496             34.5                146360           4246.7
01:34:11.683 INFO  ProgressMeter -        chr17:8377388             34.6                146890           4241.5
01:34:21.732 INFO  ProgressMeter -       chr17:10695681             34.8                147580           4240.9
01:34:31.818 INFO  ProgressMeter -       chr17:16441249             35.0                148240           4239.4
01:34:41.870 INFO  ProgressMeter -       chr17:18184023             35.1                148830           4236.0
01:34:52.818 INFO  ProgressMeter -       chr17:21298811             35.3                149710           4239.0
01:35:02.900 INFO  ProgressMeter -       chr17:28490306             35.5                150030           4228.0
01:35:12.983 INFO  ProgressMeter -       chr17:29613991             35.7                150640           4225.2
01:35:23.042 INFO  ProgressMeter -       chr17:35133421             35.8                151540           4230.5
01:35:33.086 INFO  ProgressMeter -       chr17:39944498             36.0                153020           4252.0
01:35:43.095 INFO  ProgressMeter -       chr17:41727739             36.2                153870           4255.8
01:35:53.153 INFO  ProgressMeter -       chr17:42686894             36.3                154480           4253.0
01:36:03.320 INFO  ProgressMeter -       chr17:44155037             36.5                155120           4250.8
01:36:13.380 INFO  ProgressMeter -       chr17:45256372             36.7                155680           4246.6
01:36:23.413 INFO  ProgressMeter -       chr17:49041397             36.8                156660           4253.9
01:36:33.437 INFO  ProgressMeter -       chr17:50555152             37.0                157230           4250.1
01:36:43.586 INFO  ProgressMeter -       chr17:58280199             37.2                157940           4249.9
01:36:53.697 INFO  ProgressMeter -       chr17:61972716             37.3                158740           4252.2
01:37:04.011 INFO  ProgressMeter -       chr17:64212826             37.5                159440           4251.3
01:37:14.079 INFO  ProgressMeter -       chr17:69291255             37.7                160360           4256.8
01:37:24.128 INFO  ProgressMeter -       chr17:74865815             37.8                160940           4253.3
01:37:34.468 INFO  ProgressMeter -       chr17:75631523             38.0                161440           4247.2
01:37:44.610 INFO  ProgressMeter -       chr17:76386125             38.2                161990           4242.8
01:37:54.810 INFO  ProgressMeter -       chr17:78468914             38.4                162560           4238.8
01:38:04.888 INFO  ProgressMeter -       chr17:80368011             38.5                163160           4235.9
01:38:14.910 INFO  ProgressMeter -       chr17:81855109             38.7                163780           4233.7
01:38:25.027 INFO  ProgressMeter -       chr17:82903312             38.9                164330           4229.4
01:38:35.082 INFO  ProgressMeter -        chr18:6959344             39.0                165060           4230.0
01:38:45.094 INFO  ProgressMeter -       chr18:12030155             39.2                165630           4226.5
01:38:55.140 INFO  ProgressMeter -       chr18:23873087             39.4                166480           4230.1
01:39:05.269 INFO  ProgressMeter -       chr18:35654683             39.5                167320           4233.3
01:39:15.361 INFO  ProgressMeter -       chr18:48029421             39.7                168070           4234.3
01:39:25.361 INFO  ProgressMeter -       chr18:58324932             39.9                168810           4235.1
01:39:35.435 INFO  ProgressMeter -       chr18:70030826             40.0                169560           4236.1
01:39:45.485 INFO  ProgressMeter -         chr19:373438             40.2                170290           4236.6
01:39:55.552 INFO  ProgressMeter -        chr19:1082795             40.4                170840           4232.6
01:40:05.593 INFO  ProgressMeter -        chr19:2102178             40.5                171430           4229.7
01:40:15.746 INFO  ProgressMeter -        chr19:3435032             40.7                172010           4226.4
01:40:26.003 INFO  ProgressMeter -        chr19:4219512             40.9                172530           4221.4
01:40:36.182 INFO  ProgressMeter -        chr19:5456477             41.0                173040           4216.4
01:40:46.467 INFO  ProgressMeter -        chr19:6759711             41.2                173650           4213.7
01:40:56.638 INFO  ProgressMeter -        chr19:7879428             41.4                174220           4210.2
01:41:06.757 INFO  ProgressMeter -        chr19:9235369             41.5                174950           4210.7
01:41:16.842 INFO  ProgressMeter -       chr19:10365122             41.7                175510           4207.1
01:41:26.850 INFO  ProgressMeter -       chr19:11375874             41.9                176070           4203.7
01:41:37.032 INFO  ProgressMeter -       chr19:12930519             42.1                176820           4204.6
01:41:47.096 INFO  ProgressMeter -       chr19:15162465             42.2                177660           4207.8
01:41:57.243 INFO  ProgressMeter -       chr19:16501054             42.4                178220           4204.2
01:42:07.280 INFO  ProgressMeter -       chr19:17501399             42.6                178780           4200.8
01:42:17.578 INFO  ProgressMeter -       chr19:18419635             42.7                179330           4196.8
01:42:27.714 INFO  ProgressMeter -       chr19:19543244             42.9                179920           4194.1
01:42:37.753 INFO  ProgressMeter -       chr19:32811261             43.1                180950           4201.7
01:42:47.769 INFO  ProgressMeter -       chr19:35407770             43.2                181660           4201.9
01:42:57.770 INFO  ProgressMeter -       chr19:36086878             43.4                182210           4198.4
01:43:07.975 INFO  ProgressMeter -       chr19:38411022             43.6                182970           4199.5
01:43:18.102 INFO  ProgressMeter -       chr19:40515233             43.7                184010           4207.1
01:43:28.219 INFO  ProgressMeter -       chr19:41987995             43.9                184720           4207.1
01:43:38.281 INFO  ProgressMeter -       chr19:43719599             44.1                185360           4205.6
01:43:48.420 INFO  ProgressMeter -       chr19:45347346             44.2                186150           4207.4
01:43:58.494 INFO  ProgressMeter -       chr19:46383134             44.4                186680           4203.4
01:44:08.582 INFO  ProgressMeter -       chr19:48117817             44.6                187280           4201.0
01:44:18.683 INFO  ProgressMeter -       chr19:49107602             44.7                187910           4199.3
01:44:28.850 INFO  ProgressMeter -       chr19:49876390             44.9                188490           4196.4
01:44:38.950 INFO  ProgressMeter -       chr19:50981976             45.1                189050           4193.1
01:44:48.952 INFO  ProgressMeter -       chr19:52575884             45.3                189730           4192.7
01:44:58.972 INFO  ProgressMeter -       chr19:55205432             45.4                190970           4204.6
01:45:08.984 INFO  ProgressMeter -       chr19:55911689             45.6                191440           4199.5
01:45:19.067 INFO  ProgressMeter -       chr19:57614479             45.8                192080           4198.1
01:45:29.154 INFO  ProgressMeter -          chr2:247427             45.9                192660           4195.3
01:45:39.204 INFO  ProgressMeter -        chr2:10789045             46.1                193430           4196.8
01:45:49.361 INFO  ProgressMeter -        chr2:23695796             46.3                194240           4198.9
01:45:59.417 INFO  ProgressMeter -        chr2:26728270             46.4                194980           4199.7
01:46:09.417 INFO  ProgressMeter -        chr2:27661208             46.6                195620           4198.4
01:46:19.479 INFO  ProgressMeter -        chr2:32256678             46.8                196310           4198.1
01:46:29.487 INFO  ProgressMeter -        chr2:39022545             46.9                197110           4200.2
01:46:39.535 INFO  ProgressMeter -        chr2:47408431             47.1                197910           4202.3
01:46:49.573 INFO  ProgressMeter -        chr2:59014245             47.3                198760           4205.4
01:46:59.625 INFO  ProgressMeter -        chr2:69181685             47.4                199610           4208.5
01:47:09.629 INFO  ProgressMeter -        chr2:73223003             47.6                200300           4208.2
01:47:19.639 INFO  ProgressMeter -        chr2:79086727             47.8                201030           4208.8
01:47:29.639 INFO  ProgressMeter -        chr2:87825753             47.9                201950           4213.4
01:47:39.686 INFO  ProgressMeter -        chr2:96876096             48.1                202950           4219.5
01:47:49.790 INFO  ProgressMeter -       chr2:102176376             48.3                203880           4224.0
01:47:59.884 INFO  ProgressMeter -       chr2:111128654             48.4                204770           4227.7
01:48:09.963 INFO  ProgressMeter -       chr2:118096474             48.6                205530           4228.8
01:48:19.982 INFO  ProgressMeter -       chr2:127857942             48.8                206260           4229.3
01:48:30.120 INFO  ProgressMeter -       chr2:134986475             48.9                207040           4230.6
01:48:40.189 INFO  ProgressMeter -       chr2:151552673             49.1                207920           4234.1
01:48:50.197 INFO  ProgressMeter -       chr2:160940965             49.3                208780           4237.2
01:49:00.210 INFO  ProgressMeter -       chr2:169157303             49.4                209640           4240.3
01:49:10.258 INFO  ProgressMeter -       chr2:174877964             49.6                210550           4244.3
01:49:20.439 INFO  ProgressMeter -       chr2:178600771             49.8                211160           4242.1
01:49:30.528 INFO  ProgressMeter -       chr2:181918599             49.9                211870           4242.0
01:49:40.548 INFO  ProgressMeter -       chr2:195771642             50.1                212860           4247.6
01:49:50.640 INFO  ProgressMeter -       chr2:201664044             50.3                213780           4251.7
01:50:00.698 INFO  ProgressMeter -       chr2:208285757             50.4                214680           4255.4
01:50:10.847 INFO  ProgressMeter -       chr2:216859860             50.6                215500           4257.4
01:50:21.012 INFO  ProgressMeter -       chr2:219169486             50.8                216130           4255.6
01:50:31.164 INFO  ProgressMeter -       chr2:219606357             51.0                216640           4251.5
01:50:41.239 INFO  ProgressMeter -       chr2:228131910             51.1                217380           4252.0
01:50:51.291 INFO  ProgressMeter -       chr2:232526716             51.3                218030           4250.8
01:51:01.559 INFO  ProgressMeter -       chr2:236507221             51.5                218770           4251.0
01:51:11.656 INFO  ProgressMeter -       chr2:240045720             51.6                219370           4248.8
01:51:21.899 INFO  ProgressMeter -       chr2:241677589             51.8                220030           4247.5
01:51:32.051 INFO  ProgressMeter -        chr20:2635908             52.0                220660           4245.8
01:51:42.076 INFO  ProgressMeter -        chr20:3861421             52.1                221220           4243.0
01:51:52.101 INFO  ProgressMeter -       chr20:14326966             52.3                221980           4243.9
01:52:02.163 INFO  ProgressMeter -       chr20:23084238             52.5                222690           4243.9
01:52:12.304 INFO  ProgressMeter -       chr20:31721721             52.6                223190           4239.8
01:52:22.350 INFO  ProgressMeter -       chr20:33741164             52.8                223850           4238.8
01:52:32.464 INFO  ProgressMeter -       chr20:35601693             53.0                224480           4237.2
01:52:42.479 INFO  ProgressMeter -       chr20:38728364             53.1                225250           4238.4
01:52:52.501 INFO  ProgressMeter -       chr20:45222055             53.3                225940           4238.1
01:53:02.564 INFO  ProgressMeter -       chr20:46560285             53.5                226500           4235.3
01:53:12.601 INFO  ProgressMeter -       chr20:50935290             53.6                227160           4234.4
01:53:22.670 INFO  ProgressMeter -       chr20:58771268             53.8                227820           4233.4
01:53:32.769 INFO  ProgressMeter -       chr20:62395105             54.0                228400           4231.0
01:53:42.780 INFO  ProgressMeter -       chr20:63556124             54.1                228920           4227.5
01:53:52.856 INFO  ProgressMeter -       chr21:10491294             54.3                229550           4226.1
01:54:02.923 INFO  ProgressMeter -       chr21:31983469             54.5                230430           4229.2
01:54:13.038 INFO  ProgressMeter -       chr21:36938794             54.7                231210           4230.4
01:54:23.256 INFO  ProgressMeter -       chr21:42113754             54.8                231950           4230.8
01:54:33.275 INFO  ProgressMeter -       chr21:44540095             55.0                232670           4231.0
01:54:43.415 INFO  ProgressMeter -       chr21:46411358             55.2                233300           4229.5
01:54:53.422 INFO  ProgressMeter -       chr22:18386451             55.3                233980           4229.0
01:55:03.545 INFO  ProgressMeter -       chr22:20359672             55.5                234700           4229.1
01:55:13.746 INFO  ProgressMeter -       chr22:22201705             55.7                235400           4228.8
01:55:23.776 INFO  ProgressMeter -       chr22:24924230             55.8                236210           4230.7
01:55:33.823 INFO  ProgressMeter -       chr22:29311402             56.0                236850           4229.4
01:55:43.882 INFO  ProgressMeter -       chr22:30934318             56.2                237440           4227.3
01:55:54.001 INFO  ProgressMeter -       chr22:35287320             56.3                238090           4226.2
01:56:04.029 INFO  ProgressMeter -       chr22:37616949             56.5                238700           4224.5
01:56:14.112 INFO  ProgressMeter -       chr22:38985957             56.7                239320           4222.9
01:56:24.176 INFO  ProgressMeter -       chr22:41518627             56.8                240020           4222.8
01:56:34.205 INFO  ProgressMeter -       chr22:44118998             57.0                240730           4222.8
01:56:44.362 INFO  ProgressMeter -       chr22:49883941             57.2                241400           4222.0
01:56:54.569 INFO  ProgressMeter -       chr22:50462017             57.3                241910           4218.4
01:57:04.637 INFO  ProgressMeter -         chr3:7680009             57.5                242580           4217.8
01:57:14.666 INFO  ProgressMeter -        chr3:10286604             57.7                243240           4217.0
01:57:24.747 INFO  ProgressMeter -        chr3:14512931             57.8                243890           4216.0
01:57:34.805 INFO  ProgressMeter -        chr3:25766396             58.0                244670           4217.2
01:57:44.887 INFO  ProgressMeter -        chr3:37981644             58.2                245550           4220.2
01:57:54.890 INFO  ProgressMeter -        chr3:40251890             58.4                246140           4218.2
01:58:05.000 INFO  ProgressMeter -        chr3:45595799             58.5                246930           4219.6
01:58:15.009 INFO  ProgressMeter -        chr3:47277220             58.7                247510           4217.5
01:58:25.041 INFO  ProgressMeter -        chr3:48643037             58.9                248100           4215.5
01:58:35.071 INFO  ProgressMeter -        chr3:49683971             59.0                248680           4213.4
01:58:45.126 INFO  ProgressMeter -        chr3:50503131             59.2                249230           4210.8
01:58:55.293 INFO  ProgressMeter -        chr3:52443102             59.4                249870           4209.5
01:59:05.428 INFO  ProgressMeter -        chr3:53304118             59.5                250420           4206.8
01:59:15.493 INFO  ProgressMeter -        chr3:58526445             59.7                251200           4208.1
01:59:25.891 INFO  ProgressMeter -        chr3:75665457             59.9                252070           4210.4
01:59:36.498 INFO  ProgressMeter -        chr3:75737144             60.0                252080           4198.2
01:59:46.587 INFO  ProgressMeter -       chr3:100649740             60.2                252830           4198.9
01:59:56.720 INFO  ProgressMeter -       chr3:112066246             60.4                253660           4200.9
02:00:06.869 INFO  ProgressMeter -       chr3:119600350             60.6                254420           4201.7
02:00:17.136 INFO  ProgressMeter -       chr3:123089189             60.7                255150           4201.9
02:00:27.283 INFO  ProgressMeter -       chr3:126509605             60.9                255840           4201.6
02:00:37.344 INFO  ProgressMeter -       chr3:129560792             61.1                256480           4200.5
02:00:47.423 INFO  ProgressMeter -       chr3:133895354             61.2                257210           4200.9
02:00:57.510 INFO  ProgressMeter -       chr3:141816691             61.4                257950           4201.5
02:01:07.542 INFO  ProgressMeter -       chr3:151744045             61.6                258850           4204.7
02:01:17.588 INFO  ProgressMeter -       chr3:169381160             61.7                259820           4209.0
02:01:27.687 INFO  ProgressMeter -       chr3:183223285             61.9                260730           4212.2
02:01:38.002 INFO  ProgressMeter -       chr3:184711052             62.1                261360           4210.7
02:01:48.082 INFO  ProgressMeter -       chr3:193467241             62.2                262160           4212.2
02:01:58.181 INFO  ProgressMeter -       chr3:197674694             62.4                262950           4213.5
02:02:08.571 INFO  ProgressMeter -         chr4:1730646             62.6                263620           4212.6
02:02:18.621 INFO  ProgressMeter -         chr4:3589139             62.7                264260           4211.5
02:02:28.923 INFO  ProgressMeter -         chr4:7729600             62.9                264840           4209.2
02:02:38.969 INFO  ProgressMeter -        chr4:15838039             63.1                265660           4211.1
02:02:48.982 INFO  ProgressMeter -        chr4:30722355             63.3                266460           4212.6
02:02:59.017 INFO  ProgressMeter -        chr4:41982139             63.4                267230           4213.6
02:03:09.093 INFO  ProgressMeter -        chr4:54723643             63.6                268060           4215.6
02:03:19.167 INFO  ProgressMeter -        chr4:70642246             63.8                269130           4221.2
02:03:29.217 INFO  ProgressMeter -        chr4:76778766             63.9                269950           4223.0
02:03:39.239 INFO  ProgressMeter -        chr4:84766250             64.1                270730           4224.2
02:03:49.263 INFO  ProgressMeter -        chr4:98417363             64.3                271560           4226.1
02:03:59.359 INFO  ProgressMeter -       chr4:108625311             64.4                272410           4228.3
02:04:09.417 INFO  ProgressMeter -       chr4:119031828             64.6                273210           4229.7
02:04:19.479 INFO  ProgressMeter -       chr4:133150420             64.8                274020           4231.2
02:04:29.621 INFO  ProgressMeter -       chr4:148081380             64.9                274860           4233.1
02:04:39.644 INFO  ProgressMeter -       chr4:159238764             65.1                275690           4235.0
02:04:49.753 INFO  ProgressMeter -       chr4:182736761             65.3                276550           4237.3
02:04:59.982 INFO  ProgressMeter -       chr4:186621123             65.4                277230           4236.6
02:05:10.146 INFO  ProgressMeter -         chr5:5209066             65.6                278020           4237.7
02:05:20.153 INFO  ProgressMeter -        chr5:14502845             65.8                278720           4237.6
02:05:30.205 INFO  ProgressMeter -        chr5:34945745             65.9                279510           4238.8
02:05:40.235 INFO  ProgressMeter -        chr5:41065282             66.1                280360           4241.0
02:05:50.667 INFO  ProgressMeter -        chr5:58458944             66.3                281230           4243.0
02:06:00.674 INFO  ProgressMeter -        chr5:72899878             66.4                282540           4252.0
02:06:10.815 INFO  ProgressMeter -        chr5:79733401             66.6                283370           4253.7
02:06:20.937 INFO  ProgressMeter -        chr5:91072662             66.8                284150           4254.7
02:06:30.958 INFO  ProgressMeter -       chr5:109355856             67.0                284980           4256.4
02:06:40.999 INFO  ProgressMeter -       chr5:122152863             67.1                285790           4257.9
02:06:51.061 INFO  ProgressMeter -       chr5:132331694             67.3                286580           4259.0
02:07:01.169 INFO  ProgressMeter -       chr5:136187127             67.5                287260           4258.5
02:07:11.401 INFO  ProgressMeter -       chr5:140560333             67.6                288010           4258.8
02:07:21.469 INFO  ProgressMeter -       chr5:141924596             67.8                288920           4261.7
02:07:31.609 INFO  ProgressMeter -       chr5:149250666             68.0                289650           4261.8
02:07:41.826 INFO  ProgressMeter -       chr5:150848742             68.1                290230           4259.7
02:07:51.938 INFO  ProgressMeter -       chr5:157057778             68.3                290880           4258.7
02:08:02.054 INFO  ProgressMeter -       chr5:168464543             68.5                291580           4258.4
02:08:12.082 INFO  ProgressMeter -       chr5:175443185             68.6                292290           4258.4
02:08:22.210 INFO  ProgressMeter -       chr5:177436231             68.8                292860           4256.3
02:08:32.336 INFO  ProgressMeter -       chr5:180240971             69.0                293630           4257.0
02:08:42.454 INFO  ProgressMeter -         chr6:3723627             69.1                294260           4255.7
02:08:52.477 INFO  ProgressMeter -        chr6:12119856             69.3                295030           4256.6
02:09:02.663 INFO  ProgressMeter -        chr6:24596213             69.5                295790           4257.1
02:09:12.663 INFO  ProgressMeter -        chr6:28251416             69.6                296540           4257.7
02:09:22.808 INFO  ProgressMeter -        chr6:34858173             69.8                299240           4286.1
02:09:32.810 INFO  ProgressMeter -        chr6:36748094             70.0                299860           4284.7
02:09:42.846 INFO  ProgressMeter -        chr6:41150295             70.2                300570           4284.6
02:09:52.927 INFO  ProgressMeter -        chr6:43076801             70.3                301180           4283.1
02:10:02.956 INFO  ProgressMeter -        chr6:44257173             70.5                301780           4281.4
02:10:12.984 INFO  ProgressMeter -        chr6:52042763             70.7                302490           4281.3
02:10:23.080 INFO  ProgressMeter -        chr6:63280350             70.8                303300           4282.6
02:10:33.240 INFO  ProgressMeter -        chr6:76018913             71.0                304180           4284.8
02:10:43.314 INFO  ProgressMeter -        chr6:89267809             71.2                305040           4286.8
02:10:53.693 INFO  ProgressMeter -       chr6:106512708             71.3                305840           4287.6
02:11:03.789 INFO  ProgressMeter -       chr6:112072131             71.5                306650           4288.8
02:11:13.936 INFO  ProgressMeter -       chr6:125048087             71.7                307500           4290.6
02:11:23.954 INFO  ProgressMeter -       chr6:134979133             71.8                308380           4292.8
02:11:34.093 INFO  ProgressMeter -       chr6:143862819             72.0                309140           4293.3
02:11:44.175 INFO  ProgressMeter -       chr6:151353529             72.2                309880           4293.6
02:11:54.219 INFO  ProgressMeter -       chr6:158069710             72.3                310600           4293.6
02:12:04.265 INFO  ProgressMeter -       chr6:161136506             72.5                311290           4293.2
02:12:14.448 INFO  ProgressMeter -       chr6:170254918             72.7                311990           4292.8
02:12:24.599 INFO  ProgressMeter -         chr7:2517618             72.8                312590           4291.1
02:12:34.746 INFO  ProgressMeter -         chr7:5527796             73.0                313150           4288.8
02:12:44.840 INFO  ProgressMeter -        chr7:11637035             73.2                313930           4289.6
02:12:54.878 INFO  ProgressMeter -        chr7:23124945             73.4                314730           4290.7
02:13:04.943 INFO  ProgressMeter -        chr7:30621379             73.5                315490           4291.3
02:13:15.036 INFO  ProgressMeter -        chr7:38461220             73.7                316320           4292.7
02:13:25.119 INFO  ProgressMeter -        chr7:44647565             73.9                317010           4292.3
02:13:35.156 INFO  ProgressMeter -        chr7:50058321             74.0                317690           4291.8
02:13:45.238 INFO  ProgressMeter -        chr7:67238257             74.2                318580           4294.1
02:13:55.254 INFO  ProgressMeter -        chr7:75157159             74.4                319490           4296.7
02:14:05.391 INFO  ProgressMeter -        chr7:82952581             74.5                320390           4299.0
02:14:15.448 INFO  ProgressMeter -        chr7:93192035             74.7                321260           4301.0
02:14:25.624 INFO  ProgressMeter -        chr7:99060554             74.9                321980           4300.9
02:14:35.643 INFO  ProgressMeter -       chr7:100489477             75.0                322670           4300.5
02:14:47.234 INFO  ProgressMeter -       chr7:100959198             75.2                323070           4294.8
02:14:57.339 INFO  ProgressMeter -       chr7:101038198             75.4                323260           4287.7
02:15:07.461 INFO  ProgressMeter -       chr7:105126068             75.6                324110           4289.4
02:15:17.543 INFO  ProgressMeter -       chr7:117170840             75.7                325010           4291.7
02:15:27.728 INFO  ProgressMeter -       chr7:128679928             75.9                325840           4293.1
02:15:37.839 INFO  ProgressMeter -       chr7:131510916             76.1                326500           4292.2
02:15:48.009 INFO  ProgressMeter -       chr7:138918133             76.2                327250           4292.5
02:15:58.016 INFO  ProgressMeter -       chr7:143357455             76.4                328270           4296.5
02:16:08.227 INFO  ProgressMeter -       chr7:150466741             76.6                329160           4298.6
02:16:18.479 INFO  ProgressMeter -       chr7:151408943             76.7                329670           4295.7
02:16:28.585 INFO  ProgressMeter -       chr7:158263155             76.9                330330           4294.8
02:16:38.832 INFO  ProgressMeter -        chr8:17755093             77.1                331990           4306.9
02:16:48.992 INFO  ProgressMeter -        chr8:22566607             77.3                332660           4306.1
02:16:59.096 INFO  ProgressMeter -        chr8:26779446             77.4                333320           4305.3
02:17:09.149 INFO  ProgressMeter -        chr8:32548637             77.6                334030           4305.1
02:17:19.192 INFO  ProgressMeter -        chr8:41660304             77.8                334840           4306.3
02:17:29.235 INFO  ProgressMeter -        chr8:53939853             77.9                335650           4307.4
02:17:39.317 INFO  ProgressMeter -        chr8:67095289             78.1                336490           4308.9
02:17:49.357 INFO  ProgressMeter -        chr8:80595012             78.3                337320           4310.3
02:17:59.488 INFO  ProgressMeter -        chr8:94671503             78.4                338250           4312.9
02:18:09.582 INFO  ProgressMeter -       chr8:102651064             78.6                339010           4313.3
02:18:19.671 INFO  ProgressMeter -       chr8:119595781             78.8                339840           4314.6
02:18:29.726 INFO  ProgressMeter -       chr8:131949947             78.9                340670           4316.0
02:18:39.849 INFO  ProgressMeter -       chr8:140544301             79.1                341340           4315.2
02:18:49.874 INFO  ProgressMeter -       chr8:143296661             79.3                341840           4312.5
02:19:00.049 INFO  ProgressMeter -       chr8:144440354             79.4                342640           4313.3
02:19:10.124 INFO  ProgressMeter -          chr9:916761             79.6                343190           4311.1
02:19:20.130 INFO  ProgressMeter -        chr9:13217177             79.8                343950           4311.6
02:19:30.177 INFO  ProgressMeter -        chr9:26861047             79.9                344750           4312.6
02:19:40.334 INFO  ProgressMeter -        chr9:34648012             80.1                345500           4312.9
02:19:50.477 INFO  ProgressMeter -        chr9:35793873             80.3                346080           4311.0
02:20:00.510 INFO  ProgressMeter -        chr9:60914404             80.4                346850           4311.6
02:20:10.613 INFO  ProgressMeter -        chr9:74728170             80.6                347780           4314.2
02:20:20.682 INFO  ProgressMeter -        chr9:83953732             80.8                348550           4314.7
02:20:30.760 INFO  ProgressMeter -        chr9:92976462             80.9                349400           4316.3
02:20:40.805 INFO  ProgressMeter -        chr9:97633794             81.1                350160           4316.7
02:20:50.890 INFO  ProgressMeter -       chr9:104822773             81.3                350900           4316.9
02:21:00.895 INFO  ProgressMeter -       chr9:111647233             81.5                351640           4317.2
02:21:11.000 INFO  ProgressMeter -       chr9:114406641             81.6                352300           4316.3
02:21:21.131 INFO  ProgressMeter -       chr9:122204878             81.8                353010           4316.1
02:21:31.171 INFO  ProgressMeter -       chr9:125200954             82.0                353620           4314.7
02:21:41.314 INFO  ProgressMeter -       chr9:128233982             82.1                354300           4314.1
02:21:51.380 INFO  ProgressMeter -       chr9:129137578             82.3                354930           4313.0
02:22:01.442 INFO  ProgressMeter -       chr9:131189026             82.5                355520           4311.4
02:22:11.552 INFO  ProgressMeter -       chr9:133694242             82.6                356320           4312.3
02:22:21.619 INFO  ProgressMeter -       chr9:135960971             82.8                356870           4310.2
02:22:31.637 INFO  ProgressMeter -       chr9:136860570             83.0                357420           4308.1
02:22:41.704 INFO  ProgressMeter -       chr9:137255797             83.1                357870           4304.8
02:22:51.837 INFO  ProgressMeter -         chrX:7901930             83.3                358670           4305.7
02:23:01.921 INFO  ProgressMeter -        chrX:15827889             83.5                359410           4305.9
02:23:11.959 INFO  ProgressMeter -        chrX:23880940             83.6                360150           4306.2
02:23:22.066 INFO  ProgressMeter -        chrX:38317271             83.8                360850           4305.9
02:23:32.101 INFO  ProgressMeter -        chrX:47370574             84.0                361540           4305.5
02:23:42.364 INFO  ProgressMeter -        chrX:49323091             84.1                362330           4306.1
02:23:52.436 INFO  ProgressMeter -        chrX:54198582             84.3                363080           4306.5
02:24:02.511 INFO  ProgressMeter -        chrX:68724075             84.5                363730           4305.6
02:24:12.580 INFO  ProgressMeter -        chrX:72276057             84.6                364420           4305.2
02:24:22.612 INFO  ProgressMeter -        chrX:85270022             84.8                365150           4305.3
02:24:32.707 INFO  ProgressMeter -       chrX:103499940             85.0                365920           4305.9
02:24:42.769 INFO  ProgressMeter -       chrX:110721661             85.1                366630           4305.7
02:24:52.813 INFO  ProgressMeter -       chrX:123671729             85.3                367520           4307.7
02:25:02.829 INFO  ProgressMeter -       chrX:134540187             85.5                368220           4307.5
02:25:12.924 INFO  ProgressMeter -       chrX:148956734             85.7                369010           4308.2
02:25:23.029 INFO  ProgressMeter -       chrX:153780191             85.8                369710           4307.9
02:25:33.213 INFO  ProgressMeter -       chrX:154470384             86.0                370220           4305.4
02:25:37.850 INFO  HaplotypeCaller - 4534898 read(s) filtered by: MappingQualityReadFilter 
0 read(s) filtered by: MappingQualityAvailableReadFilter 
0 read(s) filtered by: MappedReadFilter 
60522 read(s) filtered by: NotSecondaryAlignmentReadFilter 
9465357 read(s) filtered by: NotDuplicateReadFilter 
0 read(s) filtered by: PassesVendorQualityCheckReadFilter 
0 read(s) filtered by: NonZeroReferenceLengthAlignmentReadFilter 
0 read(s) filtered by: GoodCigarReadFilter 
0 read(s) filtered by: WellformedReadFilter 
14060777 total reads filtered out of 90529942 reads processed
02:25:37.850 INFO  ProgressMeter -        chrY:57209489             86.1                371578           4317.3
02:25:37.850 INFO  ProgressMeter - Traversal complete. Processed 371578 total regions in 86.1 minutes.
02:25:38.249 INFO  VectorLoglessPairHMM - Time spent in setup for JNI call : 2.5727475650000002
02:25:38.249 INFO  PairHMM - Total compute time in PairHMM computeLogLikelihoods() : 134.969599251
02:25:38.249 INFO  SmithWatermanAligner - Total compute time in java Smith-Waterman : 624.59 sec
02:25:38.252 INFO  HaplotypeCaller - Shutting down engine
[September 21, 2026 at 2:25:38 AM CST] org.broadinstitute.hellbender.tools.walkers.haplotypecaller.HaplotypeCaller done. Elapsed time: 86.10 minutes.
Runtime.totalMemory()=1568669696
