[M::bwa_idx_load_from_disk] read 0 ALT contigs
[M::process] read 364598 sequences (49892746 bp)...
[M::mem_pestat] # candidate unique pairs for (FF, FR, RF, RR): (1, 132795, 1, 2)
[M::mem_pestat] skip orientation FF as there are not enough pairs
[M::mem_pestat] analyzing insert size distribution for orientation FR...
[M::mem_pestat] (25, 50, 75) percentile: (122, 161, 214)
[M::mem_pestat] low and high boundaries for computing mean and std.dev: (1, 398)
[M::mem_pestat] mean and std.dev: (171.96, 68.78)
[M::mem_pestat] low and high boundaries for proper pairs: (1, 490)
[M::mem_pestat] skip orientation RF as there are not enough pairs
[M::mem_pestat] skip orientation RR as there are not enough pairs
[M::mem_process_seqs] Processed 364598 reads in 65.264 CPU sec, 8.717 real sec
[main] Version: 0.7.19-r1273
[main] CMD: bwa mem -t 8 -M -R @RG\tID:OC\tPL:illumina\tSM:OC\tLB:WES_OC /lustre1/share/references/hg38.fa /lustre1/user/bjx131_pkuhpc/wes_run_cluster_20260914/0_fastq/OC_R1.clean.fq.gz /lustre1/user/bjx131_pkuhpc/wes_run_cluster_20260914/0_fastq/OC_R2.clean.fq.gz
[main] Real time: 14.968 sec; CPU: 70.536 sec
[M::bwa_idx_load_from_disk] read 0 ALT contigs
[M::process] read 516224 sequences (73254742 bp)...
[M::mem_pestat] # candidate unique pairs for (FF, FR, RF, RR): (9, 224343, 0, 7)
[M::mem_pestat] skip orientation FF as there are not enough pairs
[M::mem_pestat] analyzing insert size distribution for orientation FR...
[M::mem_pestat] (25, 50, 75) percentile: (150, 200, 269)
[M::mem_pestat] low and high boundaries for computing mean and std.dev: (1, 507)
[M::mem_pestat] mean and std.dev: (215.12, 87.41)
[M::mem_pestat] low and high boundaries for proper pairs: (1, 626)
[M::mem_pestat] skip orientation RF as there are not enough pairs
[M::mem_pestat] skip orientation RR as there are not enough pairs
[M::mem_process_seqs] Processed 516224 reads in 58.098 CPU sec, 7.450 real sec
[main] Version: 0.7.19-r1273
[main] CMD: bwa mem -t 8 -M -R @RG\tID:PBMC\tPL:illumina\tSM:blood\tLB:WES_PBMC /lustre1/share/references/hg38.fa /lustre1/user/bjx131_pkuhpc/wes_run_cluster_20260914/0_fastq/PBMC_R1.clean.fq.gz /lustre1/user/bjx131_pkuhpc/wes_run_cluster_20260914/0_fastq/PBMC_R2.clean.fq.gz
[main] Real time: 13.110 sec; CPU: 63.476 sec
[bam_sort_core] merging from 0 files and 8 in-memory blocks...
[bam_sort_core] merging from 0 files and 8 in-memory blocks...
Using GATK jar /lustre1/share/miniconda3/envs/wes/share/gatk4-4.6.2.0-1/gatk-package-4.6.2.0-local.jar
Running:
    java -Dsamjdk.use_async_io_read_samtools=false -Dsamjdk.use_async_io_write_samtools=true -Dsamjdk.use_async_io_write_tribble=false -Dsamjdk.compression_level=2 -Xmx8g -jar /lustre1/share/miniconda3/envs/wes/share/gatk4-4.6.2.0-1/gatk-package-4.6.2.0-local.jar MarkDuplicates -I /lustre1/user/bjx131_pkuhpc/wes_run_cluster_20260914/1_alignment/OC/OC_sorted.bam -O /lustre1/user/bjx131_pkuhpc/wes_run_cluster_20260914/1_alignment/OC/OC_sorted.markdup.bam -M /lustre1/user/bjx131_pkuhpc/wes_run_cluster_20260914/1_alignment/OC/OC_markdup_metrics.txt --CREATE_INDEX true
22:29:22.691 INFO  NativeLibraryLoader - Loading libgkl_compression.so from jar:file:/lustre1/share/miniconda3/envs/wes/share/gatk4-4.6.2.0-1/gatk-package-4.6.2.0-local.jar!/com/intel/gkl/native/libgkl_compression.so
[Sun Sep 20 22:29:22 CST 2026] MarkDuplicates --INPUT /lustre1/user/bjx131_pkuhpc/wes_run_cluster_20260914/1_alignment/OC/OC_sorted.bam --OUTPUT /lustre1/user/bjx131_pkuhpc/wes_run_cluster_20260914/1_alignment/OC/OC_sorted.markdup.bam --METRICS_FILE /lustre1/user/bjx131_pkuhpc/wes_run_cluster_20260914/1_alignment/OC/OC_markdup_metrics.txt --CREATE_INDEX true --MAX_SEQUENCES_FOR_DISK_READ_ENDS_MAP 50000 --MAX_FILE_HANDLES_FOR_READ_ENDS_MAP 8000 --SORTING_COLLECTION_SIZE_RATIO 0.25 --TAG_DUPLICATE_SET_MEMBERS false --REMOVE_SEQUENCING_DUPLICATES false --TAGGING_POLICY DontTag --CLEAR_DT true --DUPLEX_UMI false --FLOW_MODE false --FLOW_DUP_STRATEGY FLOW_QUALITY_SUM_STRATEGY --FLOW_USE_END_IN_UNPAIRED_READS false --FLOW_USE_UNPAIRED_CLIPPED_END false --FLOW_UNPAIRED_END_UNCERTAINTY 0 --FLOW_UNPAIRED_START_UNCERTAINTY 0 --FLOW_SKIP_FIRST_N_FLOWS 0 --FLOW_Q_IS_KNOWN_END false --FLOW_EFFECTIVE_QUALITY_THRESHOLD 15 --ADD_PG_TAG_TO_READS true --REMOVE_DUPLICATES false --ASSUME_SORTED false --DUPLICATE_SCORING_STRATEGY SUM_OF_BASE_QUALITIES --PROGRAM_RECORD_ID MarkDuplicates --PROGRAM_GROUP_NAME MarkDuplicates --READ_NAME_REGEX <optimized capture of last three ':' separated fields as numeric values> --OPTICAL_DUPLICATE_PIXEL_DISTANCE 100 --MAX_OPTICAL_DUPLICATE_SET_SIZE 300000 --VERBOSITY INFO --QUIET false --VALIDATION_STRINGENCY STRICT --COMPRESSION_LEVEL 2 --MAX_RECORDS_IN_RAM 500000 --CREATE_MD5_FILE false --help false --version false --showHidden false --USE_JDK_DEFLATER false --USE_JDK_INFLATER false
[Sun Sep 20 22:29:23 CST 2026] Executing as bjx131_pkuhpc@s29b00n60 on Linux 4.18.0-477.10.1.el8_8.x86_64 amd64; OpenJDK 64-Bit Server VM 17.0.3-internal+0-adhoc..src; Deflater: Intel; Inflater: Intel; Provider GCS is available; Picard version: Version:4.6.2.0
INFO	2026-09-20 22:29:23	MarkDuplicates	Start of doWork freeMemory: 94009032; totalMemory: 125829120; maxMemory: 8589934592
INFO	2026-09-20 22:29:23	MarkDuplicates	Reading input file and constructing read end information.
INFO	2026-09-20 22:29:23	MarkDuplicates	Will retain up to 31122951 data points before spilling to disk.
INFO	2026-09-20 22:29:27	MarkDuplicates	Read 397780 records. 0 pairs never matched.
INFO	2026-09-20 22:29:27	MarkDuplicates	After buildSortedReadEndLists freeMemory: 807690168; totalMemory: 1132462080; maxMemory: 8589934592
INFO	2026-09-20 22:29:27	MarkDuplicates	Will retain up to 268435456 duplicate indices before spilling to disk.
INFO	2026-09-20 22:29:27	MarkDuplicates	Traversing read pair information and detecting duplicates.
INFO	2026-09-20 22:29:28	MarkDuplicates	Traversing fragment information and detecting duplicates.
INFO	2026-09-20 22:29:28	MarkDuplicates	Sorting list of duplicate records.
INFO	2026-09-20 22:29:28	MarkDuplicates	After generateDuplicateIndexes freeMemory: 1485146632; totalMemory: 3670016000; maxMemory: 8589934592
INFO	2026-09-20 22:29:28	MarkDuplicates	Marking 120 records as duplicates.
INFO	2026-09-20 22:29:28	MarkDuplicates	Found 43 optical duplicate clusters.
INFO	2026-09-20 22:29:28	MarkDuplicates	Reads are assumed to be ordered by: coordinate
INFO	2026-09-20 22:29:30	MarkDuplicates	Writing complete. Closing input iterator.
INFO	2026-09-20 22:29:30	MarkDuplicates	Duplicate Index cleanup.
INFO	2026-09-20 22:29:30	MarkDuplicates	Getting Memory Stats.
INFO	2026-09-20 22:29:30	MarkDuplicates	Before output close freeMemory: 160433272; totalMemory: 197132288; maxMemory: 8589934592
INFO	2026-09-20 22:29:30	MarkDuplicates	Closed outputs. Getting more Memory Stats.
INFO	2026-09-20 22:29:30	MarkDuplicates	After output close freeMemory: 110192944; totalMemory: 142606336; maxMemory: 8589934592
[Sun Sep 20 22:29:30 CST 2026] picard.sam.markduplicates.MarkDuplicates done. Elapsed time: 0.13 minutes.
Runtime.totalMemory()=142606336
Using GATK jar /lustre1/share/miniconda3/envs/wes/share/gatk4-4.6.2.0-1/gatk-package-4.6.2.0-local.jar
Running:
    java -Dsamjdk.use_async_io_read_samtools=false -Dsamjdk.use_async_io_write_samtools=true -Dsamjdk.use_async_io_write_tribble=false -Dsamjdk.compression_level=2 -Xmx8g -jar /lustre1/share/miniconda3/envs/wes/share/gatk4-4.6.2.0-1/gatk-package-4.6.2.0-local.jar MarkDuplicates -I /lustre1/user/bjx131_pkuhpc/wes_run_cluster_20260914/1_alignment/PBMC/blood_sorted.bam -O /lustre1/user/bjx131_pkuhpc/wes_run_cluster_20260914/1_alignment/PBMC/blood_sorted.markdup.bam -M /lustre1/user/bjx131_pkuhpc/wes_run_cluster_20260914/1_alignment/PBMC/blood_markdup_metrics.txt --CREATE_INDEX true
22:29:31.887 INFO  NativeLibraryLoader - Loading libgkl_compression.so from jar:file:/lustre1/share/miniconda3/envs/wes/share/gatk4-4.6.2.0-1/gatk-package-4.6.2.0-local.jar!/com/intel/gkl/native/libgkl_compression.so
[Sun Sep 20 22:29:31 CST 2026] MarkDuplicates --INPUT /lustre1/user/bjx131_pkuhpc/wes_run_cluster_20260914/1_alignment/PBMC/blood_sorted.bam --OUTPUT /lustre1/user/bjx131_pkuhpc/wes_run_cluster_20260914/1_alignment/PBMC/blood_sorted.markdup.bam --METRICS_FILE /lustre1/user/bjx131_pkuhpc/wes_run_cluster_20260914/1_alignment/PBMC/blood_markdup_metrics.txt --CREATE_INDEX true --MAX_SEQUENCES_FOR_DISK_READ_ENDS_MAP 50000 --MAX_FILE_HANDLES_FOR_READ_ENDS_MAP 8000 --SORTING_COLLECTION_SIZE_RATIO 0.25 --TAG_DUPLICATE_SET_MEMBERS false --REMOVE_SEQUENCING_DUPLICATES false --TAGGING_POLICY DontTag --CLEAR_DT true --DUPLEX_UMI false --FLOW_MODE false --FLOW_DUP_STRATEGY FLOW_QUALITY_SUM_STRATEGY --FLOW_USE_END_IN_UNPAIRED_READS false --FLOW_USE_UNPAIRED_CLIPPED_END false --FLOW_UNPAIRED_END_UNCERTAINTY 0 --FLOW_UNPAIRED_START_UNCERTAINTY 0 --FLOW_SKIP_FIRST_N_FLOWS 0 --FLOW_Q_IS_KNOWN_END false --FLOW_EFFECTIVE_QUALITY_THRESHOLD 15 --ADD_PG_TAG_TO_READS true --REMOVE_DUPLICATES false --ASSUME_SORTED false --DUPLICATE_SCORING_STRATEGY SUM_OF_BASE_QUALITIES --PROGRAM_RECORD_ID MarkDuplicates --PROGRAM_GROUP_NAME MarkDuplicates --READ_NAME_REGEX <optimized capture of last three ':' separated fields as numeric values> --OPTICAL_DUPLICATE_PIXEL_DISTANCE 100 --MAX_OPTICAL_DUPLICATE_SET_SIZE 300000 --VERBOSITY INFO --QUIET false --VALIDATION_STRINGENCY STRICT --COMPRESSION_LEVEL 2 --MAX_RECORDS_IN_RAM 500000 --CREATE_MD5_FILE false --help false --version false --showHidden false --USE_JDK_DEFLATER false --USE_JDK_INFLATER false
[Sun Sep 20 22:29:32 CST 2026] Executing as bjx131_pkuhpc@s29b00n60 on Linux 4.18.0-477.10.1.el8_8.x86_64 amd64; OpenJDK 64-Bit Server VM 17.0.3-internal+0-adhoc..src; Deflater: Intel; Inflater: Intel; Provider GCS is available; Picard version: Version:4.6.2.0
INFO	2026-09-20 22:29:32	MarkDuplicates	Start of doWork freeMemory: 94007672; totalMemory: 125829120; maxMemory: 8589934592
INFO	2026-09-20 22:29:32	MarkDuplicates	Reading input file and constructing read end information.
INFO	2026-09-20 22:29:32	MarkDuplicates	Will retain up to 31122951 data points before spilling to disk.
INFO	2026-09-20 22:29:34	MarkDuplicates	Read 517162 records. 0 pairs never matched.
INFO	2026-09-20 22:29:34	MarkDuplicates	After buildSortedReadEndLists freeMemory: 825262264; totalMemory: 1166016512; maxMemory: 8589934592
INFO	2026-09-20 22:29:34	MarkDuplicates	Will retain up to 268435456 duplicate indices before spilling to disk.
INFO	2026-09-20 22:29:34	MarkDuplicates	Traversing read pair information and detecting duplicates.
INFO	2026-09-20 22:29:34	MarkDuplicates	Traversing fragment information and detecting duplicates.
INFO	2026-09-20 22:29:35	MarkDuplicates	Sorting list of duplicate records.
INFO	2026-09-20 22:29:35	MarkDuplicates	After generateDuplicateIndexes freeMemory: 1501931152; totalMemory: 3686793216; maxMemory: 8589934592
INFO	2026-09-20 22:29:35	MarkDuplicates	Marking 308 records as duplicates.
INFO	2026-09-20 22:29:35	MarkDuplicates	Found 92 optical duplicate clusters.
INFO	2026-09-20 22:29:35	MarkDuplicates	Reads are assumed to be ordered by: coordinate
INFO	2026-09-20 22:29:37	MarkDuplicates	Writing complete. Closing input iterator.
INFO	2026-09-20 22:29:37	MarkDuplicates	Duplicate Index cleanup.
INFO	2026-09-20 22:29:37	MarkDuplicates	Getting Memory Stats.
INFO	2026-09-20 22:29:37	MarkDuplicates	Before output close freeMemory: 1022996432; totalMemory: 3728736256; maxMemory: 8589934592
INFO	2026-09-20 22:29:37	MarkDuplicates	Closed outputs. Getting more Memory Stats.
INFO	2026-09-20 22:29:37	MarkDuplicates	After output close freeMemory: 150894952; totalMemory: 184549376; maxMemory: 8589934592
[Sun Sep 20 22:29:37 CST 2026] picard.sam.markduplicates.MarkDuplicates done. Elapsed time: 0.09 minutes.
Runtime.totalMemory()=184549376
Using GATK jar /lustre1/share/miniconda3/envs/wes/share/gatk4-4.6.2.0-1/gatk-package-4.6.2.0-local.jar
Running:
    java -Dsamjdk.use_async_io_read_samtools=false -Dsamjdk.use_async_io_write_samtools=true -Dsamjdk.use_async_io_write_tribble=false -Dsamjdk.compression_level=2 -Xmx20g -XX:ParallelGCThreads=4 -jar /lustre1/share/miniconda3/envs/wes/share/gatk4-4.6.2.0-1/gatk-package-4.6.2.0-local.jar BaseRecalibrator -R /lustre1/share/references/hg38.fa -I /lustre1/user/bjx131_pkuhpc/wes_run_cluster_20260914/1_alignment/OC/OC_sorted.markdup.bam --known-sites /lustre1/share/references/dbsnp_138.hg38.vcf --known-sites /lustre1/share/references/Mills_and_1000G_gold_standard.indels.hg38.vcf --known-sites /lustre1/share/references/1000G_phase1.snps.high_confidence.hg38.vcf -O /lustre1/user/bjx131_pkuhpc/wes_run_cluster_20260914/1_alignment/OC/OC.recal_data.table
22:29:39.242 INFO  NativeLibraryLoader - Loading libgkl_compression.so from jar:file:/lustre1/share/miniconda3/envs/wes/share/gatk4-4.6.2.0-1/gatk-package-4.6.2.0-local.jar!/com/intel/gkl/native/libgkl_compression.so
22:29:39.397 INFO  BaseRecalibrator - ------------------------------------------------------------
22:29:39.400 INFO  BaseRecalibrator - The Genome Analysis Toolkit (GATK) v4.6.2.0
22:29:39.400 INFO  BaseRecalibrator - For support and documentation go to https://software.broadinstitute.org/gatk/
22:29:39.400 INFO  BaseRecalibrator - Executing as bjx131_pkuhpc@s29b00n60 on Linux v4.18.0-477.10.1.el8_8.x86_64 amd64
22:29:39.400 INFO  BaseRecalibrator - Java runtime: OpenJDK 64-Bit Server VM v17.0.3-internal+0-adhoc..src
22:29:39.400 INFO  BaseRecalibrator - Start Date/Time: September 20, 2026 at 10:29:39 PM CST
22:29:39.401 INFO  BaseRecalibrator - ------------------------------------------------------------
22:29:39.401 INFO  BaseRecalibrator - ------------------------------------------------------------
22:29:39.401 INFO  BaseRecalibrator - HTSJDK Version: 4.2.0
22:29:39.402 INFO  BaseRecalibrator - Picard Version: 3.4.0
22:29:39.402 INFO  BaseRecalibrator - Built for Spark Version: 3.5.0
22:29:39.404 INFO  BaseRecalibrator - HTSJDK Defaults.COMPRESSION_LEVEL : 2
22:29:39.404 INFO  BaseRecalibrator - HTSJDK Defaults.USE_ASYNC_IO_READ_FOR_SAMTOOLS : false
22:29:39.404 INFO  BaseRecalibrator - HTSJDK Defaults.USE_ASYNC_IO_WRITE_FOR_SAMTOOLS : true
22:29:39.404 INFO  BaseRecalibrator - HTSJDK Defaults.USE_ASYNC_IO_WRITE_FOR_TRIBBLE : false
22:29:39.404 INFO  BaseRecalibrator - Deflater: IntelDeflater
22:29:39.404 INFO  BaseRecalibrator - Inflater: IntelInflater
22:29:39.405 INFO  BaseRecalibrator - GCS max retries/reopens: 20
22:29:39.405 INFO  BaseRecalibrator - Requester pays: disabled
22:29:39.405 INFO  BaseRecalibrator - Initializing engine
22:29:39.648 INFO  FeatureManager - Using codec VCFCodec to read file file:///lustre1/share/references/dbsnp_138.hg38.vcf
22:29:39.953 INFO  FeatureManager - Using codec VCFCodec to read file file:///lustre1/share/references/Mills_and_1000G_gold_standard.indels.hg38.vcf
22:29:40.032 INFO  FeatureManager - Using codec VCFCodec to read file file:///lustre1/share/references/1000G_phase1.snps.high_confidence.hg38.vcf
22:29:40.247 INFO  BaseRecalibrator - Done initializing engine
22:29:40.252 INFO  BaseRecalibrationEngine - The covariates being used here: 
22:29:40.252 INFO  BaseRecalibrationEngine - 	ReadGroupCovariate
22:29:40.252 INFO  BaseRecalibrationEngine - 	QualityScoreCovariate
22:29:40.252 INFO  BaseRecalibrationEngine - 	ContextCovariate
22:29:40.252 INFO  BaseRecalibrationEngine - 	CycleCovariate
22:29:40.280 INFO  ProgressMeter - Starting traversal
22:29:40.281 INFO  ProgressMeter -        Current Locus  Elapsed Minutes       Reads Processed     Reads/Minute
22:29:50.437 INFO  ProgressMeter -       chr10:50129406              0.2                 36000         212745.0
22:30:00.663 INFO  ProgressMeter -       chr12:95209368              0.3                 76000         223737.8
22:30:10.800 INFO  ProgressMeter -       chr16:29796823              0.5                113000         222156.7
22:30:20.961 INFO  ProgressMeter -       chr19:41978124              0.7                155000         228613.6
22:30:30.973 INFO  ProgressMeter -       chr20:60558038              0.8                196000         231993.8
22:30:41.034 INFO  ProgressMeter -        chr4:88241908              1.0                236000         233074.9
22:30:51.222 INFO  ProgressMeter -       chr6:162338409              1.2                274000         231745.1
22:31:01.246 INFO  ProgressMeter -       chr9:122567596              1.3                312000         231211.0
22:31:04.786 INFO  BaseRecalibrator - 44572 read(s) filtered by: MappingQualityNotZeroReadFilter 
0 read(s) filtered by: MappingQualityAvailableReadFilter 
0 read(s) filtered by: MappedReadFilter 
24522 read(s) filtered by: NotSecondaryAlignmentReadFilter 
116 read(s) filtered by: NotDuplicateReadFilter 
0 read(s) filtered by: PassesVendorQualityCheckReadFilter 
0 read(s) filtered by: WellformedReadFilter 
69210 total reads filtered out of 397780 reads processed
22:31:04.787 INFO  ProgressMeter -       chrX:154929171              1.4                328570         233287.6
22:31:04.787 INFO  ProgressMeter - Traversal complete. Processed 328570 total reads in 1.4 minutes.
22:31:04.791 INFO  BaseRecalibrator - Calculating quantized quality scores...
22:31:04.805 INFO  BaseRecalibrator - Writing recalibration report...
22:31:05.076 INFO  BaseRecalibrator - ...done!
22:31:05.077 INFO  BaseRecalibrator - BaseRecalibrator was able to recalibrate 328570 reads
22:31:05.078 INFO  BaseRecalibrator - Shutting down engine
[September 20, 2026 at 10:31:05 PM CST] org.broadinstitute.hellbender.tools.walkers.bqsr.BaseRecalibrator done. Elapsed time: 1.43 minutes.
Runtime.totalMemory()=2197815296
Using GATK jar /lustre1/share/miniconda3/envs/wes/share/gatk4-4.6.2.0-1/gatk-package-4.6.2.0-local.jar
Running:
    java -Dsamjdk.use_async_io_read_samtools=false -Dsamjdk.use_async_io_write_samtools=true -Dsamjdk.use_async_io_write_tribble=false -Dsamjdk.compression_level=2 -Xmx20g -XX:ParallelGCThreads=4 -jar /lustre1/share/miniconda3/envs/wes/share/gatk4-4.6.2.0-1/gatk-package-4.6.2.0-local.jar BaseRecalibrator -R /lustre1/share/references/hg38.fa -I /lustre1/user/bjx131_pkuhpc/wes_run_cluster_20260914/1_alignment/PBMC/blood_sorted.markdup.bam --known-sites /lustre1/share/references/dbsnp_138.hg38.vcf --known-sites /lustre1/share/references/Mills_and_1000G_gold_standard.indels.hg38.vcf --known-sites /lustre1/share/references/1000G_phase1.snps.high_confidence.hg38.vcf -O /lustre1/user/bjx131_pkuhpc/wes_run_cluster_20260914/1_alignment/PBMC/blood.recal_data.table
22:31:06.784 INFO  NativeLibraryLoader - Loading libgkl_compression.so from jar:file:/lustre1/share/miniconda3/envs/wes/share/gatk4-4.6.2.0-1/gatk-package-4.6.2.0-local.jar!/com/intel/gkl/native/libgkl_compression.so
22:31:06.933 INFO  BaseRecalibrator - ------------------------------------------------------------
22:31:06.936 INFO  BaseRecalibrator - The Genome Analysis Toolkit (GATK) v4.6.2.0
22:31:06.936 INFO  BaseRecalibrator - For support and documentation go to https://software.broadinstitute.org/gatk/
22:31:06.936 INFO  BaseRecalibrator - Executing as bjx131_pkuhpc@s29b00n60 on Linux v4.18.0-477.10.1.el8_8.x86_64 amd64
22:31:06.936 INFO  BaseRecalibrator - Java runtime: OpenJDK 64-Bit Server VM v17.0.3-internal+0-adhoc..src
22:31:06.936 INFO  BaseRecalibrator - Start Date/Time: September 20, 2026 at 10:31:06 PM CST
22:31:06.936 INFO  BaseRecalibrator - ------------------------------------------------------------
22:31:06.936 INFO  BaseRecalibrator - ------------------------------------------------------------
22:31:06.937 INFO  BaseRecalibrator - HTSJDK Version: 4.2.0
22:31:06.937 INFO  BaseRecalibrator - Picard Version: 3.4.0
22:31:06.937 INFO  BaseRecalibrator - Built for Spark Version: 3.5.0
22:31:06.939 INFO  BaseRecalibrator - HTSJDK Defaults.COMPRESSION_LEVEL : 2
22:31:06.939 INFO  BaseRecalibrator - HTSJDK Defaults.USE_ASYNC_IO_READ_FOR_SAMTOOLS : false
22:31:06.940 INFO  BaseRecalibrator - HTSJDK Defaults.USE_ASYNC_IO_WRITE_FOR_SAMTOOLS : true
22:31:06.940 INFO  BaseRecalibrator - HTSJDK Defaults.USE_ASYNC_IO_WRITE_FOR_TRIBBLE : false
22:31:06.940 INFO  BaseRecalibrator - Deflater: IntelDeflater
22:31:06.940 INFO  BaseRecalibrator - Inflater: IntelInflater
22:31:06.940 INFO  BaseRecalibrator - GCS max retries/reopens: 20
22:31:06.940 INFO  BaseRecalibrator - Requester pays: disabled
22:31:06.941 INFO  BaseRecalibrator - Initializing engine
22:31:07.140 INFO  FeatureManager - Using codec VCFCodec to read file file:///lustre1/share/references/dbsnp_138.hg38.vcf
22:31:07.295 INFO  FeatureManager - Using codec VCFCodec to read file file:///lustre1/share/references/Mills_and_1000G_gold_standard.indels.hg38.vcf
22:31:07.334 INFO  FeatureManager - Using codec VCFCodec to read file file:///lustre1/share/references/1000G_phase1.snps.high_confidence.hg38.vcf
22:31:07.511 INFO  BaseRecalibrator - Done initializing engine
22:31:07.517 INFO  BaseRecalibrationEngine - The covariates being used here: 
22:31:07.517 INFO  BaseRecalibrationEngine - 	ReadGroupCovariate
22:31:07.517 INFO  BaseRecalibrationEngine - 	QualityScoreCovariate
22:31:07.517 INFO  BaseRecalibrationEngine - 	ContextCovariate
22:31:07.517 INFO  BaseRecalibrationEngine - 	CycleCovariate
22:31:07.550 INFO  ProgressMeter - Starting traversal
22:31:07.551 INFO  ProgressMeter -        Current Locus  Elapsed Minutes       Reads Processed     Reads/Minute
22:31:17.581 INFO  ProgressMeter -        chr11:3713842              0.2                 68000         406860.8
22:31:27.600 INFO  ProgressMeter -      chr14:102004410              0.3                141000         421987.2
22:31:37.663 INFO  ProgressMeter -        chr19:7616439              0.5                218000         434392.7
22:31:47.759 INFO  ProgressMeter -       chr21:42768124              0.7                292000         435734.2
22:31:57.786 INFO  ProgressMeter -       chr5:138090353              0.8                363000         433570.9
22:32:07.888 INFO  ProgressMeter -        chr9:81584075              1.0                435000         432577.6
22:32:11.952 INFO  BaseRecalibrator - 47313 read(s) filtered by: MappingQualityNotZeroReadFilter 
0 read(s) filtered by: MappingQualityAvailableReadFilter 
0 read(s) filtered by: MappedReadFilter 
711 read(s) filtered by: NotSecondaryAlignmentReadFilter 
294 read(s) filtered by: NotDuplicateReadFilter 
0 read(s) filtered by: PassesVendorQualityCheckReadFilter 
0 read(s) filtered by: WellformedReadFilter 
48318 total reads filtered out of 517164 reads processed
22:32:11.953 INFO  ProgressMeter -       chrX:154860190              1.1                468846         436806.3
22:32:11.953 INFO  ProgressMeter - Traversal complete. Processed 468846 total reads in 1.1 minutes.
22:32:11.957 INFO  BaseRecalibrator - Calculating quantized quality scores...
22:32:11.970 INFO  BaseRecalibrator - Writing recalibration report...
22:32:12.237 INFO  BaseRecalibrator - ...done!
22:32:12.238 INFO  BaseRecalibrator - BaseRecalibrator was able to recalibrate 468846 reads
22:32:12.238 INFO  BaseRecalibrator - Shutting down engine
[September 20, 2026 at 10:32:12 PM CST] org.broadinstitute.hellbender.tools.walkers.bqsr.BaseRecalibrator done. Elapsed time: 1.09 minutes.
Runtime.totalMemory()=2483027968
Using GATK jar /lustre1/share/miniconda3/envs/wes/share/gatk4-4.6.2.0-1/gatk-package-4.6.2.0-local.jar
Running:
    java -Dsamjdk.use_async_io_read_samtools=false -Dsamjdk.use_async_io_write_samtools=true -Dsamjdk.use_async_io_write_tribble=false -Dsamjdk.compression_level=2 -Xmx12g -XX:ParallelGCThreads=4 -jar /lustre1/share/miniconda3/envs/wes/share/gatk4-4.6.2.0-1/gatk-package-4.6.2.0-local.jar ApplyBQSR -R /lustre1/share/references/hg38.fa -I /lustre1/user/bjx131_pkuhpc/wes_run_cluster_20260914/1_alignment/OC/OC_sorted.markdup.bam --bqsr-recal-file /lustre1/user/bjx131_pkuhpc/wes_run_cluster_20260914/1_alignment/OC/OC.recal_data.table -O /lustre1/user/bjx131_pkuhpc/wes_run_cluster_20260914/1_alignment/OC/OC_sorted.markdup.BQSR.bam
22:32:14.014 INFO  NativeLibraryLoader - Loading libgkl_compression.so from jar:file:/lustre1/share/miniconda3/envs/wes/share/gatk4-4.6.2.0-1/gatk-package-4.6.2.0-local.jar!/com/intel/gkl/native/libgkl_compression.so
22:32:14.165 INFO  ApplyBQSR - ------------------------------------------------------------
22:32:14.168 INFO  ApplyBQSR - The Genome Analysis Toolkit (GATK) v4.6.2.0
22:32:14.168 INFO  ApplyBQSR - For support and documentation go to https://software.broadinstitute.org/gatk/
22:32:14.168 INFO  ApplyBQSR - Executing as bjx131_pkuhpc@s29b00n60 on Linux v4.18.0-477.10.1.el8_8.x86_64 amd64
22:32:14.168 INFO  ApplyBQSR - Java runtime: OpenJDK 64-Bit Server VM v17.0.3-internal+0-adhoc..src
22:32:14.168 INFO  ApplyBQSR - Start Date/Time: September 20, 2026 at 10:32:13 PM CST
22:32:14.168 INFO  ApplyBQSR - ------------------------------------------------------------
22:32:14.169 INFO  ApplyBQSR - ------------------------------------------------------------
22:32:14.169 INFO  ApplyBQSR - HTSJDK Version: 4.2.0
22:32:14.169 INFO  ApplyBQSR - Picard Version: 3.4.0
22:32:14.169 INFO  ApplyBQSR - Built for Spark Version: 3.5.0
22:32:14.171 INFO  ApplyBQSR - HTSJDK Defaults.COMPRESSION_LEVEL : 2
22:32:14.172 INFO  ApplyBQSR - HTSJDK Defaults.USE_ASYNC_IO_READ_FOR_SAMTOOLS : false
22:32:14.172 INFO  ApplyBQSR - HTSJDK Defaults.USE_ASYNC_IO_WRITE_FOR_SAMTOOLS : true
22:32:14.172 INFO  ApplyBQSR - HTSJDK Defaults.USE_ASYNC_IO_WRITE_FOR_TRIBBLE : false
22:32:14.172 INFO  ApplyBQSR - Deflater: IntelDeflater
22:32:14.172 INFO  ApplyBQSR - Inflater: IntelInflater
22:32:14.172 INFO  ApplyBQSR - GCS max retries/reopens: 20
22:32:14.172 INFO  ApplyBQSR - Requester pays: disabled
22:32:14.173 INFO  ApplyBQSR - Initializing engine
22:32:14.346 INFO  ApplyBQSR - Done initializing engine
22:32:14.370 INFO  ProgressMeter - Starting traversal
22:32:14.370 INFO  ProgressMeter -        Current Locus  Elapsed Minutes       Reads Processed     Reads/Minute
22:32:20.359 INFO  ApplyBQSR - 0 read(s) filtered by: WellformedReadFilter 

22:32:20.359 INFO  ProgressMeter - chr19_MU273386v1_fix:64568              0.1                397780        3985771.5
22:32:20.360 INFO  ProgressMeter - Traversal complete. Processed 397780 total reads in 0.1 minutes.
22:32:20.410 INFO  ApplyBQSR - Shutting down engine
[September 20, 2026 at 10:32:20 PM CST] org.broadinstitute.hellbender.tools.walkers.bqsr.ApplyBQSR done. Elapsed time: 0.11 minutes.
Runtime.totalMemory()=1157627904
Using GATK jar /lustre1/share/miniconda3/envs/wes/share/gatk4-4.6.2.0-1/gatk-package-4.6.2.0-local.jar
Running:
    java -Dsamjdk.use_async_io_read_samtools=false -Dsamjdk.use_async_io_write_samtools=true -Dsamjdk.use_async_io_write_tribble=false -Dsamjdk.compression_level=2 -Xmx12g -XX:ParallelGCThreads=4 -jar /lustre1/share/miniconda3/envs/wes/share/gatk4-4.6.2.0-1/gatk-package-4.6.2.0-local.jar ApplyBQSR -R /lustre1/share/references/hg38.fa -I /lustre1/user/bjx131_pkuhpc/wes_run_cluster_20260914/1_alignment/PBMC/blood_sorted.markdup.bam --bqsr-recal-file /lustre1/user/bjx131_pkuhpc/wes_run_cluster_20260914/1_alignment/PBMC/blood.recal_data.table -O /lustre1/user/bjx131_pkuhpc/wes_run_cluster_20260914/1_alignment/PBMC/blood_sorted.markdup.BQSR.bam
22:32:22.090 INFO  NativeLibraryLoader - Loading libgkl_compression.so from jar:file:/lustre1/share/miniconda3/envs/wes/share/gatk4-4.6.2.0-1/gatk-package-4.6.2.0-local.jar!/com/intel/gkl/native/libgkl_compression.so
22:32:22.233 INFO  ApplyBQSR - ------------------------------------------------------------
22:32:22.236 INFO  ApplyBQSR - The Genome Analysis Toolkit (GATK) v4.6.2.0
22:32:22.236 INFO  ApplyBQSR - For support and documentation go to https://software.broadinstitute.org/gatk/
22:32:22.236 INFO  ApplyBQSR - Executing as bjx131_pkuhpc@s29b00n60 on Linux v4.18.0-477.10.1.el8_8.x86_64 amd64
22:32:22.236 INFO  ApplyBQSR - Java runtime: OpenJDK 64-Bit Server VM v17.0.3-internal+0-adhoc..src
22:32:22.236 INFO  ApplyBQSR - Start Date/Time: September 20, 2026 at 10:32:22 PM CST
22:32:22.236 INFO  ApplyBQSR - ------------------------------------------------------------
22:32:22.237 INFO  ApplyBQSR - ------------------------------------------------------------
22:32:22.237 INFO  ApplyBQSR - HTSJDK Version: 4.2.0
22:32:22.237 INFO  ApplyBQSR - Picard Version: 3.4.0
22:32:22.237 INFO  ApplyBQSR - Built for Spark Version: 3.5.0
22:32:22.239 INFO  ApplyBQSR - HTSJDK Defaults.COMPRESSION_LEVEL : 2
22:32:22.240 INFO  ApplyBQSR - HTSJDK Defaults.USE_ASYNC_IO_READ_FOR_SAMTOOLS : false
22:32:22.240 INFO  ApplyBQSR - HTSJDK Defaults.USE_ASYNC_IO_WRITE_FOR_SAMTOOLS : true
22:32:22.240 INFO  ApplyBQSR - HTSJDK Defaults.USE_ASYNC_IO_WRITE_FOR_TRIBBLE : false
22:32:22.240 INFO  ApplyBQSR - Deflater: IntelDeflater
22:32:22.240 INFO  ApplyBQSR - Inflater: IntelInflater
22:32:22.240 INFO  ApplyBQSR - GCS max retries/reopens: 20
22:32:22.240 INFO  ApplyBQSR - Requester pays: disabled
22:32:22.241 INFO  ApplyBQSR - Initializing engine
22:32:22.406 INFO  ApplyBQSR - Done initializing engine
22:32:22.431 INFO  ProgressMeter - Starting traversal
22:32:22.431 INFO  ProgressMeter -        Current Locus  Elapsed Minutes       Reads Processed     Reads/Minute
22:32:30.797 INFO  ApplyBQSR - 0 read(s) filtered by: WellformedReadFilter 

22:32:30.798 INFO  ProgressMeter - chrX_MU273397v1_alt:321809              0.1                517164        3708598.1
22:32:30.798 INFO  ProgressMeter - Traversal complete. Processed 517164 total reads in 0.1 minutes.
22:32:30.848 INFO  ApplyBQSR - Shutting down engine
[September 20, 2026 at 10:32:30 PM CST] org.broadinstitute.hellbender.tools.walkers.bqsr.ApplyBQSR done. Elapsed time: 0.15 minutes.
Runtime.totalMemory()=1157627904
Using GATK jar /lustre1/share/miniconda3/envs/wes/share/gatk4-4.6.2.0-1/gatk-package-4.6.2.0-local.jar
Running:
    java -Dsamjdk.use_async_io_read_samtools=false -Dsamjdk.use_async_io_write_samtools=true -Dsamjdk.use_async_io_write_tribble=false -Dsamjdk.compression_level=2 -Xmx12g -XX:ParallelGCThreads=4 -jar /lustre1/share/miniconda3/envs/wes/share/gatk4-4.6.2.0-1/gatk-package-4.6.2.0-local.jar HaplotypeCaller -ERC GVCF -R /lustre1/share/references/hg38.fa -I /lustre1/user/bjx131_pkuhpc/wes_run_cluster_20260914/1_alignment/OC/OC_sorted.markdup.BQSR.bam -D /lustre1/share/references/dbsnp_138.hg38.vcf -L /lustre1/share/references/S07604514_AllTracks_V6_60_hg38.bed --native-pair-hmm-threads 8 -O /lustre1/user/bjx131_pkuhpc/wes_run_cluster_20260914/1_alignment/OC/OC.g.vcf
22:32:32.594 INFO  NativeLibraryLoader - Loading libgkl_compression.so from jar:file:/lustre1/share/miniconda3/envs/wes/share/gatk4-4.6.2.0-1/gatk-package-4.6.2.0-local.jar!/com/intel/gkl/native/libgkl_compression.so
22:32:32.754 INFO  HaplotypeCaller - ------------------------------------------------------------
22:32:32.757 INFO  HaplotypeCaller - The Genome Analysis Toolkit (GATK) v4.6.2.0
22:32:32.757 INFO  HaplotypeCaller - For support and documentation go to https://software.broadinstitute.org/gatk/
22:32:32.757 INFO  HaplotypeCaller - Executing as bjx131_pkuhpc@s29b00n60 on Linux v4.18.0-477.10.1.el8_8.x86_64 amd64
22:32:32.757 INFO  HaplotypeCaller - Java runtime: OpenJDK 64-Bit Server VM v17.0.3-internal+0-adhoc..src
22:32:32.757 INFO  HaplotypeCaller - Start Date/Time: September 20, 2026 at 10:32:32 PM CST
22:32:32.757 INFO  HaplotypeCaller - ------------------------------------------------------------
22:32:32.757 INFO  HaplotypeCaller - ------------------------------------------------------------
22:32:32.758 INFO  HaplotypeCaller - HTSJDK Version: 4.2.0
22:32:32.758 INFO  HaplotypeCaller - Picard Version: 3.4.0
22:32:32.758 INFO  HaplotypeCaller - Built for Spark Version: 3.5.0
22:32:32.760 INFO  HaplotypeCaller - HTSJDK Defaults.COMPRESSION_LEVEL : 2
22:32:32.761 INFO  HaplotypeCaller - HTSJDK Defaults.USE_ASYNC_IO_READ_FOR_SAMTOOLS : false
22:32:32.761 INFO  HaplotypeCaller - HTSJDK Defaults.USE_ASYNC_IO_WRITE_FOR_SAMTOOLS : true
22:32:32.761 INFO  HaplotypeCaller - HTSJDK Defaults.USE_ASYNC_IO_WRITE_FOR_TRIBBLE : false
22:32:32.761 INFO  HaplotypeCaller - Deflater: IntelDeflater
22:32:32.761 INFO  HaplotypeCaller - Inflater: IntelInflater
22:32:32.761 INFO  HaplotypeCaller - GCS max retries/reopens: 20
22:32:32.762 INFO  HaplotypeCaller - Requester pays: disabled
22:32:32.762 INFO  HaplotypeCaller - Initializing engine
22:32:32.953 INFO  FeatureManager - Using codec VCFCodec to read file file:///lustre1/share/references/dbsnp_138.hg38.vcf
22:32:33.107 INFO  FeatureManager - Using codec BEDCodec to read file file:///lustre1/share/references/S07604514_AllTracks_V6_60_hg38.bed
22:32:33.550 INFO  IntervalArgumentCollection - Processing 60507855 bp from intervals
22:32:33.732 INFO  HaplotypeCaller - Done initializing engine
22:32:33.735 INFO  HaplotypeCallerEngine - Tool is in reference confidence mode and the annotation, the following changes will be made to any specified annotations: 'StrandBiasBySample' will be enabled. 'ChromosomeCounts', 'FisherStrand', 'StrandOddsRatio' and 'QualByDepth' annotations have been disabled
22:32:33.755 INFO  NativeLibraryLoader - Loading libgkl_utils.so from jar:file:/lustre1/share/miniconda3/envs/wes/share/gatk4-4.6.2.0-1/gatk-package-4.6.2.0-local.jar!/com/intel/gkl/native/libgkl_utils.so
22:32:33.762 INFO  NativeLibraryLoader - Loading libgkl_smithwaterman.so from jar:file:/lustre1/share/miniconda3/envs/wes/share/gatk4-4.6.2.0-1/gatk-package-4.6.2.0-local.jar!/com/intel/gkl/native/libgkl_smithwaterman.so
22:32:33.774 INFO  IntelSmithWaterman - Using CPU-supported AVX-512 instructions
22:32:33.774 INFO  SmithWatermanAligner - Using AVX accelerated SmithWaterman implementation
22:32:33.778 INFO  HaplotypeCallerEngine - Standard Emitting and Calling confidence set to -0.0 for reference-model confidence output
22:32:33.778 INFO  HaplotypeCallerEngine - All sites annotated with PLs forced to true for reference-model confidence output
22:32:33.787 INFO  NativeLibraryLoader - Loading libgkl_pairhmm_omp.so from jar:file:/lustre1/share/miniconda3/envs/wes/share/gatk4-4.6.2.0-1/gatk-package-4.6.2.0-local.jar!/com/intel/gkl/native/libgkl_pairhmm_omp.so
22:32:33.829 INFO  IntelPairHmm - Using CPU-supported AVX-512 instructions
22:32:33.830 INFO  IntelPairHmm - Flush-to-zero (FTZ) is enabled when running PairHMM
22:32:33.830 INFO  IntelPairHmm - Available threads: 8
22:32:33.830 INFO  IntelPairHmm - Requested threads: 8
22:32:33.830 INFO  PairHMM - Using the OpenMP multi-threaded AVX-accelerated native PairHMM implementation
22:32:33.890 INFO  ProgressMeter - Starting traversal
22:32:33.891 INFO  ProgressMeter -        Current Locus  Elapsed Minutes     Regions Processed   Regions/Minute
22:32:34.291 WARN  InbreedingCoeff - InbreedingCoeff will not be calculated at position chr1:69511 and possibly subsequent; at least 10 samples must have called genotypes
22:32:41.721 WARN  DepthPerSampleHC - org.broadinstitute.hellbender.tools.walkers.annotator.DepthPerSampleHC$$Lambda$597/0x0000000801244b00@6ed291f3
22:32:41.722 WARN  StrandBiasBySample - org.broadinstitute.hellbender.tools.walkers.annotator.StrandBiasBySample$$Lambda$598/0x0000000801244d28@5bc52a17
22:32:43.893 INFO  ProgressMeter -        chr1:52083210              0.2                 11550          69293.1
22:32:53.907 INFO  ProgressMeter -       chr1:247920934              0.3                 33990         101893.6
22:33:03.906 INFO  ProgressMeter -       chr11:49334620              0.5                 54770         109485.3
22:33:13.906 INFO  ProgressMeter -       chr12:62335135              0.7                 77560         116296.4
22:33:23.912 INFO  ProgressMeter -      chr14:104178588              0.8                101880         122204.7
22:33:33.913 INFO  ProgressMeter -       chr16:71537796              1.0                127300         127253.3
22:33:43.914 INFO  ProgressMeter -       chr18:21574288              1.2                151140         129506.0
22:33:53.914 INFO  ProgressMeter -       chr19:58516759              1.3                175330         131459.7
22:34:03.918 INFO  ProgressMeter -        chr20:3824010              1.5                201170         134073.1
22:34:13.918 INFO  ProgressMeter -        chr3:19346545              1.7                222290         133338.0
22:34:23.919 INFO  ProgressMeter -       chr4:102597762              1.8                247310         134862.0
22:34:33.920 INFO  ProgressMeter -        chr6:31785491              2.0                271090         135513.4
22:34:43.920 INFO  ProgressMeter -       chr7:128838015              2.2                296410         136774.1
22:34:53.921 INFO  ProgressMeter -       chr9:124503079              2.3                321530         137769.0
22:35:00.229 INFO  HaplotypeCaller - 17630 read(s) filtered by: MappingQualityReadFilter 
0 read(s) filtered by: MappingQualityAvailableReadFilter 
0 read(s) filtered by: MappedReadFilter 
9493 read(s) filtered by: NotSecondaryAlignmentReadFilter 
85 read(s) filtered by: NotDuplicateReadFilter 
0 read(s) filtered by: PassesVendorQualityCheckReadFilter 
0 read(s) filtered by: NonZeroReferenceLengthAlignmentReadFilter 
0 read(s) filtered by: GoodCigarReadFilter 
0 read(s) filtered by: WellformedReadFilter 
27208 total reads filtered out of 294719 reads processed
22:35:00.229 INFO  ProgressMeter -        chrY:57212920              2.4                338553         138810.0
22:35:00.229 INFO  ProgressMeter - Traversal complete. Processed 338553 total regions in 2.4 minutes.
22:35:00.389 INFO  VectorLoglessPairHMM - Time spent in setup for JNI call : 0.014578838
22:35:00.389 INFO  PairHMM - Total compute time in PairHMM computeLogLikelihoods() : 9.796860616
22:35:00.389 INFO  SmithWatermanAligner - Total compute time in native Smith-Waterman : 0.75 sec
22:35:00.390 INFO  HaplotypeCaller - Shutting down engine
[September 20, 2026 at 10:35:00 PM CST] org.broadinstitute.hellbender.tools.walkers.haplotypecaller.HaplotypeCaller done. Elapsed time: 2.46 minutes.
Runtime.totalMemory()=2315255808
Using GATK jar /lustre1/share/miniconda3/envs/wes/share/gatk4-4.6.2.0-1/gatk-package-4.6.2.0-local.jar
Running:
    java -Dsamjdk.use_async_io_read_samtools=false -Dsamjdk.use_async_io_write_samtools=true -Dsamjdk.use_async_io_write_tribble=false -Dsamjdk.compression_level=2 -Xmx12g -XX:ParallelGCThreads=4 -jar /lustre1/share/miniconda3/envs/wes/share/gatk4-4.6.2.0-1/gatk-package-4.6.2.0-local.jar HaplotypeCaller -ERC GVCF -R /lustre1/share/references/hg38.fa -I /lustre1/user/bjx131_pkuhpc/wes_run_cluster_20260914/1_alignment/PBMC/blood_sorted.markdup.BQSR.bam -D /lustre1/share/references/dbsnp_138.hg38.vcf -L /lustre1/share/references/S07604514_AllTracks_V6_60_hg38.bed --native-pair-hmm-threads 8 -O /lustre1/user/bjx131_pkuhpc/wes_run_cluster_20260914/1_alignment/PBMC/blood.g.vcf
22:35:02.210 INFO  NativeLibraryLoader - Loading libgkl_compression.so from jar:file:/lustre1/share/miniconda3/envs/wes/share/gatk4-4.6.2.0-1/gatk-package-4.6.2.0-local.jar!/com/intel/gkl/native/libgkl_compression.so
22:35:02.351 INFO  HaplotypeCaller - ------------------------------------------------------------
22:35:02.353 INFO  HaplotypeCaller - The Genome Analysis Toolkit (GATK) v4.6.2.0
22:35:02.353 INFO  HaplotypeCaller - For support and documentation go to https://software.broadinstitute.org/gatk/
22:35:02.354 INFO  HaplotypeCaller - Executing as bjx131_pkuhpc@s29b00n60 on Linux v4.18.0-477.10.1.el8_8.x86_64 amd64
22:35:02.354 INFO  HaplotypeCaller - Java runtime: OpenJDK 64-Bit Server VM v17.0.3-internal+0-adhoc..src
22:35:02.354 INFO  HaplotypeCaller - Start Date/Time: September 20, 2026 at 10:35:02 PM CST
22:35:02.354 INFO  HaplotypeCaller - ------------------------------------------------------------
22:35:02.354 INFO  HaplotypeCaller - ------------------------------------------------------------
22:35:02.355 INFO  HaplotypeCaller - HTSJDK Version: 4.2.0
22:35:02.355 INFO  HaplotypeCaller - Picard Version: 3.4.0
22:35:02.355 INFO  HaplotypeCaller - Built for Spark Version: 3.5.0
22:35:02.357 INFO  HaplotypeCaller - HTSJDK Defaults.COMPRESSION_LEVEL : 2
22:35:02.357 INFO  HaplotypeCaller - HTSJDK Defaults.USE_ASYNC_IO_READ_FOR_SAMTOOLS : false
22:35:02.357 INFO  HaplotypeCaller - HTSJDK Defaults.USE_ASYNC_IO_WRITE_FOR_SAMTOOLS : true
22:35:02.357 INFO  HaplotypeCaller - HTSJDK Defaults.USE_ASYNC_IO_WRITE_FOR_TRIBBLE : false
22:35:02.358 INFO  HaplotypeCaller - Deflater: IntelDeflater
22:35:02.358 INFO  HaplotypeCaller - Inflater: IntelInflater
22:35:02.358 INFO  HaplotypeCaller - GCS max retries/reopens: 20
22:35:02.358 INFO  HaplotypeCaller - Requester pays: disabled
22:35:02.358 INFO  HaplotypeCaller - Initializing engine
22:35:02.548 INFO  FeatureManager - Using codec VCFCodec to read file file:///lustre1/share/references/dbsnp_138.hg38.vcf
22:35:02.710 INFO  FeatureManager - Using codec BEDCodec to read file file:///lustre1/share/references/S07604514_AllTracks_V6_60_hg38.bed
22:35:03.133 INFO  IntervalArgumentCollection - Processing 60507855 bp from intervals
22:35:03.316 INFO  HaplotypeCaller - Done initializing engine
22:35:03.319 INFO  HaplotypeCallerEngine - Tool is in reference confidence mode and the annotation, the following changes will be made to any specified annotations: 'StrandBiasBySample' will be enabled. 'ChromosomeCounts', 'FisherStrand', 'StrandOddsRatio' and 'QualByDepth' annotations have been disabled
22:35:03.341 INFO  NativeLibraryLoader - Loading libgkl_utils.so from jar:file:/lustre1/share/miniconda3/envs/wes/share/gatk4-4.6.2.0-1/gatk-package-4.6.2.0-local.jar!/com/intel/gkl/native/libgkl_utils.so
22:35:03.347 INFO  NativeLibraryLoader - Loading libgkl_smithwaterman.so from jar:file:/lustre1/share/miniconda3/envs/wes/share/gatk4-4.6.2.0-1/gatk-package-4.6.2.0-local.jar!/com/intel/gkl/native/libgkl_smithwaterman.so
22:35:03.353 INFO  IntelSmithWaterman - Using CPU-supported AVX-512 instructions
22:35:03.353 INFO  SmithWatermanAligner - Using AVX accelerated SmithWaterman implementation
22:35:03.357 INFO  HaplotypeCallerEngine - Standard Emitting and Calling confidence set to -0.0 for reference-model confidence output
22:35:03.357 INFO  HaplotypeCallerEngine - All sites annotated with PLs forced to true for reference-model confidence output
22:35:03.367 INFO  NativeLibraryLoader - Loading libgkl_pairhmm_omp.so from jar:file:/lustre1/share/miniconda3/envs/wes/share/gatk4-4.6.2.0-1/gatk-package-4.6.2.0-local.jar!/com/intel/gkl/native/libgkl_pairhmm_omp.so
22:35:03.396 INFO  IntelPairHmm - Using CPU-supported AVX-512 instructions
22:35:03.396 INFO  IntelPairHmm - Flush-to-zero (FTZ) is enabled when running PairHMM
22:35:03.397 INFO  IntelPairHmm - Available threads: 8
22:35:03.397 INFO  IntelPairHmm - Requested threads: 8
22:35:03.397 INFO  PairHMM - Using the OpenMP multi-threaded AVX-accelerated native PairHMM implementation
22:35:03.438 INFO  ProgressMeter - Starting traversal
22:35:03.439 INFO  ProgressMeter -        Current Locus  Elapsed Minutes     Regions Processed   Regions/Minute
22:35:03.921 WARN  InbreedingCoeff - InbreedingCoeff will not be calculated at position chr1:139213 and possibly subsequent; at least 10 samples must have called genotypes
22:35:13.441 INFO  ProgressMeter -        chr1:43976902              0.2                 10020          60114.0
22:35:23.440 INFO  ProgressMeter -       chr1:225147132              0.3                 30480          91435.4
22:35:31.648 WARN  DepthPerSampleHC - org.broadinstitute.hellbender.tools.walkers.annotator.DepthPerSampleHC$$Lambda$595/0x000000080123fd28@13c6e25
22:35:31.649 WARN  StrandBiasBySample - org.broadinstitute.hellbender.tools.walkers.annotator.StrandBiasBySample$$Lambda$596/0x0000000801244000@492eaa20
22:35:33.440 INFO  ProgressMeter -        chr11:4946752              0.5                 48690          97376.8
22:35:43.441 INFO  ProgressMeter -        chr12:8397033              0.7                 68010         102009.9
22:35:53.441 INFO  ProgressMeter -       chr14:21000020              0.8                 90200         108235.7
22:36:03.450 INFO  ProgressMeter -      chr15:101054903              1.0                112700         112679.3
22:36:13.451 INFO  ProgressMeter -       chr17:36169884              1.2                135360         116003.0
22:36:23.453 INFO  ProgressMeter -       chr19:13136212              1.3                157840         118359.3
22:36:33.455 INFO  ProgressMeter -        chr2:98236748              1.5                181570         121025.2
22:36:43.463 INFO  ProgressMeter -       chr20:62335258              1.7                203830         122268.7
22:36:53.467 INFO  ProgressMeter -       chr3:107772543              1.8                225930         123203.2
22:37:03.471 INFO  ProgressMeter -        chr5:38967878              2.0                249550         124741.7
22:37:13.484 INFO  ProgressMeter -        chr6:99488090              2.2                272290         125628.8
22:37:23.486 INFO  ProgressMeter -        chr8:18808640              2.3                295780         126720.3
22:37:33.500 INFO  ProgressMeter -       chr9:137215571              2.5                318630         127400.2
22:37:38.438 INFO  HaplotypeCaller - 22677 read(s) filtered by: MappingQualityReadFilter 
0 read(s) filtered by: MappingQualityAvailableReadFilter 
0 read(s) filtered by: MappedReadFilter 
307 read(s) filtered by: NotSecondaryAlignmentReadFilter 
254 read(s) filtered by: NotDuplicateReadFilter 
0 read(s) filtered by: PassesVendorQualityCheckReadFilter 
0 read(s) filtered by: NonZeroReferenceLengthAlignmentReadFilter 
0 read(s) filtered by: GoodCigarReadFilter 
0 read(s) filtered by: WellformedReadFilter 
23238 total reads filtered out of 452756 reads processed
22:37:38.439 INFO  ProgressMeter -        chrY:57209489              2.6                331628         128372.1
22:37:38.439 INFO  ProgressMeter - Traversal complete. Processed 331628 total regions in 2.6 minutes.
22:37:38.648 INFO  VectorLoglessPairHMM - Time spent in setup for JNI call : 0.025441079000000002
22:37:38.648 INFO  PairHMM - Total compute time in PairHMM computeLogLikelihoods() : 12.786235239000002
22:37:38.648 INFO  SmithWatermanAligner - Total compute time in native Smith-Waterman : 1.07 sec
22:37:38.649 INFO  HaplotypeCaller - Shutting down engine
[September 20, 2026 at 10:37:38 PM CST] org.broadinstitute.hellbender.tools.walkers.haplotypecaller.HaplotypeCaller done. Elapsed time: 2.61 minutes.
Runtime.totalMemory()=2332033024
Using GATK jar /lustre1/share/miniconda3/envs/wes/share/gatk4-4.6.2.0-1/gatk-package-4.6.2.0-local.jar
Running:
    java -Dsamjdk.use_async_io_read_samtools=false -Dsamjdk.use_async_io_write_samtools=true -Dsamjdk.use_async_io_write_tribble=false -Dsamjdk.compression_level=2 -Xmx16g -XX:ParallelGCThreads=4 -jar /lustre1/share/miniconda3/envs/wes/share/gatk4-4.6.2.0-1/gatk-package-4.6.2.0-local.jar CombineGVCFs -R /lustre1/share/references/hg38.fa -V /lustre1/user/bjx131_pkuhpc/wes_run_cluster_20260914/1_alignment/OC/OC.g.vcf -V /lustre1/user/bjx131_pkuhpc/wes_run_cluster_20260914/1_alignment/PBMC/blood.g.vcf -O /lustre1/user/bjx131_pkuhpc/wes_run_cluster_20260914/2_variant_call/combined.g.vcf
22:37:40.399 INFO  NativeLibraryLoader - Loading libgkl_compression.so from jar:file:/lustre1/share/miniconda3/envs/wes/share/gatk4-4.6.2.0-1/gatk-package-4.6.2.0-local.jar!/com/intel/gkl/native/libgkl_compression.so
22:37:40.549 INFO  CombineGVCFs - ------------------------------------------------------------
22:37:40.552 INFO  CombineGVCFs - The Genome Analysis Toolkit (GATK) v4.6.2.0
22:37:40.552 INFO  CombineGVCFs - For support and documentation go to https://software.broadinstitute.org/gatk/
22:37:40.552 INFO  CombineGVCFs - Executing as bjx131_pkuhpc@s29b00n60 on Linux v4.18.0-477.10.1.el8_8.x86_64 amd64
22:37:40.552 INFO  CombineGVCFs - Java runtime: OpenJDK 64-Bit Server VM v17.0.3-internal+0-adhoc..src
22:37:40.553 INFO  CombineGVCFs - Start Date/Time: September 20, 2026 at 10:37:40 PM CST
22:37:40.553 INFO  CombineGVCFs - ------------------------------------------------------------
22:37:40.553 INFO  CombineGVCFs - ------------------------------------------------------------
22:37:40.554 INFO  CombineGVCFs - HTSJDK Version: 4.2.0
22:37:40.554 INFO  CombineGVCFs - Picard Version: 3.4.0
22:37:40.554 INFO  CombineGVCFs - Built for Spark Version: 3.5.0
22:37:40.556 INFO  CombineGVCFs - HTSJDK Defaults.COMPRESSION_LEVEL : 2
22:37:40.556 INFO  CombineGVCFs - HTSJDK Defaults.USE_ASYNC_IO_READ_FOR_SAMTOOLS : false
22:37:40.556 INFO  CombineGVCFs - HTSJDK Defaults.USE_ASYNC_IO_WRITE_FOR_SAMTOOLS : true
22:37:40.556 INFO  CombineGVCFs - HTSJDK Defaults.USE_ASYNC_IO_WRITE_FOR_TRIBBLE : false
22:37:40.556 INFO  CombineGVCFs - Deflater: IntelDeflater
22:37:40.557 INFO  CombineGVCFs - Inflater: IntelInflater
22:37:40.557 INFO  CombineGVCFs - GCS max retries/reopens: 20
22:37:40.557 INFO  CombineGVCFs - Requester pays: disabled
22:37:40.557 INFO  CombineGVCFs - Initializing engine
22:37:40.727 INFO  FeatureManager - Using codec VCFCodec to read file file:///lustre1/user/bjx131_pkuhpc/wes_run_cluster_20260914/1_alignment/OC/OC.g.vcf
22:37:40.800 INFO  FeatureManager - Using codec VCFCodec to read file file:///lustre1/user/bjx131_pkuhpc/wes_run_cluster_20260914/1_alignment/PBMC/blood.g.vcf
22:37:41.519 INFO  CombineGVCFs - Done initializing engine
22:37:41.558 INFO  ProgressMeter - Starting traversal
22:37:41.559 INFO  ProgressMeter -        Current Locus  Elapsed Minutes    Variants Processed  Variants/Minute
22:37:41.617 WARN  ReferenceConfidenceVariantContextMerger - Detected invalid annotations: When trying to merge variant contexts at location chr1:69511 the annotation MLEAC=[1, 0] was not a numerical value and was ignored
22:37:51.560 INFO  ProgressMeter -       chr19:43747371              0.2                724000        4344000.0
22:38:01.572 INFO  ProgressMeter -       chrX:129647884              0.3               1441000        4320191.9
22:38:01.932 INFO  ProgressMeter -        chrY:12810618              0.3               1454978        4285018.4
22:38:01.932 INFO  ProgressMeter - Traversal complete. Processed 1454978 total variants in 0.3 minutes.
22:38:02.162 INFO  CombineGVCFs - Shutting down engine
[September 20, 2026 at 10:38:02 PM CST] org.broadinstitute.hellbender.tools.walkers.CombineGVCFs done. Elapsed time: 0.36 minutes.
Runtime.totalMemory()=2818572288
Using GATK jar /lustre1/share/miniconda3/envs/wes/share/gatk4-4.6.2.0-1/gatk-package-4.6.2.0-local.jar
Running:
    java -Dsamjdk.use_async_io_read_samtools=false -Dsamjdk.use_async_io_write_samtools=true -Dsamjdk.use_async_io_write_tribble=false -Dsamjdk.compression_level=2 -Xmx16g -XX:ParallelGCThreads=4 -jar /lustre1/share/miniconda3/envs/wes/share/gatk4-4.6.2.0-1/gatk-package-4.6.2.0-local.jar GenotypeGVCFs -R /lustre1/share/references/hg38.fa -V /lustre1/user/bjx131_pkuhpc/wes_run_cluster_20260914/2_variant_call/combined.g.vcf -D /lustre1/share/references/dbsnp_138.hg38.vcf -O /lustre1/user/bjx131_pkuhpc/wes_run_cluster_20260914/2_variant_call/OC_blood_variants.vcf
22:38:03.873 INFO  NativeLibraryLoader - Loading libgkl_compression.so from jar:file:/lustre1/share/miniconda3/envs/wes/share/gatk4-4.6.2.0-1/gatk-package-4.6.2.0-local.jar!/com/intel/gkl/native/libgkl_compression.so
22:38:04.033 INFO  GenotypeGVCFs - ------------------------------------------------------------
22:38:04.035 INFO  GenotypeGVCFs - The Genome Analysis Toolkit (GATK) v4.6.2.0
22:38:04.036 INFO  GenotypeGVCFs - For support and documentation go to https://software.broadinstitute.org/gatk/
22:38:04.036 INFO  GenotypeGVCFs - Executing as bjx131_pkuhpc@s29b00n60 on Linux v4.18.0-477.10.1.el8_8.x86_64 amd64
22:38:04.036 INFO  GenotypeGVCFs - Java runtime: OpenJDK 64-Bit Server VM v17.0.3-internal+0-adhoc..src
22:38:04.036 INFO  GenotypeGVCFs - Start Date/Time: September 20, 2026 at 10:38:03 PM CST
22:38:04.036 INFO  GenotypeGVCFs - ------------------------------------------------------------
22:38:04.036 INFO  GenotypeGVCFs - ------------------------------------------------------------
22:38:04.037 INFO  GenotypeGVCFs - HTSJDK Version: 4.2.0
22:38:04.037 INFO  GenotypeGVCFs - Picard Version: 3.4.0
22:38:04.037 INFO  GenotypeGVCFs - Built for Spark Version: 3.5.0
22:38:04.039 INFO  GenotypeGVCFs - HTSJDK Defaults.COMPRESSION_LEVEL : 2
22:38:04.039 INFO  GenotypeGVCFs - HTSJDK Defaults.USE_ASYNC_IO_READ_FOR_SAMTOOLS : false
22:38:04.039 INFO  GenotypeGVCFs - HTSJDK Defaults.USE_ASYNC_IO_WRITE_FOR_SAMTOOLS : true
22:38:04.040 INFO  GenotypeGVCFs - HTSJDK Defaults.USE_ASYNC_IO_WRITE_FOR_TRIBBLE : false
22:38:04.040 INFO  GenotypeGVCFs - Deflater: IntelDeflater
22:38:04.040 INFO  GenotypeGVCFs - Inflater: IntelInflater
22:38:04.040 INFO  GenotypeGVCFs - GCS max retries/reopens: 20
22:38:04.040 INFO  GenotypeGVCFs - Requester pays: disabled
22:38:04.040 INFO  GenotypeGVCFs - Initializing engine
22:38:04.204 INFO  FeatureManager - Using codec VCFCodec to read file file:///lustre1/share/references/dbsnp_138.hg38.vcf
22:38:04.377 INFO  FeatureManager - Using codec VCFCodec to read file file:///lustre1/user/bjx131_pkuhpc/wes_run_cluster_20260914/2_variant_call/combined.g.vcf
22:38:04.583 INFO  GenotypeGVCFs - Done initializing engine
22:38:04.629 INFO  ProgressMeter - Starting traversal
22:38:04.629 INFO  ProgressMeter -        Current Locus  Elapsed Minutes    Variants Processed  Variants/Minute
22:38:04.740 WARN  InbreedingCoeff - InbreedingCoeff will not be calculated at position chr1:69511 and possibly subsequent; at least 10 samples must have called genotypes
22:38:14.656 INFO  ProgressMeter -       chr11:22860583              0.2                187000        1119202.0
22:38:24.731 INFO  ProgressMeter -      chr15:101661942              0.3                408000        1217849.9
22:38:34.776 INFO  ProgressMeter -        chr2:60461234              0.5                645000        1283795.0
22:38:44.776 INFO  ProgressMeter -         chr4:3317556              0.7                865000        1292781.3
22:38:54.823 INFO  ProgressMeter -       chr7:116699544              0.8               1052000        1257570.9
22:39:01.829 INFO  ProgressMeter -        chrY:12839995              1.0               1202478        1261362.6
22:39:01.830 INFO  ProgressMeter - Traversal complete. Processed 1202478 total variants in 1.0 minutes.
22:39:01.931 INFO  GenotypeGVCFs - Shutting down engine
[September 20, 2026 at 10:39:01 PM CST] org.broadinstitute.hellbender.tools.walkers.GenotypeGVCFs done. Elapsed time: 0.97 minutes.
Runtime.totalMemory()=3112173568
Using GATK jar /lustre1/share/miniconda3/envs/wes/share/gatk4-4.6.2.0-1/gatk-package-4.6.2.0-local.jar
Running:
    java -Dsamjdk.use_async_io_read_samtools=false -Dsamjdk.use_async_io_write_samtools=true -Dsamjdk.use_async_io_write_tribble=false -Dsamjdk.compression_level=2 -Xmx12g -XX:ParallelGCThreads=4 -jar /lustre1/share/miniconda3/envs/wes/share/gatk4-4.6.2.0-1/gatk-package-4.6.2.0-local.jar VariantAnnotator -R /lustre1/share/references/hg38.fa -I /lustre1/user/bjx131_pkuhpc/wes_run_cluster_20260914/1_alignment/OC/OC_sorted.markdup.BQSR.bam -V /lustre1/user/bjx131_pkuhpc/wes_run_cluster_20260914/2_variant_call/OC_blood_variants.vcf -D /lustre1/share/references/dbsnp_138.hg38.vcf -O /lustre1/user/bjx131_pkuhpc/wes_run_cluster_20260914/2_variant_call/OC_blood_variants.anno.vcf
22:39:03.637 INFO  NativeLibraryLoader - Loading libgkl_compression.so from jar:file:/lustre1/share/miniconda3/envs/wes/share/gatk4-4.6.2.0-1/gatk-package-4.6.2.0-local.jar!/com/intel/gkl/native/libgkl_compression.so
22:39:03.790 INFO  VariantAnnotator - ------------------------------------------------------------
22:39:03.792 INFO  VariantAnnotator - The Genome Analysis Toolkit (GATK) v4.6.2.0
22:39:03.793 INFO  VariantAnnotator - For support and documentation go to https://software.broadinstitute.org/gatk/
22:39:03.793 INFO  VariantAnnotator - Executing as bjx131_pkuhpc@s29b00n60 on Linux v4.18.0-477.10.1.el8_8.x86_64 amd64
22:39:03.793 INFO  VariantAnnotator - Java runtime: OpenJDK 64-Bit Server VM v17.0.3-internal+0-adhoc..src
22:39:03.793 INFO  VariantAnnotator - Start Date/Time: September 20, 2026 at 10:39:03 PM CST
22:39:03.793 INFO  VariantAnnotator - ------------------------------------------------------------
22:39:03.793 INFO  VariantAnnotator - ------------------------------------------------------------
22:39:03.794 INFO  VariantAnnotator - HTSJDK Version: 4.2.0
22:39:03.794 INFO  VariantAnnotator - Picard Version: 3.4.0
22:39:03.794 INFO  VariantAnnotator - Built for Spark Version: 3.5.0
22:39:03.796 INFO  VariantAnnotator - HTSJDK Defaults.COMPRESSION_LEVEL : 2
22:39:03.796 INFO  VariantAnnotator - HTSJDK Defaults.USE_ASYNC_IO_READ_FOR_SAMTOOLS : false
22:39:03.797 INFO  VariantAnnotator - HTSJDK Defaults.USE_ASYNC_IO_WRITE_FOR_SAMTOOLS : true
22:39:03.797 INFO  VariantAnnotator - HTSJDK Defaults.USE_ASYNC_IO_WRITE_FOR_TRIBBLE : false
22:39:03.797 INFO  VariantAnnotator - Deflater: IntelDeflater
22:39:03.797 INFO  VariantAnnotator - Inflater: IntelInflater
22:39:03.797 INFO  VariantAnnotator - GCS max retries/reopens: 20
22:39:03.797 INFO  VariantAnnotator - Requester pays: disabled
22:39:03.797 INFO  VariantAnnotator - Initializing engine
22:39:04.011 INFO  FeatureManager - Using codec VCFCodec to read file file:///lustre1/share/references/dbsnp_138.hg38.vcf
22:39:04.161 INFO  FeatureManager - Using codec VCFCodec to read file file:///lustre1/user/bjx131_pkuhpc/wes_run_cluster_20260914/2_variant_call/OC_blood_variants.vcf
22:39:04.208 INFO  VariantAnnotator - Done initializing engine
22:39:04.277 INFO  ProgressMeter - Starting traversal
22:39:04.277 INFO  ProgressMeter -        Current Locus  Elapsed Minutes    Variants Processed  Variants/Minute
22:39:15.014 INFO  ProgressMeter -      chr11:113932306              0.2                  3000          16769.1
22:39:27.387 INFO  ProgressMeter -         chr19:691833              0.4                  7000          18174.7
22:39:40.381 INFO  ProgressMeter -        chr4:39300409              0.6                 11000          18281.5
22:39:52.568 INFO  ProgressMeter -        chr9:70319042              0.8                 14000          17394.9
22:39:55.035 INFO  ProgressMeter -        chr9:70319042              0.8                 14782          17473.8
22:39:55.035 INFO  ProgressMeter - Traversal complete. Processed 14782 total variants in 0.8 minutes.
22:39:55.154 INFO  VariantAnnotator - Shutting down engine
[September 20, 2026 at 10:39:55 PM CST] org.broadinstitute.hellbender.tools.walkers.annotator.VariantAnnotator done. Elapsed time: 0.86 minutes.
Runtime.totalMemory()=2717908992
Using GATK jar /lustre1/share/miniconda3/envs/wes/share/gatk4-4.6.2.0-1/gatk-package-4.6.2.0-local.jar
Running:
    java -Dsamjdk.use_async_io_read_samtools=false -Dsamjdk.use_async_io_write_samtools=true -Dsamjdk.use_async_io_write_tribble=false -Dsamjdk.compression_level=2 -Xmx20g -XX:ParallelGCThreads=4 -jar /lustre1/share/miniconda3/envs/wes/share/gatk4-4.6.2.0-1/gatk-package-4.6.2.0-local.jar VariantRecalibrator -R /lustre1/share/references/hg38.fa -V /lustre1/user/bjx131_pkuhpc/wes_run_cluster_20260914/2_variant_call/OC_blood_variants.vcf --resource:hapmap,known=false,training=true,truth=true,prior=15.0 /lustre1/share/references/hapmap_3.3.hg38.vcf --resource:omni,known=false,training=true,truth=false,prior=12.0 /lustre1/share/references/1000G_omni2.5.hg38.vcf --resource:1000G,known=false,training=true,truth=false,prior=10.0 /lustre1/share/references/1000G_phase1.snps.high_confidence.hg38.vcf --resource:dbsnp,known=true,training=false,truth=false,prior=2.0 /lustre1/share/references/dbsnp_138.hg38.vcf -an QD -an MQ -an MQRankSum -an ReadPosRankSum -an FS -an SOR -mode SNP -O /lustre1/user/bjx131_pkuhpc/wes_run_cluster_20260914/2_variant_call/OC_blood.snps.recal --tranches-file /lustre1/user/bjx131_pkuhpc/wes_run_cluster_20260914/2_variant_call/OC_blood.snps.tranches --rscript-file /lustre1/user/bjx131_pkuhpc/wes_run_cluster_20260914/2_variant_call/OC_blood.snps.plots.R --dont-run-rscript
22:39:56.923 INFO  NativeLibraryLoader - Loading libgkl_compression.so from jar:file:/lustre1/share/miniconda3/envs/wes/share/gatk4-4.6.2.0-1/gatk-package-4.6.2.0-local.jar!/com/intel/gkl/native/libgkl_compression.so
22:39:57.080 INFO  VariantRecalibrator - ------------------------------------------------------------
22:39:57.083 INFO  VariantRecalibrator - The Genome Analysis Toolkit (GATK) v4.6.2.0
22:39:57.083 INFO  VariantRecalibrator - For support and documentation go to https://software.broadinstitute.org/gatk/
22:39:57.083 INFO  VariantRecalibrator - Executing as bjx131_pkuhpc@s29b00n60 on Linux v4.18.0-477.10.1.el8_8.x86_64 amd64
22:39:57.084 INFO  VariantRecalibrator - Java runtime: OpenJDK 64-Bit Server VM v17.0.3-internal+0-adhoc..src
22:39:57.084 INFO  VariantRecalibrator - Start Date/Time: September 20, 2026 at 10:39:56 PM CST
22:39:57.084 INFO  VariantRecalibrator - ------------------------------------------------------------
22:39:57.084 INFO  VariantRecalibrator - ------------------------------------------------------------
22:39:57.085 INFO  VariantRecalibrator - HTSJDK Version: 4.2.0
22:39:57.085 INFO  VariantRecalibrator - Picard Version: 3.4.0
22:39:57.085 INFO  VariantRecalibrator - Built for Spark Version: 3.5.0
22:39:57.087 INFO  VariantRecalibrator - HTSJDK Defaults.COMPRESSION_LEVEL : 2
22:39:57.087 INFO  VariantRecalibrator - HTSJDK Defaults.USE_ASYNC_IO_READ_FOR_SAMTOOLS : false
22:39:57.087 INFO  VariantRecalibrator - HTSJDK Defaults.USE_ASYNC_IO_WRITE_FOR_SAMTOOLS : true
22:39:57.087 INFO  VariantRecalibrator - HTSJDK Defaults.USE_ASYNC_IO_WRITE_FOR_TRIBBLE : false
22:39:57.087 INFO  VariantRecalibrator - Deflater: IntelDeflater
22:39:57.088 INFO  VariantRecalibrator - Inflater: IntelInflater
22:39:57.088 INFO  VariantRecalibrator - GCS max retries/reopens: 20
22:39:57.088 INFO  VariantRecalibrator - Requester pays: disabled
22:39:57.088 INFO  VariantRecalibrator - Initializing engine
22:39:57.241 INFO  FeatureManager - Using codec VCFCodec to read file file:///lustre1/share/references/hapmap_3.3.hg38.vcf
22:39:57.330 INFO  FeatureManager - Using codec VCFCodec to read file file:///lustre1/share/references/1000G_omni2.5.hg38.vcf
22:39:57.394 INFO  FeatureManager - Using codec VCFCodec to read file file:///lustre1/share/references/1000G_phase1.snps.high_confidence.hg38.vcf
22:39:57.466 INFO  FeatureManager - Using codec VCFCodec to read file file:///lustre1/share/references/dbsnp_138.hg38.vcf
22:39:57.601 INFO  FeatureManager - Using codec VCFCodec to read file file:///lustre1/user/bjx131_pkuhpc/wes_run_cluster_20260914/2_variant_call/OC_blood_variants.vcf
22:39:57.691 INFO  VariantRecalibrator - Done initializing engine
22:39:57.695 INFO  TrainingSet - Found hapmap track: 	Known = false 	Training = true 	Truth = true 	Prior = Q15.0
22:39:57.696 INFO  TrainingSet - Found omni track: 	Known = false 	Training = true 	Truth = false 	Prior = Q12.0
22:39:57.696 INFO  TrainingSet - Found 1000G track: 	Known = false 	Training = true 	Truth = false 	Prior = Q10.0
22:39:57.696 INFO  TrainingSet - Found dbsnp track: 	Known = true 	Training = false 	Truth = false 	Prior = Q2.0
22:39:57.703 WARN  GATKVariantContextUtils - Can't determine output variant file format from output file extension "recal". Defaulting to VCF.
22:39:57.744 INFO  ProgressMeter - Starting traversal
22:39:57.745 INFO  ProgressMeter -        Current Locus  Elapsed Minutes    Variants Processed  Variants/Minute
22:40:10.449 INFO  ProgressMeter -      chr11:113932306              0.2                  3000          14171.0
22:40:22.243 INFO  ProgressMeter -        chr17:7229237              0.4                  6000          14695.7
22:40:33.483 INFO  ProgressMeter -        chr20:3223438              0.6                  9000          15110.4
22:40:46.828 INFO  ProgressMeter -       chr5:178983737              0.8                 12000          14669.0
22:40:57.106 INFO  ProgressMeter -        chr9:70319042              1.0                 14000          14150.9
22:41:00.097 INFO  ProgressMeter -        chr9:70319042              1.0                 14782          14224.4
22:41:00.097 INFO  ProgressMeter - Traversal complete. Processed 14782 total variants in 1.0 minutes.
22:41:00.105 INFO  VariantDataManager - QD: 	 mean = 21.34	 standard deviation = 5.27
22:41:00.108 INFO  VariantDataManager - MQ: 	 mean = 59.89	 standard deviation = 1.44
22:41:00.110 INFO  VariantDataManager - MQRankSum: 	 mean = -0.00	 standard deviation = 0.08
22:41:00.114 INFO  VariantDataManager - ReadPosRankSum: 	 mean = -0.03	 standard deviation = 0.99
22:41:00.117 INFO  VariantDataManager - FS: 	 mean = 0.01	 standard deviation = 0.15
22:41:00.119 INFO  VariantDataManager - SOR: 	 mean = 0.83	 standard deviation = 0.37
22:41:00.150 INFO  VariantDataManager - Annotation order is: [MQ, QD, SOR, MQRankSum, ReadPosRankSum, FS]
22:41:00.151 INFO  VariantDataManager - Training with 10349 variants after standard deviation thresholding.
22:41:00.155 INFO  GaussianMixtureModel - Initializing model with 100 k-means iterations...
22:41:00.427 INFO  VariantRecalibratorEngine - Finished iteration 0.
22:41:00.629 INFO  VariantRecalibratorEngine - Finished iteration 5. 	Current change in mixture coefficients = 0.07435
22:41:00.754 INFO  VariantRecalibratorEngine - Finished iteration 10. 	Current change in mixture coefficients = 0.00646
22:41:00.854 INFO  VariantRecalibratorEngine - Convergence after 14 iterations!
22:41:00.891 INFO  VariantRecalibratorEngine - Evaluating full set of 13631 variants...
22:41:01.392 INFO  VariantDataManager - Selected worst 57 scoring variants --> variants with LOD <= -5.0000.
22:41:01.392 INFO  GaussianMixtureModel - Initializing model with 100 k-means iterations...
22:41:01.393 INFO  VariantRecalibratorEngine - Finished iteration 0.
22:41:01.393 INFO  VariantRecalibratorEngine - Finished iteration 5. 	Current change in mixture coefficients = 0.04444
22:41:01.394 INFO  VariantRecalibratorEngine - Finished iteration 10. 	Current change in mixture coefficients = 0.00741
22:41:01.394 INFO  VariantRecalibratorEngine - Finished iteration 15. 	Current change in mixture coefficients = 0.04621
22:41:01.395 INFO  VariantRecalibratorEngine - Finished iteration 20. 	Current change in mixture coefficients = 0.02486
22:41:01.395 INFO  VariantRecalibratorEngine - Convergence after 23 iterations!
22:41:01.396 INFO  VariantRecalibratorEngine - Evaluating full set of 13631 variants...
22:41:01.596 INFO  TrancheManager - Finding 4 tranches for 13631 variants
22:41:01.609 INFO  TrancheManager -   TruthSensitivityTranche threshold 100.00 => selection metric threshold 0.000
22:41:01.613 INFO  TrancheManager -   Found tranche for 100.000: 0.000 threshold starting with variant 0; running score is 0.000 
22:41:01.614 INFO  TrancheManager -   TruthSensitivityTranche is TruthSensitivityTranche targetTruthSensitivity=100.00 minVQSLod=-5889.9334 known=(11216 @ 2.6492) novel=(2415 @ 2.3310) truthSites(7388 accessible, 7388 called), name=anonymous]
22:41:01.614 INFO  TrancheManager -   TruthSensitivityTranche threshold 99.90 => selection metric threshold 0.001
22:41:01.616 INFO  TrancheManager -   Found tranche for 99.900: 0.001 threshold starting with variant 158; running score is 0.001 
22:41:01.616 INFO  TrancheManager -   TruthSensitivityTranche is TruthSensitivityTranche targetTruthSensitivity=99.90 minVQSLod=-2.5640 known=(11111 @ 2.6675) novel=(2362 @ 2.3315) truthSites(7388 accessible, 7380 called), name=anonymous]
22:41:01.616 INFO  TrancheManager -   TruthSensitivityTranche threshold 99.00 => selection metric threshold 0.010
22:41:01.617 INFO  TrancheManager -   Found tranche for 99.000: 0.010 threshold starting with variant 595; running score is 0.010 
22:41:01.618 INFO  TrancheManager -   TruthSensitivityTranche is TruthSensitivityTranche targetTruthSensitivity=99.00 minVQSLod=4.3997 known=(10761 @ 2.6802) novel=(2275 @ 2.3854) truthSites(7388 accessible, 7314 called), name=anonymous]
22:41:01.618 INFO  TrancheManager -   TruthSensitivityTranche threshold 90.00 => selection metric threshold 0.100
22:41:01.619 INFO  TrancheManager -   Found tranche for 90.000: 0.100 threshold starting with variant 2245; running score is 0.100 
22:41:01.619 INFO  TrancheManager -   TruthSensitivityTranche is TruthSensitivityTranche targetTruthSensitivity=90.00 minVQSLod=6.5292 known=(9313 @ 2.7074) novel=(2073 @ 2.4608) truthSites(7388 accessible, 6649 called), name=anonymous]
22:41:01.621 INFO  VariantRecalibrator - Writing out recalibration table...
22:41:01.832 INFO  VariantRecalibrator - Writing out visualization Rscript file...
22:41:01.861 INFO  VariantRecalibrator - Building MQ x QD plot...
22:41:01.864 INFO  VariantRecalibratorEngine - Evaluating full set of 3660 variants...
22:41:02.138 INFO  VariantRecalibratorEngine - Evaluating full set of 3660 variants...
22:41:02.278 INFO  VariantRecalibrator - Building MQ x SOR plot...
22:41:02.280 INFO  VariantRecalibratorEngine - Evaluating full set of 3660 variants...
22:41:02.552 INFO  VariantRecalibratorEngine - Evaluating full set of 3660 variants...
22:41:02.678 INFO  VariantRecalibrator - Building MQ x MQRankSum plot...
22:41:02.679 INFO  VariantRecalibratorEngine - Evaluating full set of 3660 variants...
22:41:02.957 INFO  VariantRecalibratorEngine - Evaluating full set of 3660 variants...
22:41:03.124 INFO  VariantRecalibrator - Building MQ x ReadPosRankSum plot...
22:41:03.125 INFO  VariantRecalibratorEngine - Evaluating full set of 3600 variants...
22:41:03.399 INFO  VariantRecalibratorEngine - Evaluating full set of 3600 variants...
22:41:03.515 INFO  VariantRecalibrator - Building MQ x FS plot...
22:41:03.515 INFO  VariantRecalibratorEngine - Evaluating full set of 3660 variants...
22:41:03.792 INFO  VariantRecalibratorEngine - Evaluating full set of 3660 variants...
22:41:03.918 INFO  VariantRecalibrator - Building QD x SOR plot...
22:41:03.918 INFO  VariantRecalibratorEngine - Evaluating full set of 3721 variants...
22:41:04.216 INFO  VariantRecalibratorEngine - Evaluating full set of 3721 variants...
22:41:04.340 INFO  VariantRecalibrator - Building QD x MQRankSum plot...
22:41:04.340 INFO  VariantRecalibratorEngine - Evaluating full set of 3721 variants...
22:41:04.636 INFO  VariantRecalibratorEngine - Evaluating full set of 3721 variants...
22:41:04.758 INFO  VariantRecalibrator - Building QD x ReadPosRankSum plot...
22:41:04.759 INFO  VariantRecalibratorEngine - Evaluating full set of 3660 variants...
22:41:05.053 INFO  VariantRecalibratorEngine - Evaluating full set of 3660 variants...
22:41:05.172 INFO  VariantRecalibrator - Building QD x FS plot...
22:41:05.173 INFO  VariantRecalibratorEngine - Evaluating full set of 3721 variants...
22:41:05.457 INFO  VariantRecalibratorEngine - Evaluating full set of 3721 variants...
22:41:05.576 INFO  VariantRecalibrator - Building SOR x MQRankSum plot...
22:41:05.577 INFO  VariantRecalibratorEngine - Evaluating full set of 3721 variants...
22:41:05.859 INFO  VariantRecalibratorEngine - Evaluating full set of 3721 variants...
22:41:05.978 INFO  VariantRecalibrator - Building SOR x ReadPosRankSum plot...
22:41:05.979 INFO  VariantRecalibratorEngine - Evaluating full set of 3660 variants...
22:41:06.260 INFO  VariantRecalibratorEngine - Evaluating full set of 3660 variants...
22:41:06.377 INFO  VariantRecalibrator - Building SOR x FS plot...
22:41:06.377 INFO  VariantRecalibratorEngine - Evaluating full set of 3721 variants...
22:41:06.662 INFO  VariantRecalibratorEngine - Evaluating full set of 3721 variants...
22:41:06.780 INFO  VariantRecalibrator - Building MQRankSum x ReadPosRankSum plot...
22:41:06.781 INFO  VariantRecalibratorEngine - Evaluating full set of 3660 variants...
22:41:07.095 INFO  VariantRecalibratorEngine - Evaluating full set of 3660 variants...
22:41:07.212 INFO  VariantRecalibrator - Building MQRankSum x FS plot...
22:41:07.212 INFO  VariantRecalibratorEngine - Evaluating full set of 3721 variants...
22:41:07.507 INFO  VariantRecalibratorEngine - Evaluating full set of 3721 variants...
22:41:07.628 INFO  VariantRecalibrator - Building ReadPosRankSum x FS plot...
22:41:07.628 INFO  VariantRecalibratorEngine - Evaluating full set of 3660 variants...
22:41:07.922 INFO  VariantRecalibratorEngine - Evaluating full set of 3660 variants...
22:41:08.174 INFO  VariantRecalibrator - Shutting down engine
[September 20, 2026 at 10:41:08 PM CST] org.broadinstitute.hellbender.tools.walkers.vqsr.VariantRecalibrator done. Elapsed time: 1.19 minutes.
Runtime.totalMemory()=3305111552
Using GATK jar /lustre1/share/miniconda3/envs/wes/share/gatk4-4.6.2.0-1/gatk-package-4.6.2.0-local.jar
Running:
    java -Dsamjdk.use_async_io_read_samtools=false -Dsamjdk.use_async_io_write_samtools=true -Dsamjdk.use_async_io_write_tribble=false -Dsamjdk.compression_level=2 -Xmx16g -XX:ParallelGCThreads=4 -jar /lustre1/share/miniconda3/envs/wes/share/gatk4-4.6.2.0-1/gatk-package-4.6.2.0-local.jar ApplyVQSR -R /lustre1/share/references/hg38.fa -V /lustre1/user/bjx131_pkuhpc/wes_run_cluster_20260914/2_variant_call/OC_blood_variants.vcf -O /lustre1/user/bjx131_pkuhpc/wes_run_cluster_20260914/2_variant_call/OC_blood.snps.VQSR.vcf --truth-sensitivity-filter-level 99.5 --tranches-file /lustre1/user/bjx131_pkuhpc/wes_run_cluster_20260914/2_variant_call/OC_blood.snps.tranches --recal-file /lustre1/user/bjx131_pkuhpc/wes_run_cluster_20260914/2_variant_call/OC_blood.snps.recal --mode SNP
22:41:09.933 INFO  NativeLibraryLoader - Loading libgkl_compression.so from jar:file:/lustre1/share/miniconda3/envs/wes/share/gatk4-4.6.2.0-1/gatk-package-4.6.2.0-local.jar!/com/intel/gkl/native/libgkl_compression.so
22:41:10.089 INFO  ApplyVQSR - ------------------------------------------------------------
22:41:10.092 INFO  ApplyVQSR - The Genome Analysis Toolkit (GATK) v4.6.2.0
22:41:10.092 INFO  ApplyVQSR - For support and documentation go to https://software.broadinstitute.org/gatk/
22:41:10.092 INFO  ApplyVQSR - Executing as bjx131_pkuhpc@s29b00n60 on Linux v4.18.0-477.10.1.el8_8.x86_64 amd64
22:41:10.092 INFO  ApplyVQSR - Java runtime: OpenJDK 64-Bit Server VM v17.0.3-internal+0-adhoc..src
22:41:10.093 INFO  ApplyVQSR - Start Date/Time: September 20, 2026 at 10:41:09 PM CST
22:41:10.093 INFO  ApplyVQSR - ------------------------------------------------------------
22:41:10.093 INFO  ApplyVQSR - ------------------------------------------------------------
22:41:10.093 INFO  ApplyVQSR - HTSJDK Version: 4.2.0
22:41:10.094 INFO  ApplyVQSR - Picard Version: 3.4.0
22:41:10.094 INFO  ApplyVQSR - Built for Spark Version: 3.5.0
22:41:10.095 INFO  ApplyVQSR - HTSJDK Defaults.COMPRESSION_LEVEL : 2
22:41:10.096 INFO  ApplyVQSR - HTSJDK Defaults.USE_ASYNC_IO_READ_FOR_SAMTOOLS : false
22:41:10.096 INFO  ApplyVQSR - HTSJDK Defaults.USE_ASYNC_IO_WRITE_FOR_SAMTOOLS : true
22:41:10.096 INFO  ApplyVQSR - HTSJDK Defaults.USE_ASYNC_IO_WRITE_FOR_TRIBBLE : false
22:41:10.096 INFO  ApplyVQSR - Deflater: IntelDeflater
22:41:10.096 INFO  ApplyVQSR - Inflater: IntelInflater
22:41:10.096 INFO  ApplyVQSR - GCS max retries/reopens: 20
22:41:10.096 INFO  ApplyVQSR - Requester pays: disabled
22:41:10.097 INFO  ApplyVQSR - Initializing engine
22:41:10.242 INFO  FeatureManager - Using codec VCFCodec to read file file:///lustre1/user/bjx131_pkuhpc/wes_run_cluster_20260914/2_variant_call/OC_blood.snps.recal
22:41:10.280 INFO  FeatureManager - Using codec VCFCodec to read file file:///lustre1/user/bjx131_pkuhpc/wes_run_cluster_20260914/2_variant_call/OC_blood_variants.vcf
22:41:10.326 INFO  ApplyVQSR - Done initializing engine
22:41:10.330 INFO  ApplyVQSR - Read tranche TruthSensitivityTranche targetTruthSensitivity=90.00 minVQSLod=6.5292 known=(9313 @ 2.7074) novel=(2073 @ 2.4608) truthSites(7388 accessible, 6649 called), name=VQSRTrancheSNP0.00to90.00]
22:41:10.330 INFO  ApplyVQSR - Read tranche TruthSensitivityTranche targetTruthSensitivity=99.00 minVQSLod=4.3997 known=(10761 @ 2.6802) novel=(2275 @ 2.3854) truthSites(7388 accessible, 7314 called), name=VQSRTrancheSNP90.00to99.00]
22:41:10.330 INFO  ApplyVQSR - Read tranche TruthSensitivityTranche targetTruthSensitivity=99.90 minVQSLod=-2.5640 known=(11111 @ 2.6675) novel=(2362 @ 2.3315) truthSites(7388 accessible, 7380 called), name=VQSRTrancheSNP99.00to99.90]
22:41:10.330 INFO  ApplyVQSR - Read tranche TruthSensitivityTranche targetTruthSensitivity=100.00 minVQSLod=-5889.9334 known=(11216 @ 2.6492) novel=(2415 @ 2.3310) truthSites(7388 accessible, 7388 called), name=VQSRTrancheSNP99.90to100.00]
22:41:10.357 INFO  ApplyVQSR - Keeping all variants in tranche TruthSensitivityTranche targetTruthSensitivity=99.90 minVQSLod=-2.5640 known=(11111 @ 2.6675) novel=(2362 @ 2.3315) truthSites(7388 accessible, 7380 called), name=VQSRTrancheSNP99.00to99.90]
22:41:10.390 INFO  ProgressMeter - Starting traversal
22:41:10.391 INFO  ProgressMeter -        Current Locus  Elapsed Minutes    Variants Processed  Variants/Minute
22:41:11.150 INFO  ProgressMeter -        chr9:70319042              0.0                 14782        1173174.6
22:41:11.151 INFO  ProgressMeter - Traversal complete. Processed 14782 total variants in 0.0 minutes.
22:41:11.250 INFO  ApplyVQSR - Shutting down engine
[September 20, 2026 at 10:41:11 PM CST] org.broadinstitute.hellbender.tools.walkers.vqsr.ApplyVQSR done. Elapsed time: 0.02 minutes.
Runtime.totalMemory()=1157627904
Using GATK jar /lustre1/share/miniconda3/envs/wes/share/gatk4-4.6.2.0-1/gatk-package-4.6.2.0-local.jar
Running:
    java -Dsamjdk.use_async_io_read_samtools=false -Dsamjdk.use_async_io_write_samtools=true -Dsamjdk.use_async_io_write_tribble=false -Dsamjdk.compression_level=2 -Xmx20g -XX:ParallelGCThreads=4 -jar /lustre1/share/miniconda3/envs/wes/share/gatk4-4.6.2.0-1/gatk-package-4.6.2.0-local.jar VariantRecalibrator -R /lustre1/share/references/hg38.fa -V /lustre1/user/bjx131_pkuhpc/wes_run_cluster_20260914/2_variant_call/OC_blood_variants.vcf --resource:mills,known=false,training=true,truth=true,prior=12.0 /lustre1/share/references/Mills_and_1000G_gold_standard.indels.hg38.vcf --resource:dbsnp,known=true,training=false,truth=false,prior=2.0 /lustre1/share/references/dbsnp_138.hg38.vcf -an QD -an ReadPosRankSum -an FS -an SOR -mode INDEL --max-gaussians 4 -O /lustre1/user/bjx131_pkuhpc/wes_run_cluster_20260914/2_variant_call/OC_blood.indel.recal --tranches-file /lustre1/user/bjx131_pkuhpc/wes_run_cluster_20260914/2_variant_call/OC_blood.indel.tranches --rscript-file /lustre1/user/bjx131_pkuhpc/wes_run_cluster_20260914/2_variant_call/OC_blood.indel.plots.R --dont-run-rscript
22:41:12.951 INFO  NativeLibraryLoader - Loading libgkl_compression.so from jar:file:/lustre1/share/miniconda3/envs/wes/share/gatk4-4.6.2.0-1/gatk-package-4.6.2.0-local.jar!/com/intel/gkl/native/libgkl_compression.so
22:41:13.098 INFO  VariantRecalibrator - ------------------------------------------------------------
22:41:13.101 INFO  VariantRecalibrator - The Genome Analysis Toolkit (GATK) v4.6.2.0
22:41:13.101 INFO  VariantRecalibrator - For support and documentation go to https://software.broadinstitute.org/gatk/
22:41:13.101 INFO  VariantRecalibrator - Executing as bjx131_pkuhpc@s29b00n60 on Linux v4.18.0-477.10.1.el8_8.x86_64 amd64
22:41:13.101 INFO  VariantRecalibrator - Java runtime: OpenJDK 64-Bit Server VM v17.0.3-internal+0-adhoc..src
22:41:13.101 INFO  VariantRecalibrator - Start Date/Time: September 20, 2026 at 10:41:12 PM CST
22:41:13.101 INFO  VariantRecalibrator - ------------------------------------------------------------
22:41:13.101 INFO  VariantRecalibrator - ------------------------------------------------------------
22:41:13.102 INFO  VariantRecalibrator - HTSJDK Version: 4.2.0
22:41:13.102 INFO  VariantRecalibrator - Picard Version: 3.4.0
22:41:13.102 INFO  VariantRecalibrator - Built for Spark Version: 3.5.0
22:41:13.104 INFO  VariantRecalibrator - HTSJDK Defaults.COMPRESSION_LEVEL : 2
22:41:13.104 INFO  VariantRecalibrator - HTSJDK Defaults.USE_ASYNC_IO_READ_FOR_SAMTOOLS : false
22:41:13.105 INFO  VariantRecalibrator - HTSJDK Defaults.USE_ASYNC_IO_WRITE_FOR_SAMTOOLS : true
22:41:13.105 INFO  VariantRecalibrator - HTSJDK Defaults.USE_ASYNC_IO_WRITE_FOR_TRIBBLE : false
22:41:13.105 INFO  VariantRecalibrator - Deflater: IntelDeflater
22:41:13.105 INFO  VariantRecalibrator - Inflater: IntelInflater
22:41:13.105 INFO  VariantRecalibrator - GCS max retries/reopens: 20
22:41:13.105 INFO  VariantRecalibrator - Requester pays: disabled
22:41:13.105 INFO  VariantRecalibrator - Initializing engine
22:41:13.256 INFO  FeatureManager - Using codec VCFCodec to read file file:///lustre1/share/references/Mills_and_1000G_gold_standard.indels.hg38.vcf
22:41:13.331 INFO  FeatureManager - Using codec VCFCodec to read file file:///lustre1/share/references/dbsnp_138.hg38.vcf
22:41:13.441 INFO  FeatureManager - Using codec VCFCodec to read file file:///lustre1/user/bjx131_pkuhpc/wes_run_cluster_20260914/2_variant_call/OC_blood_variants.vcf
22:41:13.487 INFO  VariantRecalibrator - Done initializing engine
22:41:13.511 INFO  TrainingSet - Found mills track: 	Known = false 	Training = true 	Truth = true 	Prior = Q12.0
22:41:13.512 INFO  TrainingSet - Found dbsnp track: 	Known = true 	Training = false 	Truth = false 	Prior = Q2.0
22:41:13.524 WARN  GATKVariantContextUtils - Can't determine output variant file format from output file extension "recal". Defaulting to VCF.
22:41:13.560 INFO  ProgressMeter - Starting traversal
22:41:13.560 INFO  ProgressMeter -        Current Locus  Elapsed Minutes    Variants Processed  Variants/Minute
22:41:21.357 INFO  ProgressMeter -        chr9:70319042              0.1                 14782         113780.6
22:41:21.357 INFO  ProgressMeter - Traversal complete. Processed 14782 total variants in 0.1 minutes.
22:41:21.358 INFO  VariantDataManager - QD: 	 mean = 28.23	 standard deviation = 5.02
22:41:21.358 INFO  VariantDataManager - ReadPosRankSum: 	 mean = -0.21	 standard deviation = 1.00
22:41:21.359 INFO  VariantDataManager - FS: 	 mean = 0.00	 standard deviation = 0.01
22:41:21.359 INFO  VariantDataManager - SOR: 	 mean = 0.84	 standard deviation = 0.42
22:41:21.365 INFO  VariantDataManager - Annotation order is: [QD, SOR, ReadPosRankSum, FS]
22:41:21.366 INFO  VariantDataManager - Training with 499 variants after standard deviation thresholding.
22:41:21.366 WARN  VariantDataManager - WARNING: Training with very few variant sites! Please check the model reporting PDF to ensure the quality of the model is reliable.
22:41:21.368 INFO  GaussianMixtureModel - Initializing model with 100 k-means iterations...
22:41:21.427 INFO  VariantRecalibratorEngine - Finished iteration 0.
22:41:21.449 INFO  VariantRecalibratorEngine - Finished iteration 5. 	Current change in mixture coefficients = 0.28842
22:41:21.465 INFO  VariantRecalibratorEngine - Finished iteration 10. 	Current change in mixture coefficients = 0.01679
22:41:21.471 INFO  VariantRecalibratorEngine - Convergence after 12 iterations!
22:41:21.474 INFO  VariantRecalibratorEngine - Evaluating full set of 1151 variants...
22:41:21.492 INFO  VariantDataManager - Selected worst 4 scoring variants --> variants with LOD <= -5.0000.
22:41:21.493 INFO  GaussianMixtureModel - Initializing model with 100 k-means iterations...
22:41:21.493 INFO  VariantRecalibratorEngine - Finished iteration 0.
22:41:21.493 INFO  VariantRecalibratorEngine - Convergence after 3 iterations!
22:41:21.494 INFO  VariantRecalibratorEngine - Evaluating full set of 1151 variants...
22:41:21.504 INFO  TrancheManager - Finding 4 tranches for 1151 variants
22:41:21.505 INFO  TrancheManager -   TruthSensitivityTranche threshold 100.00 => selection metric threshold 0.000
22:41:21.508 INFO  TrancheManager -   Found tranche for 100.000: 0.000 threshold starting with variant 0; running score is 0.000 
22:41:21.508 INFO  TrancheManager -   TruthSensitivityTranche is TruthSensitivityTranche targetTruthSensitivity=100.00 minVQSLod=-13.1488 known=(798 @ 0.0000) novel=(353 @ 0.0000) truthSites(499 accessible, 499 called), name=anonymous]
22:41:21.508 INFO  TrancheManager -   TruthSensitivityTranche threshold 99.90 => selection metric threshold 0.001
22:41:21.508 INFO  TrancheManager -   Found tranche for 99.900: 0.001 threshold starting with variant 1; running score is 0.002 
22:41:21.509 INFO  TrancheManager -   TruthSensitivityTranche is TruthSensitivityTranche targetTruthSensitivity=99.90 minVQSLod=-10.1276 known=(797 @ 0.0000) novel=(353 @ 0.0000) truthSites(499 accessible, 498 called), name=anonymous]
22:41:21.509 INFO  TrancheManager -   TruthSensitivityTranche threshold 99.00 => selection metric threshold 0.010
22:41:21.509 INFO  TrancheManager -   Found tranche for 99.000: 0.010 threshold starting with variant 10; running score is 0.010 
22:41:21.509 INFO  TrancheManager -   TruthSensitivityTranche is TruthSensitivityTranche targetTruthSensitivity=99.00 minVQSLod=326646.3606 known=(792 @ 0.0000) novel=(349 @ 0.0000) truthSites(499 accessible, 494 called), name=anonymous]
22:41:21.509 INFO  TrancheManager -   TruthSensitivityTranche threshold 90.00 => selection metric threshold 0.100
22:41:21.510 INFO  TrancheManager -   Found tranche for 90.000: 0.100 threshold starting with variant 217; running score is 0.100 
22:41:21.510 INFO  TrancheManager -   TruthSensitivityTranche is TruthSensitivityTranche targetTruthSensitivity=90.00 minVQSLod=Infinity known=(722 @ 0.0000) novel=(240 @ 0.0000) truthSites(499 accessible, 459 called), name=anonymous]
22:41:21.512 INFO  VariantRecalibrator - Writing out recalibration table...
22:41:21.638 INFO  VariantRecalibrator - Writing out visualization Rscript file...
22:41:21.652 INFO  VariantRecalibrator - Building QD x SOR plot...
22:41:21.654 INFO  VariantRecalibratorEngine - Evaluating full set of 3660 variants...
22:41:21.723 INFO  VariantRecalibratorEngine - Evaluating full set of 3660 variants...
22:41:21.814 INFO  VariantRecalibrator - Building QD x ReadPosRankSum plot...
22:41:21.815 INFO  VariantRecalibratorEngine - Evaluating full set of 3721 variants...
22:41:21.880 INFO  VariantRecalibratorEngine - Evaluating full set of 3721 variants...
22:41:21.959 INFO  VariantRecalibrator - Building QD x FS plot...
22:41:21.961 INFO  VariantRecalibratorEngine - Evaluating full set of 3721 variants...
22:41:22.023 INFO  VariantRecalibratorEngine - Evaluating full set of 3721 variants...
22:41:22.093 INFO  VariantRecalibrator - Building SOR x ReadPosRankSum plot...
22:41:22.094 INFO  VariantRecalibratorEngine - Evaluating full set of 3660 variants...
22:41:22.156 INFO  VariantRecalibratorEngine - Evaluating full set of 3660 variants...
22:41:22.211 INFO  VariantRecalibrator - Building SOR x FS plot...
22:41:22.212 INFO  VariantRecalibratorEngine - Evaluating full set of 3660 variants...
22:41:22.272 INFO  VariantRecalibratorEngine - Evaluating full set of 3660 variants...
22:41:22.327 INFO  VariantRecalibrator - Building ReadPosRankSum x FS plot...
22:41:22.328 INFO  VariantRecalibratorEngine - Evaluating full set of 3721 variants...
22:41:22.392 INFO  VariantRecalibratorEngine - Evaluating full set of 3721 variants...
22:41:22.456 INFO  VariantRecalibrator - Tranches plot will not be generated since we are running in INDEL mode
22:41:22.591 INFO  VariantRecalibrator - Shutting down engine
[September 20, 2026 at 10:41:22 PM CST] org.broadinstitute.hellbender.tools.walkers.vqsr.VariantRecalibrator done. Elapsed time: 0.16 minutes.
Runtime.totalMemory()=1996488704
Using GATK jar /lustre1/share/miniconda3/envs/wes/share/gatk4-4.6.2.0-1/gatk-package-4.6.2.0-local.jar
Running:
    java -Dsamjdk.use_async_io_read_samtools=false -Dsamjdk.use_async_io_write_samtools=true -Dsamjdk.use_async_io_write_tribble=false -Dsamjdk.compression_level=2 -Xmx16g -XX:ParallelGCThreads=4 -jar /lustre1/share/miniconda3/envs/wes/share/gatk4-4.6.2.0-1/gatk-package-4.6.2.0-local.jar ApplyVQSR -R /lustre1/share/references/hg38.fa -V /lustre1/user/bjx131_pkuhpc/wes_run_cluster_20260914/2_variant_call/OC_blood_variants.vcf -O /lustre1/user/bjx131_pkuhpc/wes_run_cluster_20260914/2_variant_call/OC_blood.indel.VQSR.vcf --truth-sensitivity-filter-level 99.0 --tranches-file /lustre1/user/bjx131_pkuhpc/wes_run_cluster_20260914/2_variant_call/OC_blood.indel.tranches --recal-file /lustre1/user/bjx131_pkuhpc/wes_run_cluster_20260914/2_variant_call/OC_blood.indel.recal --mode INDEL
22:41:24.476 INFO  NativeLibraryLoader - Loading libgkl_compression.so from jar:file:/lustre1/share/miniconda3/envs/wes/share/gatk4-4.6.2.0-1/gatk-package-4.6.2.0-local.jar!/com/intel/gkl/native/libgkl_compression.so
22:41:24.626 INFO  ApplyVQSR - ------------------------------------------------------------
22:41:24.628 INFO  ApplyVQSR - The Genome Analysis Toolkit (GATK) v4.6.2.0
22:41:24.629 INFO  ApplyVQSR - For support and documentation go to https://software.broadinstitute.org/gatk/
22:41:24.629 INFO  ApplyVQSR - Executing as bjx131_pkuhpc@s29b00n60 on Linux v4.18.0-477.10.1.el8_8.x86_64 amd64
22:41:24.629 INFO  ApplyVQSR - Java runtime: OpenJDK 64-Bit Server VM v17.0.3-internal+0-adhoc..src
22:41:24.629 INFO  ApplyVQSR - Start Date/Time: September 20, 2026 at 10:41:24 PM CST
22:41:24.629 INFO  ApplyVQSR - ------------------------------------------------------------
22:41:24.629 INFO  ApplyVQSR - ------------------------------------------------------------
22:41:24.630 INFO  ApplyVQSR - HTSJDK Version: 4.2.0
22:41:24.630 INFO  ApplyVQSR - Picard Version: 3.4.0
22:41:24.630 INFO  ApplyVQSR - Built for Spark Version: 3.5.0
22:41:24.632 INFO  ApplyVQSR - HTSJDK Defaults.COMPRESSION_LEVEL : 2
22:41:24.632 INFO  ApplyVQSR - HTSJDK Defaults.USE_ASYNC_IO_READ_FOR_SAMTOOLS : false
22:41:24.632 INFO  ApplyVQSR - HTSJDK Defaults.USE_ASYNC_IO_WRITE_FOR_SAMTOOLS : true
22:41:24.632 INFO  ApplyVQSR - HTSJDK Defaults.USE_ASYNC_IO_WRITE_FOR_TRIBBLE : false
22:41:24.633 INFO  ApplyVQSR - Deflater: IntelDeflater
22:41:24.633 INFO  ApplyVQSR - Inflater: IntelInflater
22:41:24.633 INFO  ApplyVQSR - GCS max retries/reopens: 20
22:41:24.633 INFO  ApplyVQSR - Requester pays: disabled
22:41:24.633 INFO  ApplyVQSR - Initializing engine
22:41:24.791 INFO  FeatureManager - Using codec VCFCodec to read file file:///lustre1/user/bjx131_pkuhpc/wes_run_cluster_20260914/2_variant_call/OC_blood.indel.recal
22:41:24.830 INFO  FeatureManager - Using codec VCFCodec to read file file:///lustre1/user/bjx131_pkuhpc/wes_run_cluster_20260914/2_variant_call/OC_blood_variants.vcf
22:41:24.864 INFO  ApplyVQSR - Done initializing engine
22:41:24.867 INFO  ApplyVQSR - Read tranche TruthSensitivityTranche targetTruthSensitivity=90.00 minVQSLod=Infinity known=(722 @ 0.0000) novel=(240 @ 0.0000) truthSites(499 accessible, 459 called), name=VQSRTrancheINDEL0.00to90.00]
22:41:24.868 INFO  ApplyVQSR - Read tranche TruthSensitivityTranche targetTruthSensitivity=99.00 minVQSLod=326646.3606 known=(792 @ 0.0000) novel=(349 @ 0.0000) truthSites(499 accessible, 494 called), name=VQSRTrancheINDEL90.00to99.00]
22:41:24.868 INFO  ApplyVQSR - Read tranche TruthSensitivityTranche targetTruthSensitivity=99.90 minVQSLod=-10.1276 known=(797 @ 0.0000) novel=(353 @ 0.0000) truthSites(499 accessible, 498 called), name=VQSRTrancheINDEL99.00to99.90]
22:41:24.868 INFO  ApplyVQSR - Read tranche TruthSensitivityTranche targetTruthSensitivity=100.00 minVQSLod=-13.1488 known=(798 @ 0.0000) novel=(353 @ 0.0000) truthSites(499 accessible, 499 called), name=VQSRTrancheINDEL99.90to100.00]
22:41:24.887 INFO  ApplyVQSR - Keeping all variants in tranche TruthSensitivityTranche targetTruthSensitivity=99.00 minVQSLod=326646.3606 known=(792 @ 0.0000) novel=(349 @ 0.0000) truthSites(499 accessible, 494 called), name=VQSRTrancheINDEL90.00to99.00]
22:41:24.918 INFO  ProgressMeter - Starting traversal
22:41:24.918 INFO  ProgressMeter -        Current Locus  Elapsed Minutes    Variants Processed  Variants/Minute
22:41:25.494 INFO  ProgressMeter -        chr9:70319042              0.0                 14782        1547853.4
22:41:25.495 INFO  ProgressMeter - Traversal complete. Processed 14782 total variants in 0.0 minutes.
22:41:25.624 INFO  ApplyVQSR - Shutting down engine
[September 20, 2026 at 10:41:25 PM CST] org.broadinstitute.hellbender.tools.walkers.vqsr.ApplyVQSR done. Elapsed time: 0.02 minutes.
Runtime.totalMemory()=1157627904
Using GATK jar /lustre1/share/miniconda3/envs/wes/share/gatk4-4.6.2.0-1/gatk-package-4.6.2.0-local.jar
Running:
    java -Dsamjdk.use_async_io_read_samtools=false -Dsamjdk.use_async_io_write_samtools=true -Dsamjdk.use_async_io_write_tribble=false -Dsamjdk.compression_level=2 -Xmx12g -XX:ParallelGCThreads=4 -jar /lustre1/share/miniconda3/envs/wes/share/gatk4-4.6.2.0-1/gatk-package-4.6.2.0-local.jar MergeVcfs -O /lustre1/user/bjx131_pkuhpc/wes_run_cluster_20260914/2_variant_call/OC_blood.all.VQSR.vcf -I /lustre1/user/bjx131_pkuhpc/wes_run_cluster_20260914/2_variant_call/OC_blood.indel.VQSR.vcf -I /lustre1/user/bjx131_pkuhpc/wes_run_cluster_20260914/2_variant_call/OC_blood.snps.VQSR.vcf
22:41:27.266 INFO  NativeLibraryLoader - Loading libgkl_compression.so from jar:file:/lustre1/share/miniconda3/envs/wes/share/gatk4-4.6.2.0-1/gatk-package-4.6.2.0-local.jar!/com/intel/gkl/native/libgkl_compression.so
[Sun Sep 20 22:41:27 CST 2026] MergeVcfs --INPUT /lustre1/user/bjx131_pkuhpc/wes_run_cluster_20260914/2_variant_call/OC_blood.indel.VQSR.vcf --INPUT /lustre1/user/bjx131_pkuhpc/wes_run_cluster_20260914/2_variant_call/OC_blood.snps.VQSR.vcf --OUTPUT /lustre1/user/bjx131_pkuhpc/wes_run_cluster_20260914/2_variant_call/OC_blood.all.VQSR.vcf --VERBOSITY INFO --QUIET false --VALIDATION_STRINGENCY STRICT --COMPRESSION_LEVEL 2 --MAX_RECORDS_IN_RAM 500000 --CREATE_INDEX true --CREATE_MD5_FILE false --help false --version false --showHidden false --USE_JDK_DEFLATER false --USE_JDK_INFLATER false
[Sun Sep 20 22:41:27 CST 2026] Executing as bjx131_pkuhpc@s29b00n60 on Linux 4.18.0-477.10.1.el8_8.x86_64 amd64; OpenJDK 64-Bit Server VM 17.0.3-internal+0-adhoc..src; Deflater: Intel; Inflater: Intel; Provider GCS is available; Picard version: Version:4.6.2.0
INFO	2026-09-20 22:41:27	MergeVcfs	Processed        10,000 records.  Elapsed time: 00:00:00s.  Time for last 10,000:    0s.  Last read position: chr15:76,203,891
INFO	2026-09-20 22:41:28	MergeVcfs	Processed        20,000 records.  Elapsed time: 00:00:00s.  Time for last 10,000:    0s.  Last read position: chr22:50,437,806
[Sun Sep 20 22:41:28 CST 2026] picard.vcf.MergeVcfs done. Elapsed time: 0.02 minutes.
Runtime.totalMemory()=1157627904
WARNING: invalid allele record found in VCF4 file (ACGT expected): <A> and <*> in line <chr16	88696535	rs1132579	A	*,T	79.37	.	AC=2,2;AF=0.500,0.500;AN=4;DB;DP=7;ExcessHet=0.0000;FS=0.000;MLEAC=1,2;MLEAF=0.250,0.500;MQ=60.00;QD=15.87;SOR=1.981	GT:AD:DP:GQ:PL	1/1:0,2,0:2:6:61,6,0,61,6,61	2/2:0,0,3:3:9:127,87,84,15,9,0>
WARNING: invalid allele record found in VCF4 file (ACGT expected): <A> and <*> in line <chr16	88696535	rs1132579	A	*,T	79.37	PASS	AC=2,2;AF=0.500,0.500;AN=4;DB;DP=7;ExcessHet=0.0000;FS=0.000;MLEAC=1,2;MLEAF=0.250,0.500;MQ=60.00;QD=15.87;SOR=1.981;VQSLOD=3.84;culprit=SOR	GT:AD:DP:GQ:PL	1/1:0,2,0:2:6:61,6,0,61,6,61	2/2:0,0,3:3:9:127,87,84,15,9,0>
NOTICE: Read 30320 lines and wrote 13104 different variants at 29564 genomic positions (27262 SNPs and 2302 indels)
NOTICE: Among 29564 different variants at 29564 positions, 912 are heterozygotes, 12192 are homozygotes
NOTICE: Among 27262 SNPs, 19664 are transitions, 7598 are transversions (ratio=2.59)
NOTICE: Output files are written to /lustre1/user/bjx131_pkuhpc/wes_run_cluster_20260914/3_annotation/OC_blood.all.avinput.variant_function, /lustre1/user/bjx131_pkuhpc/wes_run_cluster_20260914/3_annotation/OC_blood.all.avinput.exonic_variant_function
NOTICE: Reading gene annotation from /lustre1/share/annovar_new/humandb/hg38_refGeneWithVer.txt ... Done with 88819 transcripts (including 21511 without coding sequence annotation) for 28307 unique genes
NOTICE: Processing next batch with 29562 unique variants in 29562 input lines
NOTICE: Reading FASTA sequences from /lustre1/share/annovar_new/humandb/hg38_refGeneWithVerMrna.fa ... Done with 12202 sequences
WARNING: A total of 606 sequences will be ignored due to lack of correct ORF annotation
NOTICE: Variants with invalid input format are written to /lustre1/user/bjx131_pkuhpc/wes_run_cluster_20260914/3_annotation/OC_blood.all.avinput.invalid_input
NOTICE: the --polish argument is set ON automatically (use --nopolish to change this behavior)
-----------------------------------------------------------------
NOTICE: Processing operation=g protocol=refGeneWithVer

NOTICE: Running with system command <annotate_variation.pl -geneanno -buildver hg38 -dbtype refGeneWithVer -outfile /lustre1/user/bjx131_pkuhpc/wes_run_cluster_20260914/3_annotation/OC_blood_anno.refGeneWithVer -exonsort -nofirstcodondel /lustre1/user/bjx131_pkuhpc/wes_run_cluster_20260914/3_annotation/OC_blood.all.avinput /lustre1/share/annovar_new/humandb>
NOTICE: Output files are written to /lustre1/user/bjx131_pkuhpc/wes_run_cluster_20260914/3_annotation/OC_blood_anno.refGeneWithVer.variant_function, /lustre1/user/bjx131_pkuhpc/wes_run_cluster_20260914/3_annotation/OC_blood_anno.refGeneWithVer.exonic_variant_function
NOTICE: Reading gene annotation from /lustre1/share/annovar_new/humandb/hg38_refGeneWithVer.txt ... Done with 88819 transcripts (including 21511 without coding sequence annotation) for 28307 unique genes
NOTICE: Processing next batch with 29562 unique variants in 29562 input lines
NOTICE: Reading FASTA sequences from /lustre1/share/annovar_new/humandb/hg38_refGeneWithVerMrna.fa ... Done with 12202 sequences
WARNING: A total of 606 sequences will be ignored due to lack of correct ORF annotation
NOTICE: Variants with invalid input format are written to /lustre1/user/bjx131_pkuhpc/wes_run_cluster_20260914/3_annotation/OC_blood_anno.refGeneWithVer.invalid_input

NOTICE: Running with system command <coding_change.pl  /lustre1/user/bjx131_pkuhpc/wes_run_cluster_20260914/3_annotation/OC_blood_anno.refGeneWithVer.exonic_variant_function.orig /lustre1/share/annovar_new/humandb/hg38_refGeneWithVer.txt /lustre1/share/annovar_new/humandb/hg38_refGeneWithVerMrna.fa -alltranscript -out /lustre1/user/bjx131_pkuhpc/wes_run_cluster_20260914/3_annotation/OC_blood_anno.refGeneWithVer.fa -newevf /lustre1/user/bjx131_pkuhpc/wes_run_cluster_20260914/3_annotation/OC_blood_anno.refGeneWithVer.exonic_variant_function>
-----------------------------------------------------------------
NOTICE: Multianno output file is written to /lustre1/user/bjx131_pkuhpc/wes_run_cluster_20260914/3_annotation/OC_blood_anno.hg38_multianno.txt
NOTICE: the --polish argument is set ON automatically (use --nopolish to change this behavior)
Error: the required database file /lustre1/share/annovar_new/humandb/hg38_dbnsfp30a.txt does not exist.
Using GATK jar /lustre1/share/miniconda3/envs/wes/share/gatk4-4.6.2.0-1/gatk-package-4.6.2.0-local.jar
Running:
    java -Dsamjdk.use_async_io_read_samtools=false -Dsamjdk.use_async_io_write_samtools=true -Dsamjdk.use_async_io_write_tribble=false -Dsamjdk.compression_level=2 -Xmx16g -XX:ParallelGCThreads=4 -jar /lustre1/share/miniconda3/envs/wes/share/gatk4-4.6.2.0-1/gatk-package-4.6.2.0-local.jar Mutect2 -R /lustre1/share/references/hg38.fa -I /lustre1/user/bjx131_pkuhpc/wes_run_cluster_20260914/1_alignment/OC/OC_sorted.markdup.BQSR.bam -I /lustre1/user/bjx131_pkuhpc/wes_run_cluster_20260914/1_alignment/PBMC/blood_sorted.markdup.BQSR.bam --normal-sample blood -L /lustre1/share/references/S07604514_AllTracks_V6_60_hg38.bed --germline-resource /lustre1/share/references/1000G_phase1.snps.high_confidence.hg38.vcf -O /lustre1/user/bjx131_pkuhpc/wes_run_cluster_20260914/5_somatic_tmb//somatic.raw.vcf.gz --native-pair-hmm-threads 8 --f1r2-tar-gz /lustre1/user/bjx131_pkuhpc/wes_run_cluster_20260914/5_somatic_tmb//f1r2.tar.gz
22:41:52.555 INFO  NativeLibraryLoader - Loading libgkl_compression.so from jar:file:/lustre1/share/miniconda3/envs/wes/share/gatk4-4.6.2.0-1/gatk-package-4.6.2.0-local.jar!/com/intel/gkl/native/libgkl_compression.so
22:41:52.714 INFO  Mutect2 - ------------------------------------------------------------
22:41:52.716 INFO  Mutect2 - The Genome Analysis Toolkit (GATK) v4.6.2.0
22:41:52.717 INFO  Mutect2 - For support and documentation go to https://software.broadinstitute.org/gatk/
22:41:52.717 INFO  Mutect2 - Executing as bjx131_pkuhpc@s29b00n60 on Linux v4.18.0-477.10.1.el8_8.x86_64 amd64
22:41:52.717 INFO  Mutect2 - Java runtime: OpenJDK 64-Bit Server VM v17.0.3-internal+0-adhoc..src
22:41:52.717 INFO  Mutect2 - Start Date/Time: September 20, 2026 at 10:41:52 PM CST
22:41:52.717 INFO  Mutect2 - ------------------------------------------------------------
22:41:52.717 INFO  Mutect2 - ------------------------------------------------------------
22:41:52.718 INFO  Mutect2 - HTSJDK Version: 4.2.0
22:41:52.718 INFO  Mutect2 - Picard Version: 3.4.0
22:41:52.718 INFO  Mutect2 - Built for Spark Version: 3.5.0
22:41:52.720 INFO  Mutect2 - HTSJDK Defaults.COMPRESSION_LEVEL : 2
22:41:52.720 INFO  Mutect2 - HTSJDK Defaults.USE_ASYNC_IO_READ_FOR_SAMTOOLS : false
22:41:52.720 INFO  Mutect2 - HTSJDK Defaults.USE_ASYNC_IO_WRITE_FOR_SAMTOOLS : true
22:41:52.721 INFO  Mutect2 - HTSJDK Defaults.USE_ASYNC_IO_WRITE_FOR_TRIBBLE : false
22:41:52.721 INFO  Mutect2 - Deflater: IntelDeflater
22:41:52.721 INFO  Mutect2 - Inflater: IntelInflater
22:41:52.721 INFO  Mutect2 - GCS max retries/reopens: 20
22:41:52.721 INFO  Mutect2 - Requester pays: disabled
22:41:52.721 INFO  Mutect2 - Initializing engine
22:41:52.968 INFO  FeatureManager - Using codec VCFCodec to read file file:///lustre1/share/references/1000G_phase1.snps.high_confidence.hg38.vcf
22:41:53.120 INFO  FeatureManager - Using codec BEDCodec to read file file:///lustre1/share/references/S07604514_AllTracks_V6_60_hg38.bed
22:41:53.507 INFO  IntervalArgumentCollection - Processing 60507855 bp from intervals
22:41:53.682 INFO  Mutect2 - Done initializing engine
22:41:53.697 INFO  NativeLibraryLoader - Loading libgkl_utils.so from jar:file:/lustre1/share/miniconda3/envs/wes/share/gatk4-4.6.2.0-1/gatk-package-4.6.2.0-local.jar!/com/intel/gkl/native/libgkl_utils.so
22:41:53.702 INFO  NativeLibraryLoader - Loading libgkl_smithwaterman.so from jar:file:/lustre1/share/miniconda3/envs/wes/share/gatk4-4.6.2.0-1/gatk-package-4.6.2.0-local.jar!/com/intel/gkl/native/libgkl_smithwaterman.so
22:41:53.706 INFO  IntelSmithWaterman - Using CPU-supported AVX-512 instructions
22:41:53.706 INFO  SmithWatermanAligner - Using AVX accelerated SmithWaterman implementation
22:41:53.723 INFO  NativeLibraryLoader - Loading libgkl_pairhmm_omp.so from jar:file:/lustre1/share/miniconda3/envs/wes/share/gatk4-4.6.2.0-1/gatk-package-4.6.2.0-local.jar!/com/intel/gkl/native/libgkl_pairhmm_omp.so
22:41:53.751 INFO  IntelPairHmm - Using CPU-supported AVX-512 instructions
22:41:53.751 INFO  IntelPairHmm - Flush-to-zero (FTZ) is enabled when running PairHMM
22:41:53.752 INFO  IntelPairHmm - Available threads: 8
22:41:53.752 INFO  IntelPairHmm - Requested threads: 8
22:41:53.752 INFO  PairHMM - Using the OpenMP multi-threaded AVX-accelerated native PairHMM implementation
22:41:53.837 INFO  ProgressMeter - Starting traversal
22:41:53.838 INFO  ProgressMeter -        Current Locus  Elapsed Minutes     Regions Processed   Regions/Minute
22:42:03.840 INFO  ProgressMeter -        chr1:24745590              0.2                  5880          35280.0
22:42:13.839 INFO  ProgressMeter -       chr1:155048124              0.3                 21550          64650.0
22:42:23.854 INFO  ProgressMeter -       chr10:29488735              0.5                 36780          73520.8
22:42:33.860 INFO  ProgressMeter -       chr11:22860542              0.7                 52460          78646.7
22:42:43.864 INFO  ProgressMeter -        chr12:6459105              0.8                 68540          82205.3
22:42:53.871 INFO  ProgressMeter -       chr13:42788563              1.0                 87920          87871.7
22:43:03.871 INFO  ProgressMeter -       chr15:43361765              1.2                106270          91045.6
22:43:13.879 INFO  ProgressMeter -       chr16:67651187              1.3                125860          94346.6
22:43:23.890 INFO  ProgressMeter -       chr17:63690404              1.5                144550          96312.1
22:43:33.914 INFO  ProgressMeter -       chr19:12924430              1.7                160490          96221.8
22:43:43.914 INFO  ProgressMeter -        chr2:17510825              1.8                176190          96038.2
22:43:53.922 INFO  ProgressMeter -       chr2:214745693              2.0                195320          97591.7
22:44:03.927 INFO  ProgressMeter -       chr21:36248522              2.2                210030          96870.6
22:44:13.932 INFO  ProgressMeter -        chr3:48629861              2.3                225300          96492.4
22:44:23.932 INFO  ProgressMeter -        chr4:25030504              2.5                241700          96619.5
22:44:33.938 INFO  ProgressMeter -       chr5:131430932              2.7                259910          97405.4
22:44:43.958 INFO  ProgressMeter -       chr6:116705190              2.8                278790          98327.6
22:44:53.974 INFO  ProgressMeter -       chr7:113878342              3.0                294760          98179.7
22:45:04.011 INFO  ProgressMeter -        chr9:33135062              3.2                313400          98878.4
22:45:14.014 INFO  ProgressMeter -       chrX:131078664              3.3                334380         100225.8
22:45:16.675 INFO  Mutect2 - 40307 read(s) filtered by: MappingQualityReadFilter 
0 read(s) filtered by: MappingQualityAvailableReadFilter 
0 read(s) filtered by: MappingQualityNotZeroReadFilter 
0 read(s) filtered by: MappedReadFilter 
9800 read(s) filtered by: NotSecondaryAlignmentReadFilter 
339 read(s) filtered by: NotDuplicateReadFilter 
0 read(s) filtered by: PassesVendorQualityCheckReadFilter 
0 read(s) filtered by: NonChimericOriginalAlignmentReadFilter 
0 read(s) filtered by: NonZeroReferenceLengthAlignmentReadFilter 
0 read(s) filtered by: ReadLengthReadFilter 
0 read(s) filtered by: GoodCigarReadFilter 
0 read(s) filtered by: WellformedReadFilter 
50446 total reads filtered out of 747475 reads processed
22:45:16.676 INFO  ProgressMeter -        chrY:57209489              3.4                337838          99933.3
22:45:16.676 INFO  ProgressMeter - Traversal complete. Processed 337838 total regions in 3.4 minutes.
22:45:16.816 INFO  VectorLoglessPairHMM - Time spent in setup for JNI call : 0.025114269
22:45:16.817 INFO  PairHMM - Total compute time in PairHMM computeLogLikelihoods() : 32.701523319
22:45:16.817 INFO  SmithWatermanAligner - Total compute time in native Smith-Waterman : 3.28 sec
22:45:16.818 INFO  Mutect2 - Shutting down engine
[September 20, 2026 at 10:45:16 PM CST] org.broadinstitute.hellbender.tools.walkers.mutect.Mutect2 done. Elapsed time: 3.41 minutes.
Runtime.totalMemory()=2172649472
Using GATK jar /lustre1/share/miniconda3/envs/wes/share/gatk4-4.6.2.0-1/gatk-package-4.6.2.0-local.jar
Running:
    java -Dsamjdk.use_async_io_read_samtools=false -Dsamjdk.use_async_io_write_samtools=true -Dsamjdk.use_async_io_write_tribble=false -Dsamjdk.compression_level=2 -Xmx8g -XX:ParallelGCThreads=4 -jar /lustre1/share/miniconda3/envs/wes/share/gatk4-4.6.2.0-1/gatk-package-4.6.2.0-local.jar LearnReadOrientationModel -I /lustre1/user/bjx131_pkuhpc/wes_run_cluster_20260914/5_somatic_tmb//f1r2.tar.gz -O /lustre1/user/bjx131_pkuhpc/wes_run_cluster_20260914/5_somatic_tmb//orientation_model.tar.gz
22:45:18.493 INFO  NativeLibraryLoader - Loading libgkl_compression.so from jar:file:/lustre1/share/miniconda3/envs/wes/share/gatk4-4.6.2.0-1/gatk-package-4.6.2.0-local.jar!/com/intel/gkl/native/libgkl_compression.so
22:45:18.661 INFO  LearnReadOrientationModel - ------------------------------------------------------------
22:45:18.664 INFO  LearnReadOrientationModel - The Genome Analysis Toolkit (GATK) v4.6.2.0
22:45:18.664 INFO  LearnReadOrientationModel - For support and documentation go to https://software.broadinstitute.org/gatk/
22:45:18.664 INFO  LearnReadOrientationModel - Executing as bjx131_pkuhpc@s29b00n60 on Linux v4.18.0-477.10.1.el8_8.x86_64 amd64
22:45:18.664 INFO  LearnReadOrientationModel - Java runtime: OpenJDK 64-Bit Server VM v17.0.3-internal+0-adhoc..src
22:45:18.664 INFO  LearnReadOrientationModel - Start Date/Time: September 20, 2026 at 10:45:18 PM CST
22:45:18.664 INFO  LearnReadOrientationModel - ------------------------------------------------------------
22:45:18.664 INFO  LearnReadOrientationModel - ------------------------------------------------------------
22:45:18.665 INFO  LearnReadOrientationModel - HTSJDK Version: 4.2.0
22:45:18.665 INFO  LearnReadOrientationModel - Picard Version: 3.4.0
22:45:18.665 INFO  LearnReadOrientationModel - Built for Spark Version: 3.5.0
22:45:18.667 INFO  LearnReadOrientationModel - HTSJDK Defaults.COMPRESSION_LEVEL : 2
22:45:18.668 INFO  LearnReadOrientationModel - HTSJDK Defaults.USE_ASYNC_IO_READ_FOR_SAMTOOLS : false
22:45:18.668 INFO  LearnReadOrientationModel - HTSJDK Defaults.USE_ASYNC_IO_WRITE_FOR_SAMTOOLS : true
22:45:18.668 INFO  LearnReadOrientationModel - HTSJDK Defaults.USE_ASYNC_IO_WRITE_FOR_TRIBBLE : false
22:45:18.668 INFO  LearnReadOrientationModel - Deflater: IntelDeflater
22:45:18.668 INFO  LearnReadOrientationModel - Inflater: IntelInflater
22:45:18.668 INFO  LearnReadOrientationModel - GCS max retries/reopens: 20
22:45:18.668 INFO  LearnReadOrientationModel - Requester pays: disabled
22:45:18.669 INFO  LearnReadOrientationModel - Initializing engine
22:45:18.669 INFO  LearnReadOrientationModel - Done initializing engine
22:45:18.674 INFO  IOUtils - Extracting data from archive: file:///lustre1/user/bjx131_pkuhpc/wes_run_cluster_20260914/5_somatic_tmb/f1r2.tar.gz
22:45:18.699 INFO  IOUtils - Extracting file: ./OC.alt_table
22:45:18.703 INFO  IOUtils - Extracting file: ./OC.ref_histogram
22:45:18.706 INFO  IOUtils - Extracting file: ./OC.alt_histogram
22:45:19.460 INFO  LearnReadOrientationModel - Context AAC: with 362637 ref and 400 alt examples, EM failed to converge within 20 steps
22:45:19.892 INFO  LearnReadOrientationModel - Context AAG: with 586733 ref and 663 alt examples, EM failed to converge within 20 steps
22:45:20.298 INFO  LearnReadOrientationModel - Context AAT: with 396141 ref and 401 alt examples, EM failed to converge within 20 steps
22:45:20.663 INFO  LearnReadOrientationModel - Context ACA: with 512433 ref and 542 alt examples, EM failed to converge within 20 steps
22:45:21.021 INFO  LearnReadOrientationModel - Context ACC: with 434966 ref and 474 alt examples, EM failed to converge within 20 steps
22:45:21.431 INFO  LearnReadOrientationModel - Context ACG: with 151564 ref and 636 alt examples, EM failed to converge within 20 steps
22:45:21.775 INFO  LearnReadOrientationModel - Context ACT: with 411460 ref and 458 alt examples, EM failed to converge within 20 steps
22:45:22.127 INFO  LearnReadOrientationModel - Context AGA: with 628681 ref and 489 alt examples, EM failed to converge within 20 steps
22:45:22.476 INFO  LearnReadOrientationModel - Context AGC: with 549732 ref and 448 alt examples, EM failed to converge within 20 steps
22:45:22.829 INFO  LearnReadOrientationModel - Context AGG: with 677554 ref and 561 alt examples, EM failed to converge within 20 steps
22:45:23.167 INFO  LearnReadOrientationModel - Context ATA: with 272630 ref and 454 alt examples, EM failed to converge within 20 steps
22:45:23.510 INFO  LearnReadOrientationModel - Context ATC: with 368755 ref and 368 alt examples, EM failed to converge within 20 steps
22:45:23.894 INFO  LearnReadOrientationModel - Context ATG: with 476440 ref and 797 alt examples, EM failed to converge within 20 steps
22:45:24.247 INFO  LearnReadOrientationModel - Context CAA: with 468942 ref and 594 alt examples, EM failed to converge within 20 steps
22:45:24.621 INFO  LearnReadOrientationModel - Context CAC: with 515032 ref and 785 alt examples, EM failed to converge within 20 steps
22:45:25.033 INFO  LearnReadOrientationModel - Context CAG: with 801822 ref and 1223 alt examples, EM failed to converge within 20 steps
22:45:25.377 INFO  LearnReadOrientationModel - Context CCA: with 688474 ref and 489 alt examples, EM converged in 19 steps
22:45:25.740 INFO  LearnReadOrientationModel - Context CCC: with 627308 ref and 502 alt examples, EM failed to converge within 20 steps
22:45:26.135 INFO  LearnReadOrientationModel - Context CCG: with 243763 ref and 710 alt examples, EM failed to converge within 20 steps
22:45:26.489 INFO  LearnReadOrientationModel - Context CGA: with 151254 ref and 340 alt examples, EM failed to converge within 20 steps
22:45:26.860 INFO  LearnReadOrientationModel - Context CGC: with 202580 ref and 583 alt examples, EM failed to converge within 20 steps
22:45:27.212 INFO  LearnReadOrientationModel - Context CTA: with 255516 ref and 390 alt examples, EM failed to converge within 20 steps
22:45:27.577 INFO  LearnReadOrientationModel - Context CTC: with 618007 ref and 655 alt examples, EM failed to converge within 20 steps
22:45:27.906 INFO  LearnReadOrientationModel - Context GAA: with 571244 ref and 515 alt examples, EM converged in 19 steps
22:45:28.267 INFO  LearnReadOrientationModel - Context GAC: with 371871 ref and 406 alt examples, EM failed to converge within 20 steps
22:45:28.620 INFO  LearnReadOrientationModel - Context GCA: with 529762 ref and 427 alt examples, EM failed to converge within 20 steps
22:45:28.983 INFO  LearnReadOrientationModel - Context GCC: with 566671 ref and 510 alt examples, EM failed to converge within 20 steps
22:45:29.337 INFO  LearnReadOrientationModel - Context GGA: with 607353 ref and 415 alt examples, EM failed to converge within 20 steps
22:45:29.676 INFO  LearnReadOrientationModel - Context GTA: with 265556 ref and 371 alt examples, EM failed to converge within 20 steps
22:45:30.008 INFO  LearnReadOrientationModel - Context TAA: with 302708 ref and 368 alt examples, EM failed to converge within 20 steps
22:45:30.355 INFO  LearnReadOrientationModel - Context TCA: with 548630 ref and 375 alt examples, EM failed to converge within 20 steps
22:45:30.691 INFO  LearnReadOrientationModel - Context AAA: with 636188 ref and 532 alt examples, EM converged in 19 steps
22:45:30.755 INFO  LearnReadOrientationModel - Shutting down engine
[September 20, 2026 at 10:45:30 PM CST] org.broadinstitute.hellbender.tools.walkers.readorientation.LearnReadOrientationModel done. Elapsed time: 0.21 minutes.
Runtime.totalMemory()=1136656384
Using GATK jar /lustre1/share/miniconda3/envs/wes/share/gatk4-4.6.2.0-1/gatk-package-4.6.2.0-local.jar
Running:
    java -Dsamjdk.use_async_io_read_samtools=false -Dsamjdk.use_async_io_write_samtools=true -Dsamjdk.use_async_io_write_tribble=false -Dsamjdk.compression_level=2 -Xmx12g -XX:ParallelGCThreads=4 -jar /lustre1/share/miniconda3/envs/wes/share/gatk4-4.6.2.0-1/gatk-package-4.6.2.0-local.jar FilterMutectCalls -R /lustre1/share/references/hg38.fa -V /lustre1/user/bjx131_pkuhpc/wes_run_cluster_20260914/5_somatic_tmb//somatic.raw.vcf.gz --stats /lustre1/user/bjx131_pkuhpc/wes_run_cluster_20260914/5_somatic_tmb//somatic.raw.vcf.gz.stats --ob-priors /lustre1/user/bjx131_pkuhpc/wes_run_cluster_20260914/5_somatic_tmb//orientation_model.tar.gz -O /lustre1/user/bjx131_pkuhpc/wes_run_cluster_20260914/5_somatic_tmb//somatic.filtered.vcf.gz
22:45:32.460 INFO  NativeLibraryLoader - Loading libgkl_compression.so from jar:file:/lustre1/share/miniconda3/envs/wes/share/gatk4-4.6.2.0-1/gatk-package-4.6.2.0-local.jar!/com/intel/gkl/native/libgkl_compression.so
22:45:32.633 INFO  FilterMutectCalls - ------------------------------------------------------------
22:45:32.635 INFO  FilterMutectCalls - The Genome Analysis Toolkit (GATK) v4.6.2.0
22:45:32.635 INFO  FilterMutectCalls - For support and documentation go to https://software.broadinstitute.org/gatk/
22:45:32.635 INFO  FilterMutectCalls - Executing as bjx131_pkuhpc@s29b00n60 on Linux v4.18.0-477.10.1.el8_8.x86_64 amd64
22:45:32.636 INFO  FilterMutectCalls - Java runtime: OpenJDK 64-Bit Server VM v17.0.3-internal+0-adhoc..src
22:45:32.636 INFO  FilterMutectCalls - Start Date/Time: September 20, 2026 at 10:45:32 PM CST
22:45:32.636 INFO  FilterMutectCalls - ------------------------------------------------------------
22:45:32.636 INFO  FilterMutectCalls - ------------------------------------------------------------
22:45:32.637 INFO  FilterMutectCalls - HTSJDK Version: 4.2.0
22:45:32.637 INFO  FilterMutectCalls - Picard Version: 3.4.0
22:45:32.637 INFO  FilterMutectCalls - Built for Spark Version: 3.5.0
22:45:32.639 INFO  FilterMutectCalls - HTSJDK Defaults.COMPRESSION_LEVEL : 2
22:45:32.639 INFO  FilterMutectCalls - HTSJDK Defaults.USE_ASYNC_IO_READ_FOR_SAMTOOLS : false
22:45:32.639 INFO  FilterMutectCalls - HTSJDK Defaults.USE_ASYNC_IO_WRITE_FOR_SAMTOOLS : true
22:45:32.640 INFO  FilterMutectCalls - HTSJDK Defaults.USE_ASYNC_IO_WRITE_FOR_TRIBBLE : false
22:45:32.640 INFO  FilterMutectCalls - Deflater: IntelDeflater
22:45:32.640 INFO  FilterMutectCalls - Inflater: IntelInflater
22:45:32.640 INFO  FilterMutectCalls - GCS max retries/reopens: 20
22:45:32.640 INFO  FilterMutectCalls - Requester pays: disabled
22:45:32.640 INFO  FilterMutectCalls - Initializing engine
22:45:32.793 INFO  FeatureManager - Using codec VCFCodec to read file file:///lustre1/user/bjx131_pkuhpc/wes_run_cluster_20260914/5_somatic_tmb/somatic.raw.vcf.gz
22:45:32.840 INFO  FilterMutectCalls - Done initializing engine
22:45:32.897 INFO  IOUtils - Extracting data from archive: file:///lustre1/user/bjx131_pkuhpc/wes_run_cluster_20260914/5_somatic_tmb/orientation_model.tar.gz
22:45:32.907 INFO  IOUtils - Extracting file: ./OC.orientation_priors
22:45:32.935 INFO  ProgressMeter - Starting traversal
22:45:32.935 INFO  ProgressMeter -        Current Locus  Elapsed Minutes    Variants Processed  Variants/Minute
22:45:32.936 INFO  FilterMutectCalls - Starting pass 0 through the variants
22:45:32.938 INFO  FilterMutectCalls - Finished pass 0 through the variants
22:45:32.964 INFO  FilterMutectCalls - Starting pass 1 through the variants
22:45:32.965 INFO  FilterMutectCalls - Finished pass 1 through the variants
22:45:32.966 INFO  FilterMutectCalls - Starting pass 2 through the variants
22:45:32.966 INFO  FilterMutectCalls - Finished pass 2 through the variants
22:45:32.967 INFO  FilterMutectCalls - Starting pass 3 through the variants
22:45:32.967 INFO  FilterMutectCalls - Finished pass 3 through the variants
22:45:32.975 INFO  FilterMutectCalls - No variants filtered by: AllowAllVariantsVariantFilter
22:45:32.976 INFO  FilterMutectCalls - 0 read(s) filtered by: AllowAllReadsReadFilter 

22:45:32.977 INFO  ProgressMeter -             unmapped              0.0                     0              0.0
22:45:32.977 INFO  ProgressMeter - Traversal complete. Processed 0 total variants in 0.0 minutes.
22:45:32.982 INFO  FilterMutectCalls - Shutting down engine
[September 20, 2026 at 10:45:32 PM CST] org.broadinstitute.hellbender.tools.walkers.mutect.filtering.FilterMutectCalls done. Elapsed time: 0.01 minutes.
Runtime.totalMemory()=167772160
CNVkit 0.9.11
Detected file format: bed
Splitting large targets
Created directory /lustre1/user/bjx131_pkuhpc/wes_run_cluster_20260914/4_cnv/cnvkit_out
Wrote /lustre1/user/bjx131_pkuhpc/wes_run_cluster_20260914/4_cnv/cnvkit_out/targets.target.bed with 280504 regions
Wrote /lustre1/user/bjx131_pkuhpc/wes_run_cluster_20260914/4_cnv/cnvkit_out/targets.antitarget.bed with 0 regions
Building a copy number reference from normal samples...
Processing reads in blood_sorted.markdup.BQSR.bam
Skip processing blood_sorted.markdup.BQSR.bam with empty regions file /lustre1/user/bjx131_pkuhpc/wes_run_cluster_20260914/4_cnv/cnvkit_out/targets.antitarget.bed
Wrote /lustre1/user/bjx131_pkuhpc/wes_run_cluster_20260914/4_cnv/cnvkit_out/blood_sorted.markdup.BQSR.antitargetcoverage.cnn with 0 regions
Time: 10.329 seconds (30867 reads/sec, 27157 bins/sec)
Summary: #bins=280504, #reads=318830, mean=1.1366, min=0.0, max=18.773333333333333
Percent reads in regions: 61.650 (of 517161 mapped)
Wrote /lustre1/user/bjx131_pkuhpc/wes_run_cluster_20260914/4_cnv/cnvkit_out/blood_sorted.markdup.BQSR.targetcoverage.cnn with 280504 regions
Sample sex not provided; inferring from samples. 
Relative log2 coverage of chrX=0.938, chrY=-10.1 (maleness=0.197 x 0.953 = 0.188) --> assuming female
Loading /lustre1/user/bjx131_pkuhpc/wes_run_cluster_20260914/4_cnv/cnvkit_out/blood_sorted.markdup.BQSR.targetcoverage.cnn
Calculating GC and RepeatMasker content in /lustre1/share/references/hg38.fa ...
Extracting sequences from chromosome chr1
Extracting sequences from chromosome chr2
Extracting sequences from chromosome chr3
Extracting sequences from chromosome chr4
Extracting sequences from chromosome chr5
Extracting sequences from chromosome chr6
Extracting sequences from chromosome chr7
Extracting sequences from chromosome chr8
Extracting sequences from chromosome chr9
Extracting sequences from chromosome chr10
Extracting sequences from chromosome chr11
Extracting sequences from chromosome chr12
Extracting sequences from chromosome chr13
Extracting sequences from chromosome chr14
Extracting sequences from chromosome chr15
Extracting sequences from chromosome chr16
Extracting sequences from chromosome chr17
Extracting sequences from chromosome chr18
Extracting sequences from chromosome chr19
Extracting sequences from chromosome chr20
Extracting sequences from chromosome chr21
Extracting sequences from chromosome chr22
Extracting sequences from chromosome chrX
Extracting sequences from chromosome chrY
Correcting for GC bias for blood_sorted.markdup.BQSR...
Loading /lustre1/user/bjx131_pkuhpc/wes_run_cluster_20260914/4_cnv/cnvkit_out/blood_sorted.markdup.BQSR.antitargetcoverage.cnn
Calculating average bin coverages
Calculating bin spreads
Targets: 198971 (70.93%) bins failed filters (log2 < -5.0, log2 > 5.0, spread > 1.0)
Wrote /lustre1/user/bjx131_pkuhpc/wes_run_cluster_20260914/4_cnv/reference.cnn with 280504 regions
Running 1 samples in 8 processes (that's 8 processes per bam)
Running the CNVkit pipeline on /lustre1/user/bjx131_pkuhpc/wes_run_cluster_20260914/1_alignment/OC/OC_sorted.markdup.BQSR.bam ...
Processing reads in OC_sorted.markdup.BQSR.bam
Time: 5.354 seconds (36322 reads/sec, 52393 bins/sec)
Summary: #bins=280504, #reads=194459, mean=0.6933, min=0.0, max=11.446666666666667
Percent reads in regions: 48.888 (of 397764 mapped)
Wrote /lustre1/user/bjx131_pkuhpc/wes_run_cluster_20260914/4_cnv/cnvkit_out/OC_sorted.markdup.BQSR.targetcoverage.cnn with 280504 regions
Skip processing OC_sorted.markdup.BQSR.bam with empty regions file /lustre1/user/bjx131_pkuhpc/wes_run_cluster_20260914/4_cnv/cnvkit_out/targets.antitarget.bed
Wrote /lustre1/user/bjx131_pkuhpc/wes_run_cluster_20260914/4_cnv/cnvkit_out/OC_sorted.markdup.BQSR.antitargetcoverage.cnn with 0 regions
Processing target: OC_sorted.markdup.BQSR
Keeping 81533 of 280504 bins
Correcting for GC bias...
Processing antitarget: OC_sorted.markdup.BQSR
Wrote /lustre1/user/bjx131_pkuhpc/wes_run_cluster_20260914/4_cnv/cnvkit_out/OC_sorted.markdup.BQSR.cnr with 81533 regions
Segmenting /lustre1/user/bjx131_pkuhpc/wes_run_cluster_20260914/4_cnv/cnvkit_out/OC_sorted.markdup.BQSR.cnr ...
Segmenting with method 'cbs', significance threshold 0.0001, in 8 processes
Smoothing overshot at 2 / 798 indices: (-22.43651530612653, 8.535176497003755) vs. original (-21.997263897604185, 19.285292118392597)
Smoothing overshot at 1 / 1575 indices: (-20.445552871411106, 20.08198645805916) vs. original (-21.79977095186937, 19.429229709587332)
Smoothing overshot at 1 / 1705 indices: (-21.460432902355457, 21.472949733802746) vs. original (-22.014353336535486, 19.77990343784964)
Smoothing overshot at 1 / 4025 indices: (-22.213282485281766, 16.02211403483102) vs. original (-22.03861216199737, 19.158379086811713)
Smoothing overshot at 3 / 4551 indices: (-22.41801494842846, 17.601581969188274) vs. original (-21.978701975308972, 19.271874430437038)
Smoothing overshot at 1 / 612 indices: (-22.03560807609104, 13.755854177871818) vs. original (-21.97286048933016, 18.847456080578418)
Smoothing overshot at 1 / 2697 indices: (-22.009753563549204, 18.377554660614177) vs. original (-21.961448835069305, 19.59451760311697)
Smoothing overshot at 2 / 1920 indices: (-22.352821806430264, 16.959155425965978) vs. original (-22.043238975308967, 19.61341028438175)
Smoothing overshot at 1 / 2627 indices: (-22.58535890792605, 17.04849053243033) vs. original (-21.961464315764857, 19.422009595590843)
Smoothing overshot at 3 / 2772 indices: (-22.336114567826403, 11.215743548890423) vs. original (-22.06552867306867, 19.171196265956375)
Smoothing overshot at 2 / 1791 indices: (-22.320995852554482, 13.466205365437993) vs. original (-21.979447086619643, 19.05092046847664)
Smoothing overshot at 2 / 3355 indices: (-22.462281148301194, 18.38587546781699) vs. original (-21.984097005109575, 19.659323639401613)
Smoothing overshot at 1 / 2470 indices: (-22.130271345816528, 12.751000683212949) vs. original (-22.079594315764858, 19.134361407940567)
Smoothing overshot at 2 / 2004 indices: (-22.4454258043407, 15.816451423596725) vs. original (-22.014570720551887, 18.749953944575104)
Smoothing overshot at 3 / 3831 indices: (-22.521011782797725, 16.016366530574402) vs. original (-22.08292989760418, 19.09718050086213)
Smoothing overshot at 1 / 1732 indices: (-22.569910136305385, 17.299868947950884) vs. original (-22.0584574732547, 19.101166670632068)
Smoothing overshot at 1 / 817 indices: (-23.742234566483503, 15.823944246847304) vs. original (-21.872051720551887, 19.729501022525334)
Smoothing overshot at 6 / 1288 indices: (-26.553808218089394, 15.086669307672675) vs. original (-21.89445996985763, 18.78848043028721)
Smoothing overshot at 2 / 1173 indices: (-24.676828993273894, 6.674377192369442) vs. original (-21.899010846623952, 18.41040930431309)
Post-processing /lustre1/user/bjx131_pkuhpc/wes_run_cluster_20260914/4_cnv/cnvkit_out/OC_sorted.markdup.BQSR.cns ...
Wrote /lustre1/user/bjx131_pkuhpc/wes_run_cluster_20260914/4_cnv/cnvkit_out/OC_sorted.markdup.BQSR.cns with 92 regions
Applying filter 'ci'
Filtered by 'ci' from 92 to 48 rows
Calling copy number with thresholds: -1.1 => 0, -0.25 => 1, 0.2 => 2, 0.7 => 3
Wrote /lustre1/user/bjx131_pkuhpc/wes_run_cluster_20260914/4_cnv/cnvkit_out/OC_sorted.markdup.BQSR.call.cns with 48 regions
Significant hits in 73432/81533 bins (90.1%)
Wrote /lustre1/user/bjx131_pkuhpc/wes_run_cluster_20260914/4_cnv/cnvkit_out/OC_sorted.markdup.BQSR.bintest.cns with 73432 regions
Wrote /lustre1/user/bjx131_pkuhpc/wes_run_cluster_20260914/4_cnv/cnvkit_out/OC_sorted.markdup.BQSR-scatter.png
Relative log2 coverage of chrX=1.15, chrY=-7.98 (maleness=0.0157 x 0.664 = 0.0104) --> assuming female
Wrote /lustre1/user/bjx131_pkuhpc/wes_run_cluster_20260914/4_cnv/cnvkit_out/OC_sorted.markdup.BQSR-diagram.pdf
